ID,姓名,颜色,领域
1,夏侯渊,紫武,三国魏国
2,典韦,紫武,三国魏国
3,曹操,紫色,三国魏国
4,郭嘉,紫文,三国魏国
5,徐晃,紫武,三国魏国
6,张合,紫色,三国魏国
7,司马懿,紫文,三国魏国
8,曹仁,蓝武,三国魏国
9,于禁,蓝武,三国魏国
10,司马望,绿武,三国魏国
11,许褚,紫武,三国魏国
12,王粲,绿文,三国魏国
13,曹丕,蓝武,三国魏国
14,荀攸,紫文,三国魏国
15,荀彧,紫文,三国魏国
16,司马昭,蓝武,三国魏国
17,陈琳,绿文,三国魏国
18,邓艾,蓝文,三国魏国
19,杜预,绿文,三国魏国
20,张辽,紫武,三国魏国
21,贾诩,蓝文,三国魏国
22,李典,蓝武,三国魏国
23,庞德,紫文,三国魏国
24,卞氏,绿文,三国魏国
25,娄圭,绿文,三国魏国
26,乐进,蓝武,三国魏国
27,司马师,蓝武,三国魏国
28,祢衡,绿文,三国魏国
29,曹洪,蓝武,三国魏国
30,程昱,蓝文,三国魏国
31,曹睿,绿色,三国魏国
32,郝昭,蓝武,三国魏国
33,蔡瑁,绿武,三国魏国
34,杨秋,绿武,三国魏国
35,侯选,绿武,三国魏国
36,马铁,蓝色,三国魏国
37,马腾,蓝武,三国魏国
38,周浚,绿文,三国魏国
39,王浚,蓝色,三国魏国
40,郑冲,绿文,三国魏国
41,司马孚,绿色,三国魏国
42,曹冲,绿文,三国魏国
43,陈群,蓝色,三国魏国
44,钟会,紫文,三国魏国
45,王双,蓝武,三国魏国
46,戏志才,绿文,三国魏国
47,华歆,蓝色,三国魏国
48,夏侯威,绿色,三国魏国
49,庞会,绿武,三国魏国
50,曹真,绿色,三国魏国
51,王基,绿武,三国魏国
52,满宠,绿文,三国魏国
53,夏侯称,蓝武,三国魏国
54,国渊,绿文,三国魏国
55,曹纯,绿武,三国魏国
56,傅嘏,绿文,三国魏国
57,向秀,绿文,三国魏国
58,张华博,绿文,三国魏国
59,曹植,蓝文,三国魏国
60,曹彰,蓝文,三国魏国
61,阮籍,绿文,三国魏国
62,牛金,绿武,三国魏国
63,崔琰,绿色,三国魏国
64,文钦,绿色,三国魏国
65,文聘,蓝武,三国魏国
66,陈宫,蓝文,三国魏国
67,陈登,绿色,三国魏国
68,张鲁,蓝武,三国魏国
69,高览,蓝武,三国魏国
70,蔡琰,蓝文,三国魏国
71,孙礼,绿武,三国魏国
72,司马炎,蓝武,三国魏国
73,张虎,绿武,三国魏国
74,吕常,绿色,三国魏国
75,钟毓,绿文,三国魏国
76,张燕,绿色,三国魏国
77,王昶,绿武,三国魏国
78,曹奂,绿武,三国魏国
79,徐邈,绿武,三国魏国
80,韩嵩,绿文,三国魏国
81,弓遵,绿文,三国魏国
82,刘茂,绿文,三国魏国
83,呼厨泉,绿文,三国魏国
84,吴质,绿文,三国魏国
85,张既,绿色,三国魏国
86,马休,绿色,三国魏国
87,程银,绿色,三国魏国
88,阎行,绿文,三国魏国
89,山涛,绿色,三国魏国
90,刘伶,绿文,三国魏国
91,阮咸,绿文,三国魏国
92,许攸,绿色,三国魏国
93,郭淮,绿色,三国魏国
94,刘琮,绿文,三国魏国
95,夏侯兰,绿色,三国魏国
96,阮瑀,绿色,三国魏国
97,诸葛诞,绿色,三国魏国
98,李孚,绿色,三国魏国
99,李辅,绿色,三国魏国
100,王植,绿文,三国魏国
101,张绣,绿色,三国魏国
102,司马伷,绿文,三国魏国
103,诸葛绪,绿色,三国魏国
104,夏侯恩,绿色,三国魏国
105,毛玠,绿文,三国魏国
106,李通,绿色,三国魏国
107,万政,绿武,三国魏国
108,黄权,绿文,三国魏国
109,枣祗,绿色,三国魏国
110,夏侯衡,绿武,三国魏国
111,冯紞,绿文,三国魏国
112,钟绅,绿武,三国魏国
113,钟缙,绿武,三国魏国
114,秦琪,绿武,三国魏国
115,吕虔,绿色,三国魏国
116,夏侯楙,绿色,三国魏国
117,曹遵,绿武,三国魏国
118,夏侯和,绿文,三国魏国
119,曹训,绿武,三国魏国
120,夏侯惠,绿色,三国魏国
121,曹彦,绿武,三国魏国
122,秦朗,绿文,三国魏国
123,曹髦,绿色,三国魏国
124,曹安民,绿色,三国魏国
125,秦明,蓝武,三国魏国
126,夏侯献,绿武,三国魏国
127,孙资,绿文,三国魏国
128,夏侯玄,绿色,三国魏国
129,刘靖,绿文,三国魏国
130,曹肇,绿文,三国魏国
131,曹羲,绿色,三国魏国
132,曹芳,绿武,三国魏国
133,夏侯尚,绿武,三国魏国
134,曹熊,绿武,三国魏国
135,曹休,绿武,三国魏国
136,程武,绿武,三国魏国
137,乐綝,绿色,三国魏国
138,刘馥,绿色,三国魏国
139,韩遂,蓝武,三国魏国
140,贾逵,绿色,三国魏国
141,史涣,绿色,三国魏国
142,牵弘,绿武,三国魏国
143,典满,绿色,三国魏国
144,司马朗,绿武,三国魏国
145,陈矫,绿文,三国魏国
146,陈骞,绿武,三国魏国
147,孟建,绿文,三国魏国
148,何仪,绿色,三国魏国
149,夏侯德,绿色,三国魏国
150,张特,绿武,三国魏国
151,夏侯荣,绿文,三国魏国
152,张缉,绿文,三国魏国
153,韦康,绿色,三国魏国
154,毕轨,绿文,三国魏国
155,郭奕,绿色,三国魏国
156,曹宇,绿武,三国魏国
157,夏侯儒,绿武,三国魏国
158,夏侯杰,绿武,三国魏国
159,朱光,绿文,三国魏国
160,曹爽,绿色,三国魏国
161,蒋济,绿色,三国魏国
162,陈泰,绿文,三国魏国
163,夏侯咸,绿色,三国魏国
164,王忠,绿色,三国魏国
165,鲍隆,绿色,三国魏国
166,钟繇,绿色,三国魏国
167,诸葛靓,绿色,三国魏国
168,傅巽,绿色,三国魏国
169,刘放,绿文,三国魏国
170,张允,绿武,三国魏国
171,曹昂,绿武,三国魏国
172,公孙康,绿武,三国魏国
173,全祎,绿色,三国魏国
174,全端,绿武,三国魏国
175,夏侯涓,绿色,三国魏国
176,田畴,绿文,三国魏国
177,王戎,绿色,三国魏国
178,朱灵,绿色,三国魏国
179,高干,绿色,三国魏国
180,蔡中,绿色,三国魏国
181,蒯越,绿色,三国魏国
182,蔡和,绿色,三国魏国
183,刘豹,绿武,三国魏国
184,张邈,蓝武,三国魏国
185,宋宪,绿色,三国魏国
186,田豫,绿文,三国魏国
187,臧霸,蓝武!,三国魏国
188,董昭,绿文,三国魏国
189,公孙恭,绿色,三国魏国
190,卞喜,绿武,三国魏国
191,卑衍,绿色,三国魏国
192,成何,绿武,三国魏国
193,曹嵩,绿色,三国魏国
194,蔡阳,绿色,三国魏国
195,车胄,绿武,三国魏国
196,胡班,绿色,三国魏国
197,蒋干,绿色,三国魏国
198,甄洛,未知,三国魏国
199,甄宓,未知,三国魏国
200,甄妃,未知,三国魏国
201,魏武宣卞皇后,绿文,三国魏国
202,文昭甄皇后,绿文,三国魏国
203,文德郭皇后,绿文,三国魏国
204,明悼毛皇后,绿文,三国魏国
205,明元郭皇后,绿文,三国魏国
206,金乡公主,绿文,三国魏国
207,东乡公主,绿文,三国魏国
208,平原懿公主,绿文,三国魏国
209,齐长公主,绿文,三国魏国
210,张郃,紫武,三国魏国
211,王图,未知,三国魏国
212,司马邕,未知,三国魏国
213,司马辅,未知,三国魏国
214,司马翼,未知,三国魏国
215,司马晃,未知,三国魏国
216,司马珪,未知,三国魏国
217,司马衡,未知,三国魏国
218,司马旭,未知,三国魏国
219,司马进,未知,三国魏国
220,司马通,未知,三国魏国
221,司马敏,未知,三国魏国
222,来莺儿,未知,三国魏国
223,秦明（三国）,绿色,三国魏国
224,赵云,橙色,三国蜀国
225,刘备,紫色,三国蜀国
226,诸葛亮,紫色,三国蜀国
227,关羽,紫色,三国蜀国
228,魏延,紫武,三国蜀国
229,张飞,紫色,三国蜀国
230,马超,紫武,三国蜀国
231,黄忠,紫色,三国蜀国
232,庞统,紫文,三国蜀国
233,李严,绿武,三国蜀国
234,董允,绿文,三国蜀国
235,法正,蓝武,三国蜀国
236,刘巴,绿文,三国蜀国
237,姜维,紫武,三国蜀国
238,孙尚香,绿武,三国蜀国
239,廖化,蓝武,三国蜀国
240,孟获,蓝武,三国蜀国
241,周仓,蓝武,三国蜀国
242,祝融夫人,蓝色,三国蜀国
243,关平,蓝武,三国蜀国
244,夏侯霸,蓝色,三国蜀国
245,关凤,蓝色,三国蜀国
246,马岱,蓝色,三国蜀国
247,马谡,绿武,三国蜀国
248,关兴,蓝武,三国蜀国
249,黄月英,蓝文,三国蜀国
250,诸葛瞻,蓝武,三国蜀国
251,马忠,蓝色,三国蜀国
252,邓芝,绿武,三国蜀国
253,陈式,绿武,三国蜀国
254,关统,蓝色,三国蜀国
255,赵统,绿武,三国蜀国
256,糜竺,蓝色,三国蜀国
257,伊籍,蓝文,三国蜀国
258,刘封,绿武,三国蜀国
259,陈珪,绿文,三国蜀国
260,甘夫人,绿文,三国蜀国
261,蒋琬,蓝文,三国蜀国
262,马良,蓝文,三国蜀国
263,王平,蓝武,三国蜀国
264,徐庶,紫武,三国蜀国
265,陈到,绿色,三国蜀国
266,糜芳,绿武,三国蜀国
267,吕乂,绿色,三国蜀国
268,冯习,绿武,三国蜀国
269,谯周,绿色,三国蜀国
270,黄崇,绿色,三国蜀国
271,李球,绿武,三国蜀国
272,张嶷,绿武,三国蜀国
273,糜夫人,绿色,三国蜀国
274,吴班,绿色,三国蜀国
275,向宠,蓝武,三国蜀国
276,关索,蓝武,三国蜀国
277,赵广,绿色,三国蜀国
278,刘永,绿色,三国蜀国
279,傅佥,绿色,三国蜀国
280,梁虔,绿文,三国蜀国
281,蒋斌,绿色,三国蜀国
282,王含,绿武,三国蜀国
283,伯苗,绿色,三国蜀国
284,张苞,蓝武,三国蜀国
285,吕凯,绿文,三国蜀国
286,刘谌,绿武,三国蜀国
287,尹默,绿文,三国蜀国
288,杨颙,绿文,三国蜀国
289,李譔,绿文,三国蜀国
290,陈震,绿文,三国蜀国
291,刘理,绿武,三国蜀国
292,庞柔,绿武,三国蜀国
293,宗预,绿色,三国蜀国
294,张遵,绿色,三国蜀国
295,关彝,绿武,三国蜀国
296,诸葛尚,绿武,三国蜀国
297,诸葛均,蓝文,三国蜀国
298,刘琰,绿色,三国蜀国
299,李恢,绿色,三国蜀国
300,诸葛乔,绿武,三国蜀国
301,士仁,绿色,三国蜀国
302,杜微,绿文,三国蜀国
303,卓膺,绿武,三国蜀国
304,严颜,蓝武,三国蜀国
305,吴懿,绿色,三国蜀国
306,孟光,绿文,三国蜀国
307,许靖,绿色,三国蜀国
308,董和,绿文,三国蜀国
309,霍峻,绿色,三国蜀国
310,孙乾,绿文,三国蜀国
311,费祎,蓝文,三国蜀国
312,罗宪,绿文,三国蜀国
313,杨仪,绿武,三国蜀国
314,来敏,绿文,三国蜀国
315,傅士仁,绿色,三国蜀国
316,高翔,绿色,三国蜀国
317,龚都,绿武,三国蜀国
318,黄皓,绿色,三国蜀国
319,刘禅,绿武,三国蜀国
320,蜀先主甘皇后,绿文,三国蜀国
321,先主吴皇后,绿文,三国蜀国
322,后主张皇后,绿文,三国蜀国
323,孙干,绿色,三国蜀国
324,刘義叟,蓝色,三国蜀国
325,孙权,蓝武,三国吴国
326,周瑜,紫色,三国吴国
327,孙策,紫武,三国吴国
328,甘宁,紫武,三国吴国
329,孙坚,紫武,三国吴国
330,太史慈,紫武,三国吴国
331,吕蒙,蓝武,三国吴国
332,陆逊,紫武,三国吴国
333,张昭,蓝文,三国吴国
334,鲁肃,蓝文,三国吴国
335,黄盖,蓝武,三国吴国
336,凌统,蓝武,三国吴国
337,诸葛恪,绿文,三国吴国
338,文鸯,绿武,三国吴国
339,吴国太,绿文,三国吴国
340,潘璋,蓝武,三国吴国
341,陆抗,绿武,三国吴国
342,刘敦,未知,三国吴国
343,顾雍,绿文,三国吴国
344,丁奉,蓝武,三国吴国
345,徐盛,蓝武,三国吴国
346,张纮,蓝色,三国吴国
347,小乔,蓝武,三国吴国
348,大乔,蓝武,三国吴国
349,钟离斐,绿文,三国吴国
350,士(黄有),绿色,三国吴国
351,士徽,绿色,三国吴国
352,士壹,绿文,三国吴国
353,步玑,绿武,三国吴国
354,步璇,绿色,三国吴国
355,张象,绿色,三国吴国
356,胡综,绿色,三国吴国
357,左奕,绿色,三国吴国
358,太史亨,绿色,三国吴国
359,步协,绿武,三国吴国
360,贺齐,绿色,三国吴国
361,凌操,绿色,三国吴国
362,张悌,绿色,三国吴国
363,士燮,绿色,三国吴国
364,董袭,绿武,三国吴国
365,吴主王皇后,绿文,三国吴国
366,孙亮全皇后,绿文,三国吴国
367,孙休朱皇后,绿文,三国吴国
368,孙皓滕皇后,绿文,三国吴国
369,全公主,绿文,三国吴国
370,朱公主,绿文,三国吴国
371,丁仪,未知,三国
372,丁原,未知,三国
373,丁谧,未知,三国
374,丁廙,未知,三国
375,士孙瑞,未知,三国
376,卫瓘,未知,三国
377,马磾,未知,三国
378,王匡,未知,三国
379,王观,未知,三国
380,王甫,未知,三国
381,王连,未知,三国
382,王肃,未知,三国
383,王修,未知,三国
384,王浑,未知,三国
385,王路,未知,三国
386,王颀,未知,三国
387,王朗,未知,三国
388,王谋,未知,三国
389,王睿,未知,三国
390,公孙度,未知,三国
391,尹奉,未知,三国
392,邓止飏,未知,三国
393,孔伷,未知,三国
394,孔昱,未知,三国
395,孔融,未知,三国
396,母丘甸,未知,三国
397,母丘俭,未知,三国
398,申耽,未知,三国
399,田丰,未知,三国
400,司马防,未知,三国
401,司马儁,未知,三国
402,司马徽,未知,三国
403,边让,未知,三国
404,吉穆,未知,三国
405,吉邈,未知,三国
406,吕范,未知,三国
407,吕岱,未知,三国
408,吕据,未知,三国
409,朱隽,未知,三国
410,朱然,未知,三国
411,伍孚,未知,三国
412,伍琼,未知,三国
413,任峻,未知,三国
414,华陀,未知,三国
415,华核,未知,三国
416,向朗,未知,三国
417,全琮,未知,三国
418,刘协,未知,三国
419,刘先,未知,三国
420,刘邠,未知,三国
421,刘劭,未知,三国
422,刘表,未知,三国
423,刘岱,未知,三国
424,刘宠,未知,三国
425,刘勋,未知,三国
426,刘晔,未知,三国
427,刘陶,未知,三国
428,刘焉,未知,三国
429,刘虞,未知,三国
430,刘廙,未知,三国
431,刘璋,未知,三国
432,刘繇,未知,三国
433,刘瑢,未知,三国
434,许允,未知,三国
435,许劭,未知,三国
436,许慈,未知,三国
437,孙匡,未知,三国
438,孙休,未知,三国
439,孙观,未知,三国
440,孙和,未知,三国
441,孙河,未知,三国
442,孙桓,未知,三国
443,孙峻,未知,三国
444,孙皎,未知,三国
445,孙翊,未知,三国
446,孙綝,未知,三国
447,孙登,未知,三国
448,孙瑜,未知,三国
449,刘静,未知,三国
450,孙韶,未知,三国
451,邯郸淳,未知,三国
452,严畯,未知,三国
453,社预,未知,三国
454,社袭,未知,三国
455,杜琼,未知,三国
456,唐阜,未知,三国
457,杨修,未知,三国
458,杨洪,未知,三国
459,杨彪,未知,三国
460,杨暨,未知,三国
461,李胜,未知,三国
462,孝通,未知,三国
463,李福,未知,三国
464,李撰,未知,三国
465,吾粲,未知,三国
466,邴原,未知,三国
467,步骘,未知,三国
468,岑晊,未知,三国
469,何进,未知,三国
470,何宗,未知,三国
471,何晏,未知,三国
472,何曾,未知,三国
473,何颙,未知,三国
474,应劭,未知,三国
475,辛毗,未知,三国
476,辛敞,未知,三国
477,宋忠,未知,三国
478,张休,未知,三国
479,张松,未知,三国
480,张承,未知,三国
481,张南,未知,三国
482,张津,未知,三国
483,张温,未知,三国
484,张裔,未知,三国
485,张翼,未知,三国
486,陆纡,未知,三国
487,陆凯,未知,三国
488,陆骏,未知,三国
489,陆康,未知,三国
490,陆绩,未知,三国
491,陈武,未知,三国
492,陈翔,未知,三国
493,邵悌,未知,三国
494,苑康,未知,三国
495,范滂,未知,三国
496,和洽,未知,三国
497,金尚,未知,三国
498,金袆,未知,三国
499,金旋,未知,三国
500,周奂,未知,三国
501,周昕,未知,三国
502,周毖,未知,三国
503,周鲂,未知,三国
504,周群,未知,三国
505,庞德公,未知,三国
506,郑泰,未知,三国
507,郑袤,未知,三国
508,审配,未知,三国
509,孟达,未知,三国
510,赵歧,未知,三国
511,赵昂,未知,三国
512,赵咨,未知,三国
513,荀恽,未知,三国
514,荀爽,未知,三国
515,荀谌,未知,三国
516,胡奋,未知,三国
517,胡质,未知,三国
518,胡济,未知,三国
519,胡烈,未知,三国
520,胡渊,未知,三国
521,胡邈,未知,三国
522,种会,未知,三国
523,种劭,未知,三国
524,钟拂,未知,三国
525,郗虑,未知,三国
526,郄正,未知,三国
527,姜叙,未知,三国
528,祖茂,未知,三国
529,费观,未知,三国
530,骆统,未知,三国
531,秦宓,未知,三国
532,袁术,未知,三国
533,袁尚,未知,三国
534,袁逢,未知,三国
535,袁隗,未知,三国
536,袁遗,未知,三国
537,袁熙,未知,三国
538,袁谭,未知,三国
539,耿纪,未知,三国
540,桓阶,未知,三国
541,桓范,未知,三国
542,桥玄,未知,三国
543,夏侯敦,未知,三国
544,夏侯琳,未知,三国
545,徐璆,未知,三国
546,脂习,未知,三国
547,留赞,未知,三国
548,高柔,未知,三国
549,郭攸之,未知,三国
550,郭恩,未知,三国
551,诸葛珪,未知,三国
552,诸葛原,未知,三国
553,诸葛瑾,未知,三国
554,陶谦,未知,三国
555,眭固,未知,三国
556,淳于琼,未知,三国
557,彭羕,未知,三国
558,董厥,未知,三国
559,蒋钦,未知,三国
560,韩当,未知,三国
561,韩珩,未知,三国
562,韩浩,未知,三国
563,韩暨,未知,三国
564,韩馥,未知,三国
565,程秉,未知,三国
566,程普,未知,三国
567,程畿,未知,三国
568,傅干,未知,三国
569,蒯良,未知,三国
570,楼玄,未知,三国
571,虞翻,未知,三国
572,路粹,未知,三国
573,简雍,未知,三国
574,蔡邕,未知,三国
575,管宁,未知,三国
576,管恪,未知,三国
577,廖立,未知,三国
578,樊建,未知,三国
579,滕胤,未知,三国
580,圆泽,未知,三国
581,潘浚,未知,三国
582,薛悌,未知,三国
583,薛综,未知,三国
584,檀敷,未知,三国
585,濮阳兴,未知,三国
586,丁夫人,未知,三国
587,丁立,未知,三国
588,丁封,未知,三国
589,丁咸,未知,三国
590,丁斐,未知,三国
591,于吉,未知,三国
592,于诠,未知,三国
593,于糜,未知,三国
594,万彧,未知,三国
595,卫仲道,未知,三国
596,卫演,未知,三国
597,马元义,未知,三国
598,马玉,未知,三国
599,马延,未知,三国
600,马宇,未知,三国
601,马玩,未知,三国
602,马钧,未知,三国
603,马遵,未知,三国
604,马邈,未知,三国
605,王子服,未知,三国
606,王方,未知,三国
607,王业,未知,三国
608,正立,未知,三国
609,王必,未知,三国
610,王则,未知,三国
611,王伉,未知,三国
612,王买,未知,三国
613,王邑,未知,三国
614,王经,未知,三国
615,王经母,未知,三国
616,王威,未知,三国
617,王美人,未知,三国
618,王累,未知,三国
619,王琰,未知,三国
620,王楷,未知,三国
621,王瓘,未知,三国
622,韦晃,未知,三国
623,区星,未知,三国
624,毛后,未知,三国
625,公孙修,未知,三国
626,公孙晃,未知,三国
627,公孙渊,未知,三国
628,卞后,未知,三国
629,文丑,紫武,三国
630,尹大目,未知,三国
631,尹礼,未知,三国
632,尹赏,未知,三国
633,尹楷,未知,三国
634,邓义,未知,三国
635,邓龙,未知,三国
636,邓良,未知,三国
637,邓贤,未知,三国
638,邓忠,未知,三国
639,邓铜,未知,三国
640,邓敦,未知,三国
641,孔宙,未知,三国
642,左丰,未知,三国
643,左灵,未知,三国
644,石广元,未知,三国
645,石苞,未知,三国
646,申仪,未知,三国
647,田氏,未知,三国
648,田章,未知,三国
649,田续,未知,三国
650,田楷,未知,三国
651,丘建,未知,三国
652,白寿,未知,三国
653,句安,未知,三国
654,乐就,未知,三国
655,冯礼,未知,三国
656,司马攸,未知,三国
657,司马钧,未知,三国
658,司蕃,未知,三国
659,边洪,未知,三国
660,邢贞,未知,三国
661,成宜,未知,三国
662,成济,未知,三国
663,成倅,未知,三国
664,成廉,未知,三国
665,师纂,未知,三国
666,吕公,未知,三国
667,吕旷,未知,三国
668,吕伯奢,未知,三国
669,吕建,未知,三国
670,吕威璜,未知,三国
671,吕翔,未知,三国
672,吕霸,未知,三国
673,朱太后,未知,三国
674,朱异,未知,三国
675,朱治,未知,三国
676,朱桓,未知,三国
677,朱恩,未知,三国
678,朱褒,未知,三国
679,朱赞,未知,三国
680,伍习,未知,三国
681,伍延,未知,三国
682,伏后,未知,三国
683,伏完,未知,三国
684,伏德,未知,三国
685,任夔,未知,三国
686,向举,未知,三国
687,全后,未知,三国
688,全纪,未知,三国
689,全尚,未知,三国
690,全尚妻,未知,三国
691,全怿,未知,三国
692,全样,未知,三国
693,刘元起,未知,三国
694,刘氏,未知,三国
695,刘艾,未知,三国
696,刘宁,未知,三国
697,刘延,未知,三国
698,刘丞,未知,三国
699,刘范,未知,三国
700,刘贤,未知,三国
701,刘合,未知,三国
702,刘度,未知,三国
703,刘恂,未知,三国
704,刘敏,未知,三国
705,刘清,未知,三国
706,刘淙,未知,三国
707,刘琬,未知,三国
708,刘循,未知,三国
709,刘寔,未知,三国
710,刘瑁,未知,三国
711,刘璝,未知,三国
712,刘瑶,未知,三国
713,刘盘,未知,三国
714,刘辩,未知,三国
715,刘璩,未知,三国
716,刘瓒,未知,三国
717,州泰,未知,三国
718,许仪,未知,三国
719,许芝,未知,三国
720,许汜,未知,三国
721,许贡,未知,三国
722,许贡家客,未知,三国
723,许昌,未知,三国
724,许晏,未知,三国
725,许韶,未知,三国
726,阳群,未知,三国
727,阴夔,未知,三国
728,纪灵,未知,三国
729,孙夫人,未知,三国
730,孙异,未知,三国
731,孙秀,未知,三国
732,孙闿,未知,三国
733,孙恭,未知,三国
734,孙恩,未知,三国
735,孙高,未知,三国
736,孙朗,未知,三国
737,孙据,未知,三国
738,孙谦,未知,三国
739,孙楷,未知,三国
740,孙歆,未知,三国
741,孙雨单,未知,三国
742,严白虎,未知,三国
743,严象,未知,三国
744,严舆,未知,三国
745,苏飞,未知,三国
746,苏双,未知,三国
747,苏由,未知,三国
748,苏越,未知,三国
749,杜祺,未知,三国
750,杜路,未知,三国
751,杨丑,未知,三国
752,杨怀,未知,三国
753,杨昂,未知,三国
754,杨欣,未知,三国
755,杨祚,未知,三国
756,杨密,未知,三国
757,杨综,未知,三国
758,杨琦,未知,三国
759,李丰,未知,三国
760,李乐,未知,三国
761,李伏,未知,三国
762,李异,未知,三国
763,李服,未知,三国
764,李封,未知,三国
765,李崇,未知,三国
766,李堪,未知,三国
767,李催,未知,三国
768,李蒙,未知,三国
769,李暹,未知,三国
770,吾彦,未知,三国
771,步阐,未知,三国
772,吴子兰,未知,三国
773,吴夫人,未知,三国
774,吴匡,未知,三国
775,吴纲,未知,三国
776,吴硕,未知,三国
777,吴景,未知,三国
778,吴敦,未知,三国
779,岑昏,未知,三国
780,何太后,未知,三国
781,何平,未知,三国
782,何苗,未知,三国
783,何曼,未知,三国
784,何植,未知,三国
785,谷利,未知,三国
786,邹靖,蓝武,三国
787,辛评,未知,三国
788,辛宪英,未知,三国
789,闵贡,未知,三国
790,沙摩柯,未知,三国
791,沈莹,未知,三国
792,宋果,未知,三国
793,宋谦,未知,三国
794,张卫,未知,三国
795,张世平,未知,三国
796,张节,未知,三国
797,张布,未知,三国
798,张让,未知,三国
799,张达,未知,三国
800,张当,未知,三国
801,张后,未知,三国
802,张约,未知,三国
803,张杨,未知,三国
804,张纯,未知,三国
805,张英,未知,三国
806,张肃,未知,三国
807,张弥,未知,三国
808,张绍,未知,三国
809,张勋,未知,三国
810,张钧,未知,三国
811,张俭,未知,三国
812,张音,未知,三国
813,张闿,未知,三国
814,张举,未知,三国
815,张峻,未知,三国
816,张着,未知,三国
817,张爽,未知,三国
818,张颢,未知,三国
819,张鲁母,未知,三国
820,张衡,未知,三国
821,陆景,未知,三国
822,陈生,未知,三国
823,陈兰,未知,三国
824,陈炜,未知,三国
825,陈耽,未知,三国
826,陈就,未知,三国
827,妫览,未知,三国
828,范疆,未知,三国
829,尚广,未知,三国
830,尚弘,未知,三国
831,昌豨,未知,三国
832,昌霸,未知,三国
833,周旨,未知,三国
834,周尚,未知,三国
835,周胤,未知,三国
836,周循,未知,三国
837,庞舒,未知,三国
838,庞羲,未知,三国
839,郑宝,未知,三国
840,郑度,未知,三国
841,单子春,未知,三国
842,法真,未知,三国
843,沮授,未知,三国
844,沮鹄,未知,三国
845,审荣,未知,三国
846,封谞,未知,三国
847,赵月,未知,三国
848,赵弘,未知,三国
849,赵范,未知,三国
850,赵直,未知,三国
851,赵忠,未知,三国
852,赵彦,未知,三国
853,赵累,未知,三国
854,赵韪,未知,三国
855,赵睿,未知,三国
856,赵融,未知,三国
857,赵衢,未知,三国
858,郝萌,未知,三国
859,荀恺,未知,三国
860,荀绲,未知,三国
861,胡才,未知,三国
862,胡车儿,未知,三国
863,胡氏,未知,三国
864,胡冲,未知,三国
865,胡赤儿,未知,三国
866,胡轸,未知,三国
867,胡遵,未知,三国
868,柳甫,未知,三国
869,种拂,未知,三国
870,种辑,未知,三国
871,段珪,未知,三国
872,段煨,未知,三国
873,皇甫郦,未知,三国
874,皇甫闿,未知,三国
875,侯成,未知,三国
876,侯览,未知,三国
877,爰邵,未知,三国
878,爰青彡,未知,三国
879,施朔,未知,三国
880,姜冏,未知,三国
881,迷当,未知,三国
882,祖郎,未知,三国
883,费诗,未知,三国
884,袁胤,未知,三国
885,袁綝,未知,三国
886,耿武,未知,三国
887,桓嘉,未知,三国
888,桓彝,未知,三国
889,桥蕤,未知,三国
890,贾范,未知,三国
891,夏侯令女,未知,三国
892,夏恽,未知,三国
893,徐夫人,未知,三国
894,徐氏,未知,三国
895,徐质,未知,三国
896,徐荣,未知,三国
897,徐勋,未知,三国
898,徐商,未知,三国
899,徐璜,未知,三国
900,殷纯,未知,三国
901,留平,未知,三国
902,留略,未知,三国
903,高沛,未知,三国
904,高定,未知,三国
905,郭太后,未知,三国
906,郭永,未知,三国
907,郭汜妻,未知,三国
908,郭图,未知,三国
909,郭胜,未知,三国
910,唐妃,未知,三国
911,唐周,未知,三国
912,唐咨,未知,三国
913,唐彬,未知,三国
914,诸葛玄,未知,三国
915,诸葛虔,未知,三国
916,陶应,未知,三国
917,陶商,未知,三国
918,陶睿,未知,三国
919,黄氏,未知,三国
920,黄祖,未知,三国
921,黄琬,未知,三国
922,曹文叔,未知,三国
923,曹节,未知,三国
924,曹后,未知,三国
925,曹性,未知,三国
926,曹豹,未知,三国
927,曹据,未知,三国
928,曹德,未知,三国
929,曹霖,未知,三国
930,盛勃,未知,三国
931,睦元进,未知,三国
932,常雕,未知,三国
933,崔州平,未知,三国
934,崔烈,未知,三国
935,笮融,未知,三国
936,阎芝,未知,三国
937,阎宇,未知,三国
938,阎晏,未知,三国
939,阎圃,未知,三国
940,阎象,未知,三国
941,梁刚,未知,三国
942,梁兴,未知,三国
943,梁宽,未知,三国
944,梁绪,未知,三国
945,彭伯,未知,三国
946,董太后,未知,三国
947,董寻,未知,三国
948,董祀,未知,三国
949,董承,未知,三国
950,董贵妃,未知,三国
951,董重,未知,三国
952,董超,未知,三国
953,董朝,未知,三国
954,董璜,未知,三国
955,董衡,未知,三国
956,蒋义渠,未知,三国
957,蒋延,未知,三国
958,蒋奇,未知,三国
959,蒋显,未知,三国
960,蒋班,未知,三国
961,蒋舒,未知,三国
962,韩玄,未知,三国
963,韩忠,未知,三国
964,韩莒子,未知,三国
965,韩胤,未知,三国
966,韩猛,未知,三国
967,韩综,未知,三国
968,韩暹,未知,三国
969,韩融,未知,三国
970,程咨,未知,三国
971,傅金,未知,三国
972,傅彤,未知,三国
973,傅婴,未知,三国
974,焦伯,未知,三国
975,焦触,未知,三国
976,焦彝,未知,三国
977,鲁芝,未知,三国
978,鲁馗,未知,三国
979,谢旌,未知,三国
980,赖恭,未知,三国
981,甄氏,未知,三国
982,雷薄,未知,三国
983,虞松,未知,三国
984,鲍信,未知,三国
985,雍闿,未知,三国
986,蔡夫人,未知,三国
987,蔡林,未知,三国
988,臧旻,未知,三国
989,舞阳君,未知,三国
990,管辂舅,未知,三国
991,曲义,未知,三国
992,樊氏,未知,三国
993,樊岐,未知,三国
994,樊能,未知,三国
995,滕循,未知,三国
996,颜良,蓝武,三国
997,潘夫人,未知,三国
998,潘隐,未知,三国
999,薛兰,未知,三国
1000,薛礼,未知,三国
1001,薛珝,未知,三国
1002,薛莹,未知,三国
1003,戴员,未知,三国
1004,戴陵,未知,三国
1005,蹋顿,未知,三国
1006,魏平,未知,三国
1007,魏续,未知,三国
1008,魏邈,未知,三国
1009,蹇硕,未知,三国
1010,爨习,未知,三国
1011,冯方,未知,三国
1012,刘辟,未知,三国
1013,黄邵,未知,三国
1014,嵇康,未知,三国
1015,徐整,未知,三国
1016,陈修,未知,三国
1017,陈表,未知,三国
1018,毌丘俭,未知,三国
1019,伦直,未知,三国
1020,牵招,未知,三国
1021,孙邵,未知,三国
1022,虞汜,未知,三国
1023,阎柔,未知,三国
1024,周喁,未知,三国
1025,赵妪,未知,三国
1026,卫觊,未知,三国
1027,张范,未知,三国
1028,杨阜,未知,三国
1029,曹叡,未知,三国
1030,鱼豢,未知,三国
1031,葛玄,未知,三国
1032,孙鲁班,未知,三国
1033,曹不兴,未知,三国
1034,皇象,未知,三国
1035,严武,未知,三国
1036,步度根,未知,三国
1037,成律归,未知,三国
1038,陈祗,未知,三国
1039,陈延,未知,三国
1040,陈永,未知,三国
1041,陈敖,未知,三国
1042,大桥,未知,三国
1043,段巧笑,未知,三国
1044,管辂,未知,三国
1045,黄夫人,未知,三国
1046,和连,未知,三国
1047,敬哀皇后,未知,三国
1048,阚泽,未知,三国
1049,吕安,未知,三国
1050,吕巽,未知,三国
1051,刘璇,未知,三国
1052,栾提呼厨泉,未知,三国
1053,刘徽,未知,三国
1054,汉献帝,未知,三国
1055,麋芳,未知,三国
1056,麋竺,未知,三国
1057,蒲头,未知,三国
1058,其至鞬,未知,三国
1059,盛宪,未知,三国
1060,孙炎,未知,三国
1061,素利,未知,三国
1062,秃发寿阗,未知,三国
1063,王弼,未知,三国
1064,乌伦,未知,三国
1065,王蕃,未知,三国
1066,韦昭,未知,三国
1067,韦诞,未知,三国
1068,泄归泥,未知,三国
1069,夏侯徽,未知,三国
1070,小桥,未知,三国
1071,荀粲,未知,三国
1072,杨腾,未知,三国
1073,杨驹,未知,三国
1074,杨千万,未知,三国
1075,仲长统,未知,三国
1076,张春华,未知,三国
1077,张平,未知,三国
1078,朱才,未知,三国
1079,朱绩,未知,三国
1080,甄皇后,未知,三国
1081,赵爽,未知,三国
1082,郑玄,未知,三国
1083,张皇后,未知,三国
1084,昭烈皇后,未知,三国
1085,赖雄,未知,三国
1086,麋夫人,未知,三国
1087,麋威,未知,三国
1088,麋照,未知,三国
1089,王元姬,未知,三国
1090,王凌,未知,三国
1091,郭女王,未知,三国
1092,卞皇后,未知,三国
1093,吴苋,未知,三国
1094,刘宏,未知,三国
1095,伏寿,未知,三国
1096,段颎,未知,三国
1097,阎忠,未知,三国
1098,桥瑁,未知,三国
1099,马日磾,未知,三国
1100,赵温,未知,三国
1101,张修,未知,三国
1102,臧洪,未知,三国
1103,金祎,未知,三国
1104,韦端,未知,三国
1105,麹演,未知,三国
1106,蒋石,未知,三国
1107,吉本,未知,三国
1108,李历,未知,三国
1109,闵纯,未知,三国
1110,李利,未知,三国
1111,逢纪,未知,三国
1112,郭援,未知,三国
1113,袁耀,未知,三国
1114,秦宜禄,未知,三国
1115,魏越,未知,三国
1116,黄射,未知,三国
1117,邓羲,未知,三国
1118,吴巨,未知,三国
1119,传巽,未知,三国
1120,韩晞,未知,三国
1121,严纲,未知,三国
1122,单经,未知,三国
1123,关靖,未知,三国
1124,刘和,未知,三国
1125,魏攸,未知,三国
1126,鲜于辅,未知,三国
1127,赵昱,未知,三国
1128,杨白,未知,三国
1129,刘阐,未知,三国
1130,董扶,未知,三国
1131,刘瑰,未知,三国
1132,冷苞,未知,三国
1133,丘力居,未知,三国
1134,檀石槐,未知,三国
1135,栾提于夫罗,未知,三国
1136,曹峻,未知,三国
1137,曹彪,未知,三国
1138,曹衮,未知,三国
1139,夏侯惇,紫武,三国
1140,曹泰,未知,三国
1141,曹震,未知,三国
1142,郭皇后,未知,三国
1143,邓扬,未知,三国
1144,贾谟,未知,三国
1145,程晓,未知,三国
1146,张雄,未知,三国
1147,徐盖,未知,三国
1148,庞淯,未知,三国
1149,阎温,未知,三国
1150,令狐愚,未知,三国
1151,毌丘甸,未知,三国
1152,邓朗,未知,三国
1153,袁涣,未知,三国
1154,凉茂,未知,三国
1155,王烈,未知,三国
1156,张臶,未知,三国
1157,胡昭,未知,三国
1158,徐奕,未知,三国
1159,何夔,未知,三国
1160,邢颙,未知,三国
1161,鲍勋,未知,三国
1162,司马芝,未知,三国
1163,司马岐,未知,三国
1164,梁习,未知,三国
1165,温恢,未知,三国
1166,苏则,未知,三国
1167,杜畿,未知,三国
1168,杜恕,未知,三国
1169,郑浑,未知,三国
1170,仓慈,未知,三国
1171,应贞,未知,三国
1172,桓威,未知,三国
1173,潘勖,未知,三国
1174,王象,未知,三国
1175,缪袭,未知,三国
1176,苏林,未知,三国
1177,孙该,未知,三国
1178,杜挚,未知,三国
1179,徐宣,未知,三国
1180,卫臻,未知,三国
1181,卢毓,未知,三国
1182,常林,未知,三国
1183,杜袭,未知,三国
1184,赵俨,未知,三国
1185,裴潜,未知,三国
1186,崔林,未知,三国
1187,高堂隆,未知,三国
1188,满伟,未知,三国
1189,胡威,未知,三国
1190,车冑,未知,三国
1191,甘皇后,未知,三国
1192,吴皇后,未知,三国
1193,诸葛京,未知,三国
1194,马承,未知,三国
1195,庞宏,未知,三国
1196,费承,未知,三国
1197,马秉,未知,三国
1198,霍弋,未知,三国
1199,张裕,未知,三国
1200,陈术,未知,三国
1201,吕祥,未知,三国
1202,句扶,未知,三国
1203,张微,未知,三国
1204,杨戏,未知,三国
1205,邓方,未知,三国
1206,吴壹,未知,三国
1207,辅匡,未知,三国
1208,刘邕,未知,三国
1209,张存,未知,三国
1210,李邈,未知,三国
1211,李邵,未知,三国
1212,马勋,未知,三国
1213,姚胄,未知,三国
1214,孙虑,未知,三国
1215,孙霸,蓝武,三国
1216,孙奋,未知,三国
1217,孙静,未知,三国
1218,孙暠,未知,三国
1219,孙奂,未知,三国
1220,孙羌,未知,三国
1221,孙贲,未知,三国
1222,孙辅,未知,三国
1223,谢夫人,未知,三国
1224,步夫人,未知,三国
1225,潘皇后,未知,三国
1226,全皇后,未知,三国
1227,朱皇后,未知,三国
1228,何姬,未知,三国
1229,滕皇后,未知,三国
1230,太史享,绿武,三国
1231,士匡,未知,三国
1232,张奋,未知,三国
1233,顾邵,未知,三国
1234,顾谭,未知,三国
1235,顾承,未知,三国
1236,裴玄,未知,三国
1237,鲁淑,未知,三国
1238,陆晏,未知,三国
1239,陆玄,未知,三国
1240,陆耽,未知,三国
1241,黄柄,未知,三国
1242,周邵,未知,三国
1243,施绩,未知,三国
1244,虞忠,未知,三国
1245,陆瑁,未知,三国
1246,朱据,未知,三国
1247,钟离牧,未知,三国
1248,陆胤,未知,三国
1249,是仪,未知,三国
1250,吴范,未知,三国
1251,刘惇,未知,三国
1252,赵达,未知,三国
1253,聂友,未知,三国
1254,贺邵,未知,三国
1255,韦曜,未知,三国
1256,杜锡,未知,三国
1257,卫恒,未知,三国
1258,卫璪,未知,三国
1259,卫玠,未知,三国
1260,张祎,未知,三国
1261,张韪,未知,三国
1262,贾混,未知,三国
1263,贾彝,未知,三国
1264,贾模,未知,三国
1265,韩谧,未知,三国
1266,郭彰,未知,三国
1267,段灼,未知,三国
1268,孙拯,未知,三国
1269,孙云,未知,三国
1270,孙耽,未知,三国
1271,孙喜,未知,三国
1272,张机,未知,三国
1273,杜夔,未知,三国
1274,朱建平,未知,三国
1275,周不疑,未知,三国
1276,宋寿,未知,三国
1277,郑妪,未知,三国
1278,蔡文姬,未知,三国
1279,潘巧儿,未知,三国
1280,王濬,绿武,三国
1281,左慈,紫武,三国其他
1282,华佗,紫文,三国其他
1283,貂蝉,紫色,三国其他
1284,华雄,蓝武,三国其他
1285,吕布,橙色,三国其他
1286,董卓,绿武,三国其他
1287,黄承彦,蓝色,三国其他
1288,高顺,蓝色,三国其他
1289,袁绍,蓝色,三国其他
1290,李儒,蓝色,三国其他
1291,张角,蓝色,三国其他
1292,张宝,蓝色,三国其他
1293,张梁,蓝色,三国其他
1294,张任,蓝色,三国其他
1295,雷铜,蓝色,三国其他
1296,公孙瓒,蓝色,三国其他
1297,轲比能,蓝色,三国其他
1298,阿会喃,绿色,三国其他
1299,王允,绿色,三国其他
1300,李肃,绿色,三国其他
1301,李傕,绿色,三国其他
1302,牛辅,绿色,三国其他
1303,张济,绿色,三国其他
1304,董旻,绿色,三国其他
1305,高升,绿色,三国其他
1306,程远志,绿色,三国其他
1307,张曼成,绿色,三国其他
1308,管亥,绿色,三国其他
1309,邓茂,绿色,三国其他
1310,公孙越,绿色,三国其他
1311,公孙范,绿色,三国其他
1312,邹丹,绿色,三国其他
1313,公孙续,绿色,三国其他
1314,郭汜,绿色,三国其他
1315,卢植,绿色,三国其他
1316,樊稠,绿色,三国其他
1317,樊哙,蓝色,秦朝
1318,韩信,紫武,秦朝
1319,范增,蓝文,秦朝
1320,刘邦,紫武！,秦朝
1321,蒙恬,紫武,秦朝
1322,夏黄公,绿色,秦朝
1323,项羽,蓝色,秦朝
1324,张良,蓝色,秦朝
1325,季布,蓝武,秦朝
1326,陈平,蓝文,秦朝
1327,陈胜,蓝武,秦朝
1328,彭越,蓝武,秦朝
1329,吴广,蓝文,秦朝
1330,萧何,紫文!,秦朝
1331,项庄,绿色,秦朝
1332,项梁,蓝武,秦朝
1333,英布,紫武,秦朝
1334,虞姬,紫文,秦朝
1335,安期生,紫文,秦朝
1336,章邯,绿色,秦朝
1337,项伯,绿武,秦朝
1338,共敖,蓝武,秦朝
1339,扶苏,绿武,秦朝
1340,共尉,绿色,秦朝
1341,伏生,绿文,秦朝
1342,罗珠,绿武,秦朝
1343,刘太公,绿色,秦朝
1344,田横,绿色,秦朝
1345,吴芮,绿色,秦朝
1346,徐福,蓝文,秦朝
1347,驺摇,绿武,秦朝
1348,张苍,蓝武,秦朝
1349,赵高,蓝文,秦朝
1350,赵佗,绿色,秦朝
1351,东园公,绿武,秦朝
1352,优旃,绿文,秦朝
1353,司马欣,绿文,秦朝
1354,曹无伤,绿色,秦朝
1355,梅鋗,蓝武,秦朝
1356,熊心,绿色,秦朝
1357,灌婴,蓝色,秦朝
1358,田臧,绿色,秦朝
1359,董翳,绿武,秦朝
1360,郦食其,绿文,秦朝
1361,韩王信,绿武,秦朝
1362,胡亥,未知,秦朝
1363,夏侯婴,未知,秦朝
1364,楚义帝,未知,秦朝
1365,秦二世,未知,秦朝
1366,子婴,未知,秦朝
1367,曹丘,未知,秦朝
1368,窦长君,未知,秦朝
1369,窦广国,未知,秦朝
1370,趙高,蓝武,秦朝
1371,龙且,未知,秦朝
1372,钟离昧,未知,秦朝
1373,虞子期,未知,秦朝
1374,蒙毅,未知,秦朝
1375,摇,未知,秦朝
1376,嬴子婴,未知,秦朝
1377,蒙骛,蓝武,秦朝
1378,張蒼,绿色,秦朝
1379,扁鹊,蓝文,春秋战国
1380,白起,蓝武,春秋战国
1381,范蠡,紫文,春秋战国
1382,孔子,蓝文,春秋战国
1383,鲁班,蓝文,春秋战国
1384,廉颇,蓝武,春秋战国
1385,李牧,蓝武,春秋战国
1386,王翦,蓝武,春秋战国
1387,柳下惠,绿文,春秋战国
1388,允常,绿文,春秋战国
1389,春申君,蓝文,春秋战国
1390,管仲,蓝文,春秋战国
1391,韩非,蓝文,春秋战国
1392,荆轲,蓝色,春秋战国
1393,连尹襄老,绿文,春秋战国
1394,嫪毐,绿武,春秋战国
1395,李悝,蓝文!,春秋战国
1396,孟尝君,蓝武,春秋战国
1397,平原君,蓝文,春秋战国
1398,商鞅,蓝文,春秋战国
1399,文种,蓝文,春秋战国
1400,信陵君,蓝文,春秋战国
1401,伯乐,绿文,春秋战国
1402,勾践,蓝文,春秋战国
1403,墨子,蓝文,春秋战国
1404,子产,绿文,春秋战国
1405,孟子,蓝文,春秋战国
1406,欧冶子,绿武,春秋战国
1407,王贲,蓝武,春秋战国
1408,甘德,绿文,春秋战国
1409,聂政,蓝色,春秋战国
1410,伯嚭,绿色,春秋战国
1411,夫差,蓝文,春秋战国
1412,公孙龙,蓝文！,春秋战国
1413,扈辄,绿武,春秋战国
1414,惠施,绿色,春秋战国
1415,孔伋,绿色,春秋战国
1416,孔鲤,绿文,春秋战国
1417,目夷,绿色,春秋战国
1418,蒙武,蓝色,春秋战国
1419,蒙骜,蓝武,春秋战国
1420,慎到,绿色,春秋战国
1421,向戌,蓝文,春秋战国
1422,项燕,绿色,春秋战国
1423,乐羊,蓝武,春秋战国
1424,晏婴,绿文,春秋战国
1425,曾侯乙,绿色,春秋战国
1426,介子推,蓝文,春秋战国
1427,医和,绿文,春秋战国
1428,子之,绿色,春秋战国
1429,子夏,绿色,春秋战国
1430,子鱼,绿色,春秋战国
1431,孙书,绿文,春秋战国
1432,孙凭,绿色,春秋战国
1433,孟胜,绿色,春秋战国
1434,季梁,绿色,春秋战国
1435,屈瑕,绿文,春秋战国
1436,有若,绿色,春秋战国
1437,毕万,绿文,春秋战国
1438,滕文公,绿文,春秋战国
1439,燕太子丹,绿文,春秋战国
1440,王子乔,绿色,春秋战国
1441,由余,绿文,春秋战国
1442,端木赐,绿文,春秋战国
1443,言偃,绿文,春秋战国
1444,赵威后,绿文,春秋战国
1445,赵衰,绿武,春秋战国
1446,邓析,绿文,春秋战国
1447,养由基,蓝武,春秋战国
1448,尉缭,蓝武,春秋战国
1449,曹沫,绿文,春秋战国
1450,栾书,绿文,春秋战国
1451,李冰,蓝文,春秋战国
1452,鲁桓公,绿色,春秋战国
1453,秦舞阳,绿色,春秋战国
1454,冉求,绿色,春秋战国
1455,叔向,绿色,春秋战国
1456,申不害,绿文,春秋战国
1457,孤偃,蓝文,春秋战国
1458,先轸,绿色,春秋战国
1459,贾佗,绿色,春秋战国
1460,魏犨,绿武,春秋战国
1461,吴起,绿文,春秋战国
1462,颜征在,绿文,春秋战国
1463,辕涛涂,绿文,春秋战国
1464,羊舌鲋,绿文,春秋战国
1465,豫让,绿武,春秋战国
1466,专诸,绿色,春秋战国
1467,宰予,绿文,春秋战国
1468,左丘明,蓝文,春秋战国
1469,赵盾,绿色,春秋战国
1470,邹忌,绿色,春秋战国
1471,不寿,绿色,春秋战国
1472,严君疾,绿文,春秋战国
1473,严遂,绿文,春秋战国
1474,伯宗,绿文,春秋战国
1475,侯赢,绿色,春秋战国
1476,公西赤,绿色,春秋战国
1477,冉耕,绿文,春秋战国
1478,冉雍,绿文,春秋战国
1479,列御寇,绿色,春秋战国
1480,医缓,绿文,春秋战国
1481,卞和,绿色,春秋战国
1482,卫开方,绿色,春秋战国
1483,司马错,绿色,春秋战国
1484,君王后,绿文,春秋战国
1485,吴王僚,绿文,春秋战国
1486,商泽,绿色,春秋战国
1487,夏姬,绿文,春秋战国
1488,奚齐,绿色,春秋战国
1489,姜斯,绿文,春秋战国
1490,姜结,绿文,春秋战国
1491,姬野,绿色,春秋战国
1492,子文,绿文,春秋战国
1493,子蚊,绿色,春秋战国
1494,子路,绿武,春秋战国
1495,孔穿,绿色,春秋战国
1496,季孙行父,绿色,春秋战国
1497,宋朝,绿色,春秋战国
1498,宓不齐,绿文,春秋战国
1499,宰孔,绿文,春秋战国
1500,崔杼,绿色,春秋战国
1501,巴蔓子,绿文,春秋战国
1502,庄蹻,绿文,春秋战国
1503,弗父何,绿文,春秋战国
1504,弦高,绿色,春秋战国
1505,怀嬴,绿文,春秋战国
1506,成得臣,绿色,春秋战国
1507,施之常,绿色,春秋战国
1508,无余,绿色,春秋战国
1509,无强,绿文,春秋战国
1510,昭文君,绿文,春秋战国
1511,曹共公,绿色,春秋战国
1512,曾参,绿文,春秋战国
1513,曾点,绿色,春秋战国
1514,杨朱,绿文,春秋战国
1515,樊须,绿色,春秋战国
1516,甘罗,蓝文,春秋战国
1517,秦夷公,绿文,春秋战国
1518,秦静公,绿色,春秋战国
1519,桓齮,绿文,春秋战国
1520,竖刀,绿色,春秋战国
1521,翁,绿色,春秋战国
1522,翳,蓝文！,春秋战国
1523,老莱子,绿色,春秋战国
1524,蔡侯齐,绿文,春秋战国
1525,蔡元侯,绿文,春秋战国
1526,蔡共侯,绿色,春秋战国
1527,蔡哀侯,绿色,春秋战国
1528,蔡声侯,绿文,春秋战国
1529,蔡宣侯,绿色,春秋战国
1530,蔡平侯,绿色,春秋战国
1531,蔡庄侯,绿文,春秋战国
1532,蔡悼侯,绿文,春秋战国
1533,蔡成侯,绿文,春秋战国
1534,蔡戴侯,绿文,春秋战国
1535,蔡文侯,绿色,春秋战国
1536,蔡昭侯,绿武,春秋战国
1537,蔡景侯,绿色,春秋战国
1538,蔡桓侯,绿色,春秋战国
1539,蔡灵侯,绿文,春秋战国
1540,蔡穆侯,绿文,春秋战国
1541,蔺相如,蓝文,春秋战国
1542,西周威公,绿色,春秋战国
1543,姬朝,绿文,春秋战国
1544,西周文公,绿文,春秋战国
1545,西周桓公,绿文,春秋战国
1546,西周武公,绿色,春秋战国
1547,许僖公,绿文,春秋战国
1548,许元公,绿色,春秋战国
1549,许庄公,绿色,春秋战国
1550,许悼公,绿色,春秋战国
1551,许昭公,绿文,春秋战国
1552,许桓公,绿文,春秋战国
1553,许灵公,绿文,春秋战国
1554,许穆公,绿色,春秋战国
1555,那归公,绿文,春秋战国
1556,那景公,绿文,春秋战国
1557,楚若敖,绿色,春秋战国
1558,阖闾,蓝色,春秋战国
1559,宋襄公,紫色,春秋战国
1560,吕不韦,蓝色,春秋战国
1561,李斯,紫文,春秋战国
1562,屈原,蓝文,春秋战国
1563,庄子,蓝色,春秋战国
1564,鬼谷子,紫文,春秋战国
1565,孙膑,紫武,春秋战国
1566,孙武,紫武,春秋战国
1567,伍子胥,紫武,春秋战国
1568,乐毅,紫武,春秋战国
1569,晋悼公,蓝色,春秋战国
1570,晋文公,紫武,春秋战国
1571,楚庄王,蓝色,春秋战国
1572,燕昭公,蓝色,春秋战国
1573,秦始皇,紫武,春秋战国
1574,巫马施,蓝文,春秋战国
1575,韩康子,绿色,春秋战国
1576,卫懿公,绿色,春秋战国
1577,卫文公,绿色,春秋战国
1578,曾皙,绿色,春秋战国
1579,颛孙师,绿色,春秋战国
1580,宋康王,绿色,春秋战国
1581,宋微子,绿色,春秋战国
1582,宋戴公,绿色,春秋战国
1583,宋玉,蓝文,春秋战国
1584,荀子,蓝文,春秋战国
1585,颜回,蓝文,春秋战国
1586,曹刿,绿色,春秋战国
1587,李信,绿色,春秋战国
1588,苏秦,绿色,春秋战国
1589,田单,紫武,春秋战国
1590,张仪,紫武,春秋战国
1591,赵括,绿色,春秋战国
1592,匡章,蓝武,春秋战国
1593,白公胜,绿色,春秋战国
1594,董狐,绿色,春秋战国
1595,费无忌,绿色,春秋战国
1596,鲍叔牙,蓝文,春秋战国
1597,郑庄公,绿武,春秋战国
1598,郑桓公,绿武,春秋战国
1599,晋定公,绿色,春秋战国
1600,晋文侯,绿色,春秋战国
1601,晋昭公,绿色,春秋战国
1602,晋献公,绿色,春秋战国
1603,晋顷公,绿色,春秋战国
1604,楚怀王,绿色,春秋战国
1605,楚悼王,绿武,春秋战国
1606,楚惠王,绿色,春秋战国
1607,楚文王,绿色,春秋战国
1608,楚武王,绿色,春秋战国
1609,燕昭襄王,绿色,春秋战国
1610,秦元献公,绿色,春秋战国
1611,秦孝公,蓝武,春秋战国
1612,秦昭襄王,蓝武,春秋战国
1613,秦非子,绿色,春秋战国
1614,赵孝成王,绿色,春秋战国
1615,赵悼襄王,绿色,春秋战国
1616,赵惠文王,蓝武,春秋战国
1617,赵武灵王,绿色,春秋战国
1618,杞武公,绿色,春秋战国
1619,杞靖公,绿色,春秋战国
1620,夫谭,绿色,春秋战国
1621,漆雕开,绿色,春秋战国
1622,卫中前废公,绿色,春秋战国
1623,卫中后废公,绿色,春秋战国
1624,卫中废公,绿文,春秋战国
1625,卫元君,绿色,春秋战国
1626,卫出公,绿文,春秋战国
1627,卫前庄公,绿色,春秋战国
1628,卫前废公,绿色,春秋战国
1629,卫后庄公,绿色,春秋战国
1630,卫后废公,绿色,春秋战国
1631,卫嗣君,绿文,春秋战国
1632,卫声公,绿色,春秋战国
1633,卫定公,绿色,春秋战国
1634,卫宣公,绿色,春秋战国
1635,卫平侯,绿色,春秋战国
1636,卫废君,绿武,春秋战国
1637,卫怀公,绿色,春秋战国
1638,卫怀君,绿色,春秋战国
1639,卫悼公,绿色,春秋战国
1640,卫惠公,绿文,春秋战国
1641,卫慎公,绿色,春秋战国
1642,卫成侯,绿文,春秋战国
1643,卫成公,绿色,春秋战国
1644,卫戴公,绿色,春秋战国
1645,卫敬公,绿色,春秋战国
1646,卫昭公,绿色,春秋战国
1647,卫桓公,绿色,春秋战国
1648,卫殇公,绿色,春秋战国
1649,卫灵公,绿色,春秋战国
1650,卫献公,绿文,春秋战国
1651,卫穆公,绿色,春秋战国
1652,卫襄公,绿色,春秋战国
1653,宋丁公,绿色,春秋战国
1654,宋休公,绿色,春秋战国
1655,宋元公,绿武,春秋战国
1656,宋公稽,绿色,春秋战国
1657,宋共公,绿色,春秋战国
1658,宋前废公,绿色,春秋战国
1659,宋剔成君,绿色,春秋战国
1660,宋厉公,绿色,春秋战国
1661,宋厘公,绿文,春秋战国
1662,宋后废公,绿色,春秋战国
1663,宋后昭公,绿色,春秋战国
1664,宋后桓公,绿色,春秋战国
1665,宋后愍公,绿色,春秋战国
1666,宋哀公,绿色,春秋战国
1667,宋宣公,绿色,春秋战国
1668,宋平公,绿色,春秋战国
1669,宋庄公,绿色,春秋战国
1670,宋微仲,绿色,春秋战国
1671,宋悼公,绿色,春秋战国
1672,宋惠公,绿文,春秋战国
1673,宋成公,绿色,春秋战国
1674,宋文公,绿色,春秋战国
1675,宋昭公,绿色,春秋战国
1676,宋景公,绿文,春秋战国
1677,宋桓公,绿色,春秋战国
1678,宋武公,绿色,春秋战国
1679,宋殇公,绿色,春秋战国
1680,宋愍公,绿文,春秋战国
1681,宋炀公,绿文,春秋战国
1682,宋穆公,绿色,春秋战国
1683,闵损,绿文,春秋战国
1684,庞涓,紫武,春秋战国
1685,司马穰苴,绿色,春秋战国
1686,秦开,绿色,春秋战国
1687,僖负羁,绿色,春秋战国
1688,公子纠,绿色,春秋战国
1689,公孙强,绿色,春秋战国
1690,祭足,绿色,春秋战国
1691,范雎,绿色,春秋战国
1692,郑共公,绿文,春秋战国
1693,郑厉公,绿色,春秋战国
1694,郑厘公,绿色,春秋战国
1695,郑哀公,绿色,春秋战国
1696,郑声公,绿色,春秋战国
1697,郑子亹,绿色,春秋战国
1698,郑子婴,绿色,春秋战国
1699,郑定公,绿色,春秋战国
1700,郑幽公,绿色,春秋战国
1701,郑康公,绿色,春秋战国
1702,郑悼公,绿色,春秋战国
1703,郑成公,绿色,春秋战国
1704,郑文公,绿色,春秋战国
1705,郑昭公,绿文,春秋战国
1706,郑武公,绿色,春秋战国
1707,郑灵公,绿色,春秋战国
1708,郑献公,绿文,春秋战国
1709,郑穆公,绿色,春秋战国
1710,郑简公,绿色,春秋战国
1711,郑繻公,绿色,春秋战国
1712,郑襄公,绿色,春秋战国
1713,晋侯缗,绿色,春秋战国
1714,晋出公,绿文,春秋战国
1715,晋厉公,绿色,春秋战国
1716,晋哀侯,绿色,春秋战国
1717,晋孝侯,绿色,春秋战国
1718,晋孝公,绿色,春秋战国
1719,晋小子侯,绿色,春秋战国
1720,晋平公,绿色,春秋战国
1721,晋幽公,绿色,春秋战国
1722,晋怀公,绿文,春秋战国
1723,晋惠公,绿文,春秋战国
1724,晋昭侯,绿色,春秋战国
1725,晋景公,绿文,春秋战国
1726,晋武公,绿色,春秋战国
1727,晋灵公,绿色,春秋战国
1728,晋烈公,绿色,春秋战国
1729,晋襄公,绿色,春秋战国
1730,晋鄂侯,绿文,春秋战国
1731,晋静公,绿色,春秋战国
1732,曲沃庄伯,绿色,春秋战国
1733,曲沃桓叔,绿色,春秋战国
1734,昌平君,绿文,春秋战国
1735,楚共王,绿色,春秋战国
1736,楚前怀王,绿色,春秋战国
1737,楚哀王,绿色,春秋战国
1738,楚声王,绿色,春秋战国
1739,楚威王,绿色,春秋战国
1740,楚宣王,绿色,春秋战国
1741,楚平王,绿色,春秋战国
1742,楚幽王,绿色,春秋战国
1743,楚庄敖,绿色,春秋战国
1744,楚康王,绿色,春秋战国
1745,楚成王,绿色,春秋战国
1746,楚昭王,绿文,春秋战国
1747,楚灵王,绿色,春秋战国
1748,楚熊严,绿色,春秋战国
1749,楚熊丽,绿色,春秋战国
1750,楚熊勇,绿色,春秋战国
1751,楚熊咢,绿文,春秋战国
1752,楚熊延,绿色,春秋战国
1753,楚熊徇,绿色,春秋战国
1754,楚熊挚,绿色,春秋战国
1755,楚熊杨,绿色,春秋战国
1756,楚熊渠,绿色,春秋战国
1757,楚熊狂,绿色,春秋战国
1758,楚熊绎,绿色,春秋战国
1759,楚熊胜,绿色,春秋战国
1760,楚熊艾,绿色,春秋战国
1761,楚熊蚤,绿文,春秋战国
1762,楚熊鄂,绿色,春秋战国
1763,楚熊霜,绿色,春秋战国
1764,楚熊黵,绿色,春秋战国
1765,楚王负刍,绿色,春秋战国
1766,楚穆王,绿色,春秋战国
1767,楚简王,绿色,春秋战国
1768,楚考烈王,绿色,春秋战国
1769,楚肃王,绿色,春秋战国
1770,楚郏敖,绿色,春秋战国
1771,楚霄敖,绿色,春秋战国
1772,楚顷襄王,绿文,春秋战国
1773,楚蚡冒,绿色,春秋战国
1774,姬喜,绿色,春秋战国
1775,姬载,绿文,春秋战国
1776,燕共公,绿文,春秋战国
1777,燕前文公,绿文,春秋战国
1778,燕前桓公,绿色,春秋战国
1779,燕前简公,绿色,春秋战国
1780,燕厘侯,绿色,春秋战国
1781,燕后文公,绿色,春秋战国
1782,燕后桓公,绿色,春秋战国
1783,燕哀侯,绿色,春秋战国
1784,燕孝公,绿文,春秋战国
1785,燕孝王,绿色,春秋战国
1786,燕宣侯,绿文,春秋战国
1787,燕平公,绿色,春秋战国
1788,燕庄公,绿色,春秋战国
1789,燕悼公,绿文,春秋战国
1790,燕惠侯,绿色,春秋战国
1791,燕惠王,绿色,春秋战国
1792,燕惠公,绿色,春秋战国
1793,燕懿公,绿色,春秋战国
1794,燕成公,绿色,春秋战国
1795,燕易王,绿色,春秋战国
1796,燕桓侯,绿色,春秋战国
1797,燕武公,绿色,春秋战国
1798,燕武成王,绿色,春秋战国
1799,燕王哙,绿色,春秋战国
1800,燕穆侯,绿色,春秋战国
1801,燕襄公,绿文,春秋战国
1802,燕郑侯,绿文,春秋战国
1803,燕闵公,绿色,春秋战国
1804,燕顷侯,绿色,春秋战国
1805,秦仲,绿色,春秋战国
1806,秦公伯,绿色,春秋战国
1807,秦共公,绿色,春秋战国
1808,秦出公,绿文,春秋战国
1809,秦出子,绿色,春秋战国
1810,秦厉共公,绿色,春秋战国
1811,秦哀公,绿色,春秋战国
1812,秦孝文王,绿色,春秋战国
1813,秦宣公,绿色,春秋战国
1814,秦宪公,绿色,春秋战国
1815,秦庄公,绿色,春秋战国
1816,秦庄襄王,绿武,春秋战国
1817,秦康公,绿色,春秋战国
1818,秦德公,绿色,春秋战国
1819,秦怀公,绿色,春秋战国
1820,秦悼公,绿色,春秋战国
1821,秦悼武烈王,绿色,春秋战国
1822,秦惠公(战国),绿色,春秋战国
1823,秦惠公(春秋),绿色,春秋战国
1824,秦惠文王,绿色,春秋战国
1825,秦成公,绿色,春秋战国
1826,秦文公,绿色,春秋战国
1827,秦景公,绿色,春秋战国
1828,秦桓公,绿色,春秋战国
1829,秦武公,绿色,春秋战国
1830,秦灵公,绿色,春秋战国
1831,秦简公,绿色,春秋战国
1832,秦襄公,绿色,春秋战国
1833,秦躁公,绿文,春秋战国
1834,代王嘉,绿色,春秋战国
1835,赵幽缪王,绿色,春秋战国
1836,赵成侯,绿色,春秋战国
1837,赵敬侯,绿色,春秋战国
1838,赵桓子,绿色,春秋战国
1839,赵武公,绿色,春秋战国
1840,赵烈侯,绿色,春秋战国
1841,赵献侯,绿色,春秋战国
1842,赵简子,蓝文!,春秋战国
1843,赵肃侯,绿色,春秋战国
1844,赵襄子,绿色,春秋战国
1845,杞共公,绿色,春秋战国
1846,老子,未知,春秋战国
1847,五贤,未知,春秋战国
1848,宋朝 (人名),绿文,春秋战国
1849,文子,未知,春秋战国
1850,无颛,未知,春秋战国
1851,易牙,未知,春秋战国
1852,申包胥,未知,春秋战国
1853,西周惠公,未知,春秋战国
1854,西施,未知,春秋战国
1855,那桓王,未知,春秋战国
1856,邹衍,未知,春秋战国
1857,鄣丁公,未知,春秋战国
1858,鄣厉公,未知,春秋战国
1859,鄣定公,未知,春秋战国
1860,鄣平公,未知,春秋战国
1861,鄣康公,未知,春秋战国
1862,鄣懿公,未知,春秋战国
1863,鄣桓公,未知,春秋战国
1864,鄣武公,未知,春秋战国
1865,鄣穆公,未知,春秋战国
1866,鄣缪公,未知,春秋战国
1867,鄣胡公,未知,春秋战国
1868,鄣闵公,未知,春秋战国
1869,鄣隐公,未知,春秋战国
1870,鄣靖公,未知,春秋战国
1871,钟离春,未知,春秋战国
1872,错枝,未知,春秋战国
1873,阳虎,未知,春秋战国
1874,陈亢,未知,春秋战国
1875,陈灵公,未知,春秋战国
1876,鲁仲连,未知,春秋战国
1877,鲁元公,未知,春秋战国
1878,鲁共公,未知,春秋战国
1879,鲁厘公,未知,春秋战国
1880,鲁后文公,未知,春秋战国
1881,鲁哀公,未知,春秋战国
1882,鲁定公,未知,春秋战国
1883,鲁宣公,未知,春秋战国
1884,鲁平公,未知,春秋战国
1885,鲁庄公,未知,春秋战国
1886,鲁康公,未知,春秋战国
1887,鲁悼公,未知,春秋战国
1888,鲁惠公,未知,春秋战国
1889,鲁成公,未知,春秋战国
1890,鲁文公,未知,春秋战国
1891,鲁昭公,未知,春秋战国
1892,鲁景公,未知,春秋战国
1893,鲁穆公,未知,春秋战国
1894,鲁襄公,未知,春秋战国
1895,鲁闵公,未知,春秋战国
1896,鲁隐公,未知,春秋战国
1897,鲁顷公,未知,春秋战国
1898,鹿郢,未知,春秋战国
1899,龙阳君,未知,春秋战国
1900,姜不辰,未知,春秋战国
1901,姜光,未知,春秋战国
1902,姜寿,未知,春秋战国
1903,姜山,未知,春秋战国
1904,姜慈母,未知,春秋战国
1905,姜无忌,未知,春秋战国
1906,姜无知,未知,春秋战国
1907,姜禄甫,未知,春秋战国
1908,姜脱,未知,春秋战国
1909,姜荼,未知,春秋战国
1910,姜赤,未知,春秋战国
1911,姜阳生,未知,春秋战国
1912,姜静,未知,春秋战国
1913,田剡,未知,春秋战国
1914,田午,未知,春秋战国
1915,田和,未知,春秋战国
1916,田因齐,未知,春秋战国
1917,田庄子,未知,春秋战国
1918,田悼子,未知,春秋战国
1919,田法章,未知,春秋战国
1920,田辟强,未知,春秋战国
1921,齐丁公,未知,春秋战国
1922,齐中废公,未知,春秋战国
1923,齐乙公,未知,春秋战国
1924,齐前庄公,未知,春秋战国
1925,齐后废公,未知,春秋战国
1926,齐孝公,未知,春秋战国
1927,齐宣公,未知,春秋战国
1928,齐平公,未知,春秋战国
1929,齐康公,未知,春秋战国
1930,齐惠公,未知,春秋战国
1931,齐懿公,未知,春秋战国
1932,齐昭公,未知,春秋战国
1933,齐景公,未知,春秋战国
1934,齐桓公,未知,春秋战国
1935,齐愍王,未知,春秋战国
1936,齐灵公,未知,春秋战国
1937,齐王建,未知,春秋战国
1938,齐简公,未知,春秋战国
1939,齐襄公,未知,春秋战国
1940,齐顷公,未知,春秋战国
1941,魏哀王,未知,春秋战国
1942,魏安厘王,未知,春秋战国
1943,魏惠王,未知,春秋战国
1944,魏文侯,未知,春秋战国
1945,魏昭王,未知,春秋战国
1946,魏景愍王,未知,春秋战国
1947,魏桓子,未知,春秋战国
1948,魏武侯,未知,春秋战国
1949,魏王假,未知,春秋战国
1950,魏襄子,未知,春秋战国
1951,魏襄王,未知,春秋战国
1952,韩共侯,未知,春秋战国
1953,韩厘王,未知,春秋战国
1954,韩哀侯,未知,春秋战国
1955,韩威侯,未知,春秋战国
1956,韩废王,未知,春秋战国
1957,韩文侯,未知,春秋战国
1958,韩昭厘侯,未知,春秋战国
1959,韩景侯,未知,春秋战国
1960,韩桓惠王,未知,春秋战国
1961,韩武子,未知,春秋战国
1962,韩烈侯,未知,春秋战国
1963,韩王安,未知,春秋战国
1964,韩襄王,未知,春秋战国
1965,秦穆公,未知,春秋战国
1966,秦惠公,未知,春秋战国
1967,干将,紫武,春秋战国
1968,莫邪,紫武,春秋战国
1969,赵姬,未知,春秋战国
1970,秦罗缚,未知,春秋战国
1971,韦小宝,紫武,金庸
1972,陈近南,紫武,金庸
1973,澄观,蓝武,金庸
1974,小玄子,蓝色,金庸
1975,鳌拜,蓝武,金庸
1976,索额图,蓝武,金庸
1977,施琅,蓝武,金庸
1978,林兴珠,绿武,金庸
1979,孝庄,蓝武,金庸
1980,吴三桂,紫武,金庸
1981,建宁公主,绿色,金庸
1982,沐剑屏,绿色,金庸
1983,方怡,绿武,金庸
1984,双儿,蓝武,金庸
1985,苏荃,蓝武,金庸
1986,曾柔,绿色,金庸
1987,阿珂,绿色,金庸
1988,洪教主,蓝武,金庸
1989,慕天颜,绿色,金庸
1990,黄宗羲,绿色,金庸
1991,海大富,绿色,金庸
1992,赵良栋,绿色,金庸
1993,洪安通,绿色,金庸
1994,南怀仁,绿色,金庸
1995,佟国纲,蓝武,金庸
1996,吴应熊,绿武,金庸
1997,汤若望,绿武,金庸
1998,孙思克,蓝武,金庸
1999,郭怀一,绿武,金庸
2000,陈泽,绿色,金庸
2001,查士标,绿武,金庸
2002,多隆,绿色,金庸
2003,心溪,绿色,金庸
2004,郑克爽,绿色,金庸
2005,韦春花,绿武,金庸
2006,程维藩,绿色,金庸
2007,殷锦,绿色,金庸
2008,茅十八,绿武,金庸
2009,张勇,蓝武,金庸
2010,吴六奇,蓝武,金庸
2011,苏菲亚,绿武,金庸
2012,吴之荣,绿色,金庸
2013,杜立德,绿武,金庸
2014,吕葆中,绿武,金庸
2015,吕毅中,绿武,金庸
2016,米思翰,绿武,金庸
2017,冯锡范,蓝武,金庸
2018,王进宝,绿武,金庸
2019,卫周祚,绿文,金庸
2020,马齐,绿色,金庸
2021,佟图赖,绿色,金庸
2022,郎坦,绿武,金庸
2023,萨布素,绿武,金庸
2024,朋春,绿武,金庸
2025,巴海,绿色,金庸
2026,朱术桂,绿色,金庸
2027,揆一,绿色,金庸
2028,吴世璠,绿色,金庸
2029,郑克臧,绿色,金庸
2030,甘文焜,绿色,金庸
2031,李本,绿武,金庸
2032,彼得,绿武,金庸
2033,胡逸之,绿武,金庸
2034,罕贴摩,绿色,金庸
2035,瘦头陀,绿武,金庸
2036,桑结,绿色,金庸
2037,呼巴音,绿武,金庸
2038,法胜,绿武,金庸
2039,葛尔丹,绿武,金庸
2040,胖头陀,绿武,金庸
2041,邓炳春,绿武,金庸
2042,柳燕,绿色,金庸
2043,李西华,绿色,金庸
2044,董金魁,绿色,金庸
2045,敖彪,绿色,金庸
2046,刘一舟,绿武,金庸
2047,柳大洪,绿色,金庸
2048,赵齐贤,绿武,金庸
2049,张康年,绿武,金庸
2050,江百胜,绿武,金庸
2051,王武通,绿武,金庸
2052,卢一峰,绿色,金庸
2053,庄允城,绿武,金庸
2054,朱国桢,绿文,金庸
2055,李令晰,绿色,金庸
2056,神照上人,绿武,金庸
2057,行痴,绿武,金庸
2058,于八,绿色,金庸
2059,李三,紫色,金庸
2060,上官虹,绿武,金庸
2061,李文秀,绿色,金庸
2062,瓦尔拉齐,绿色,金庸
2063,霍元龙,绿色,金庸
2064,史仲俊,绿色,金庸
2065,陈达海,绿武,金庸
2066,苏鲁克,绿色,金庸
2067,车尔库,绿色,金庸
2068,马家骏,绿武,金庸
2069,丁同,绿色,金庸
2070,苏普,绿色,金庸
2071,阿曼,绿色,金庸
2072,桑斯,绿色,金庸
2073,云强盗,绿色,金庸
2074,全强盗,绿武,金庸
2075,宁强盗,绿色,金庸
2076,雅丽仙,绿武,金庸
2077,温青青,蓝色,金庸
2078,袁承志,紫武,金庸
2079,何红药,绿武,金庸
2080,阿九,蓝武,金庸
2081,夏雪宜,蓝武,金庸
2082,穆人清,绿武,金庸
2083,陈圆圆,绿武,金庸
2084,皇太极,紫武,金庸
2085,多尔衮,紫武,金庸
2086,温仪,绿色,金庸
2087,何铁手,蓝武,金庸
2088,归辛树,蓝武,金庸
2089,黄真,蓝武,金庸
2090,温方达,绿色,金庸
2091,温方义,绿武,金庸
2092,温方山,绿色,金庸
2093,温方施,绿色,金庸
2094,温方悟,绿武,金庸
2095,崔希敏,绿色,金庸
2096,木桑道长,绿色,金庸
2097,程青竹,绿色,金庸
2098,沙天广,绿色,金庸
2099,胡桂南,绿武,金庸
2100,安小慧,绿武,金庸
2101,安大娘,绿色,金庸
2102,李岩,绿色,金庸
2103,焦公礼,绿色,金庸
2104,罗立如,绿色,金庸
2105,齐云璈,绿色,金庸
2106,安剑清,绿色,金庸
2107,焦宛儿,绿武,金庸
2108,温正,绿色,金庸
2109,归二娘,绿武,金庸
2110,梅剑和,绿色,金庸
2111,孙敏君,绿武,金庸
2112,洪胜海,绿色,金庸
2113,玉真子,绿色,金庸
2114,孙仲寿,绿武,金庸
2115,朱安国,绿武,金庸
2116,罗大千,绿武,金庸
2117,张吉虎,绿色,金庸
2118,刘芳亮,绿色,金庸
2119,褚红柳,绿色,金庸
2120,铁罗汉,绿武,金庸
2121,荣彩,绿色,金庸
2122,孟伯飞,绿色,金庸
2123,孟铮,绿色,金庸
2124,闵子华,绿武,金庸
2125,洞玄,绿武,金庸
2126,史秉光,绿色,金庸
2127,史秉文,绿色,金庸
2128,曹化淳,绿武,金庸
2129,丁游,绿色,金庸
2130,小菊,绿色,金庸
2131,万里风,绿色,金庸
2132,马公子,绿武,金庸
2133,冯同知,绿武,金庸
2134,宁完我,绿武,金庸
2135,石骏,绿武,金庸
2136,冯难敌,绿色,金庸
2137,冯不摧,绿色,金庸
2138,冯不破,绿武,金庸
2139,吕七,绿色,金庸
2140,刘培生,绿武,金庸
2141,张朝唐,绿武,金庸
2142,张康,绿色,金庸
2143,杨鹏举,绿色,金庸
2144,张春九,绿武,金庸
2145,吴平,绿武,金庸
2146,张若谷,绿武,金庸
2147,孟铸,绿色,金庸
2148,单铁生,绿色,金庸
2149,秦栋,绿武,金庸
2150,倪浩,绿色,金庸
2151,温南扬,绿色,金庸
2152,董开山,绿色,金庸
2153,鲍承先,绿色,金庸
2154,黎刚,绿色,金庸
2155,田见秀,绿武,金庸
2156,胡一刀,蓝武,金庸
2157,陈家洛,紫武,金庸
2158,阎基,绿武,金庸
2159,苗人凤,蓝色,金庸
2160,福康安,绿武,金庸
2161,德布,绿色,金庸
2162,胡斐,紫武,金庸
2163,程灵素,蓝武,金庸
2164,钟兆文,绿色,金庸
2165,钟兆英,绿色,金庸
2166,钟兆能,绿色,金庸
2167,苗若兰,绿武,金庸
2168,商老太,绿色,金庸
2169,赵半山,绿色,金庸
2170,孙刚峰,绿武,金庸
2171,欧阳公政,绿色,金庸
2172,凤南天,绿色,金庸
2173,哈赤大师,绿武,金庸
2174,袁紫衣,绿武,金庸
2175,刘鹤真,绿色,金庸
2176,蓝秦,绿武,金庸
2177,姜铁山,绿武,金庸
2178,薛鹊,绿武,金庸
2179,田青文,绿武,金庸
2180,慕容景岳,绿色,金庸
2181,聂钺,绿色,金庸
2182,汪铁鹗,绿武,金庸
2183,秦耐之,绿色,金庸
2184,姬晓峰,绿武,金庸
2185,无青子,绿色,金庸
2186,大智禅师,绿色,金庸
2187,常赫志,绿色,金庸
2188,常伯志,绿色,金庸
2189,石双英,绿色,金庸
2190,童怀道,绿武,金庸
2191,木文察,绿色,金庸
2192,无尘道长,绿武,金庸
2193,余鱼同,绿武,金庸
2194,王维扬,绿色,金庸
2195,刘元鹤,绿武,金庸
2196,赛总管,绿色,金庸
2197,曹云奇,绿武,金庸
2198,文泰来,绿武,金庸
2199,陆菲青,绿武,金庸
2200,南兰,绿色,金庸
2201,商宝震,绿色,金庸
2202,田归农,绿色,金庸
2203,马行空,绿武,金庸
2204,马春花,绿武,金庸
2205,徐铮,绿武,金庸
2206,何思豪,绿色,金庸
2207,南仁通,绿色,金庸
2208,蒋调侯,绿色,金庸
2209,平四,绿武,金庸
2210,殷仲翔,绿武,金庸
2211,钟四嫂,绿色,金庸
2212,钟阿四,绿色,金庸
2213,凤七,绿武,金庸
2214,蛇皮张,绿武,金庸
2215,邝宝官,绿武,金庸
2216,凤一鸣,绿色,金庸
2217,尉迟连,绿武,金庸
2218,杨宾,绿色,金庸
2219,崔百胜,绿色,金庸
2220,曹猛,绿色,金庸
2221,易吉,绿色,金庸
2222,王仲萍,绿武,金庸
2223,张飞雄,绿武,金庸
2224,姜小铁,绿武,金庸
2225,褚轰,绿色,金庸
2226,周铁鹤,绿色,金庸
2227,曾铁鸥,绿武,金庸
2228,任通武,绿武,金庸
2229,蔡威,绿色,金庸
2230,汤沛,绿武,金庸
2231,海兰弼,绿武,金庸
2232,相国夫人,绿武,金庸
2233,黄希节,绿色,金庸
2234,文醉翁,绿武,金庸
2235,周隆,绿色,金庸
2236,郭玉堂,绿色,金庸
2237,齐伯涛,绿武,金庸
2238,石万嗔,绿武,金庸
2239,陈高波,绿色,金庸
2240,安提督宗雄,绿色,金庸
2241,桑飞虹,绿色,金庸
2242,倪不大,绿色,金庸
2243,倪不小,绿色,金庸
2244,心砚,绿武,金庸
2245,刘之余,绿色,金庸
2246,李廷豹,绿色,金庸
2247,司徒雷,绿色,金庸
2248,李沅芷,绿色,金庸
2249,王剑英,绿武,金庸
2250,西灵道人,绿色,金庸
2251,田安豹,绿色,金庸
2252,熊元献,绿色,金庸
2253,陶百岁,绿武,金庸
2254,陶子安,绿武,金庸
2255,阮士中,绿武,金庸
2256,周云阳,绿色,金庸
2257,上官铁生,绿武,金庸
2258,琴儿,绿色,金庸
2259,王剑杰,绿色,金庸
2260,陈禹,绿色,金庸
2261,丁典,蓝武,金庸
2262,梅念笙,蓝武,金庸
2263,血刀老祖,蓝武,金庸
2264,狄云,紫武,金庸
2265,水笙,绿色,金庸
2266,水岱,绿武,金庸
2267,刘乘风,绿武,金庸
2268,言达平,绿色,金庸
2269,花铁干,绿武,金庸
2270,陆天抒,绿色,金庸
2271,宝象和尚,绿武,金庸
2272,戚芳,绿色,金庸
2273,凌退思,绿色,金庸
2274,凌霜华,绿武,金庸
2275,戚长发,绿武,金庸
2276,万震山,绿色,金庸
2277,万圭,绿武,金庸
2278,卜垣,绿色,金庸
2279,马大鸣,绿色,金庸
2280,孙均,绿武,金庸
2281,冯坦,绿武,金庸
2282,平工头,绿武,金庸
2283,汪啸风,绿色,金庸
2284,吴坎,绿武,金庸
2285,沈城,绿色,金庸
2286,周圻,绿色,金庸
2287,空心菜,绿色,金庸
2288,桃红,绿色,金庸
2289,高管家,绿色,金庸
2290,铁匠,绿武,金庸
2291,鱼贩头子,绿色,金庸
2292,菊友,绿武,金庸
2293,鲁坤,绿武,金庸
2294,教书先生,绿色,金庸
2295,欧阳峰,紫武,金庸
2296,黄裳,紫武,金庸
2297,王重阳,紫武,金庸
2298,郭靖,紫武,金庸
2299,洪七公,紫武,金庸
2300,黄药师,紫武,金庸
2301,一灯大师,紫武,金庸
2302,周伯通,蓝武!,金庸
2303,黄蓉,紫武,金庸
2304,裘千仞,绿武,金庸
2305,梅超风,绿武,金庸
2306,郝大通,绿武,金庸
2307,马钰,绿武,金庸
2308,王处一,蓝色,金庸
2309,孙不二,绿武,金庸
2310,刘玄处,蓝色,金庸
2311,谭处端,绿武,金庸
2312,刘瑛姑,绿色,金庸
2313,杨康,蓝武,金庸
2314,书生,绿色,金庸
2315,王罕,绿武,金庸
2316,尹志平,绿武,金庸
2317,冯衡,蓝武,金庸
2318,术赤,绿色,金庸
2319,天竺僧人,绿武,金庸
2320,曲三,绿色,金庸
2321,全金发,绿武,金庸
2322,朱聪,绿武,金庸
2323,陈玄风,绿武,金庸
2324,陆乘风,绿色,金庸
2325,沙通天,绿色,金庸
2326,农夫,绿武,金庸
2327,灵智上人,绿色,金庸
2328,杨铁心,绿色,金庸
2329,张阿生,绿武,金庸
2330,欧阳克,绿色,金庸
2331,郭啸天,绿武,金庸
2332,侯通海,绿武,金庸
2333,柯镇恶,绿武,金庸
2334,梁子翁,绿色,金庸
2335,渔人,绿色,金庸
2336,韩宝驹,绿色,金庸
2337,韩小莹,绿武,金庸
2338,鲁有脚,绿武,金庸
2339,穆念慈,绿色,金庸
2340,彭连虎,绿色,金庸
2341,裘千丈,蓝武,金庸
2342,樵子,绿色,金庸
2343,包惜弱,绿武,金庸
2344,华筝,绿武,金庸
2345,李萍,绿武,金庸
2346,完颜洪烈,绿武,金庸
2347,枯木,绿武,金庸
2348,梁长老,绿色,金庸
2349,南希仁,绿武,金庸
2350,马青雄,绿色,金庸
2351,小沙弥,绿色,金庸
2352,沈青刚,绿色,金庸
2353,书记,绿色,金庸
2354,吕文德,绿色,金庸
2355,乔寨主,绿武,金庸
2356,傻姑,绿武,金庸
2357,汤祖德,绿色,金庸
2358,完颜洪熙,绿武,金庸
2359,陆冠英,绿色,金庸
2360,吴青烈,绿武,金庸
2361,余兆兴,绿武,金庸
2362,张十五,绿色,金庸
2363,忽都虎,绿色,金庸
2364,者勒米,绿武,金庸
2365,段天德,绿武,金庸
2366,姜文,绿色,金庸
2367,胖妇人,绿色,金庸
2368,胖子,绿色,金庸
2369,胖丐,绿武,金庸
2370,哑梢公,绿武,金庸
2371,都史,绿武,金庸
2372,钱青健,绿色,金庸
2373,桑昆,绿武,金庸
2374,盖运聪,绿武,金庸
2375,程瑶迦,绿色,金庸
2376,彭长老,绿色,金庸
2377,童子,绿色,金庸
2378,简长老,绿色,金庸
2379,焦木和尚,绿色,金庸
2380,简管家,绿色,金庸
2381,瘦丐,绿色,金庸
2382,黎生,绿色,金庸
2383,酸儒文人,绿色,金庸
2384,杨过,紫武,金庸
2385,小龙女,紫武,金庸
2386,林朝英,蓝武,金庸
2387,金轮法王,蓝武,金庸
2388,卓天雄,绿武,金庸
2389,萧半和,绿武,金庸
2390,萧中慧,绿武,金庸
2391,袁冠男,绿武,金庸
2392,独孤求败,紫武,金庸
2393,刘处玄,绿色,金庸
2394,公孙止,绿色,金庸
2395,李莫愁,蓝武,金庸
2396,达尔巴,绿色,金庸
2397,朱子柳,绿武,金庸
2398,觉远大师,蓝武,金庸
2399,武三通,绿色,金庸
2400,耶律齐,绿色,金庸
2401,赵志敬,绿色,金庸
2402,郭襄,绿色,金庸
2403,裘千尺,绿武,金庸
2404,潇湘子,绿色,金庸
2405,霍都,绿色,金庸
2406,樊一翁,绿色,金庸
2407,程英,绿色,金庸
2408,任飞燕,绿武,金庸
2409,林玉龙,绿色,金庸
2410,子聪,绿武,金庸
2411,丁大全,绿武,金庸
2412,人厨子,绿武,金庸
2413,九死生,绿武,金庸
2414,圣因师太,绿色,金庸
2415,小王将军,绿色,金庸
2416,大头鬼,绿武,金庸
2417,无常鬼,绿武,金庸
2418,煞神鬼,绿色,金庸
2419,捣鬼,绿色,金庸
2420,催命鬼,绿武,金庸
2421,讨债鬼,绿色,金庸
2422,丧门鬼,绿武,金庸
2423,俏鬼,绿色,金庸
2424,笑脸鬼,绿武,金庸
2425,史伯威,绿武,金庸
2426,史仲孟,绿武,金庸
2427,史叔刚,绿武,金庸
2428,史季强,绿色,金庸
2429,史孟捷,绿色,金庸
2430,王志坦,绿武,金庸
2431,王惟忠,绿武,金庸
2432,尹克西,绿武,金庸
2433,天竺僧,绿色,金庸
2434,孙婆婆,绿武,金庸
2435,公孙绿萼,绿色,金庸
2436,申志凡,绿色,金庸
2437,皮清玄,绿武,金庸
2438,冯默风,绿武,金庸
2439,尼摩星,绿色,金庸
2440,李志常,绿武,金庸
2441,百草仙,绿色,金庸
2442,陆立鼎,绿色,金庸
2443,陆二娘,绿武,金庸
2444,张志光,绿色,金庸
2445,宋德方,绿武,金庸
2446,韩无垢,绿武,金庸
2447,童大海,绿色,金庸
2448,陆无双,绿武,金庸
2449,武敦儒,绿色,金庸
2450,武修文,绿武,金庸
2451,武三娘,绿武,金庸
2452,耶律晋,绿武,金庸
2453,洪凌波,绿色,金庸
2454,柔儿,绿色,金庸
2455,郭破虏,绿色,金庸
2456,宋五,绿色,金庸
2457,点苍渔隐,绿武,金庸
2458,郭芙,绿色,金庸
2459,鹿清笃,绿色,金庸
2460,萨多,绿武,金庸
2461,程遥迦,绿武,金庸
2462,雷猛,绿色,金庸
2463,藏边大丑,绿武,金庸
2464,藏边二丑,绿武,金庸
2465,藏边三丑,绿武,金庸
2466,藏边四丑,绿武,金庸
2467,藏边五丑,绿武,金庸
2468,周威信,绿色,金庸
2469,杨夫人,绿武,金庸
2470,袁夫人,绿色,金庸
2471,逍遥子,绿色,金庸
2472,常长风,绿色,金庸
2473,花剑影,绿武,金庸
2474,盖一鸣,绿色,金庸
2475,完颜萍,绿武,金庸
2476,张一氓,绿色,金庸
2477,耶律燕,绿色,金庸
2478,崔志方,绿色,金庸
2479,书僮,绿武,金庸
2480,袁士霄,绿武,金庸
2481,天镜大师,绿武,金庸
2482,大痴,绿武,金庸
2483,于万亭,绿武,金庸
2484,大癫,蓝色,金庸
2485,大苦,绿武,金庸
2486,无尘道人,蓝武!,金庸
2487,天虹禅师,绿武,金庸
2488,纳斯尔丁·阿凡提,绿武,金庸
2489,卫春华,绿色,金庸
2490,万庆澜,绿色,金庸
2491,马真,绿武,金庸
2492,木卓伦,绿色,金庸
2493,元伤,绿色,金庸
2494,元痛,绿色,金庸
2495,元悲,绿武,金庸
2496,贝人龙,绿色,金庸
2497,兆惠,绿色,金庸
2498,关明梅,绿武,金庸
2499,李可秀,绿武,金庸
2500,杨成协,绿武,金庸
2501,和珅,绿文,金庸
2502,章进,绿色,金庸
2503,周绮,绿色,金庸
2504,罗信,绿武,金庸
2505,周仲英,绿色,金庸
2506,呼音克,绿武,金庸
2507,骆冰,绿武,金庸
2508,徐天宏,绿色,金庸
2509,顾金标,绿色,金庸
2510,蒋四根,绿武,金庸
2511,喀丝丽,绿文,金庸
2512,乾隆皇帝,绿色,金庸
2513,腾一雷,绿色,金庸
2514,瑞大林,绿武,金庸
2515,霍青桐,绿武,金庸
2516,骆元通,绿色,金庸
2517,马善均,绿色,金庸
2518,马敬侠,绿色,金庸
2519,上官毅山,绿武,金庸
2520,马大挺,绿武,金庸
2521,方有德,绿文,金庸
2522,王道,绿色,金庸
2523,尹章垓,绿色,金庸
2524,冯辉,绿色,金庸
2525,玉如意,绿色,金庸
2526,平旺先,绿色,金庸
2527,龙骏,绿色,金庸
2528,白振,绿武,金庸
2529,孙老三,绿武,金庸
2530,孙克通,绿武,金庸
2531,安健刚,绿色,金庸
2532,成璜,绿色,金庸
2533,朱祖荫,绿色,金庸
2534,吴国栋,绿色,金庸
2535,迟玄,绿文,金庸
2536,张安官,绿色,金庸
2537,玛米尔,绿文,金庸
2538,孟健雄,绿武,金庸
2539,陈正德,绿武,金庸
2540,宋善朋,绿色,金庸
2541,张召重,绿色,金庸
2542,言伯乾,绿武,金庸
2543,汪浩天,绿色,金庸
2544,阿里,绿文,金庸
2545,宋天保,绿武,金庸
2546,武铭,绿文,金庸
2547,凯别兴,绿色,金庸
2548,哈合台,绿文,金庸
2549,周阿三,绿色,金庸
2550,范中恩,绿武,金庸
2551,忽伦大虎,绿武,金庸
2552,和尔大,绿文,金庸
2553,晴画,绿色,金庸
2554,周英杰,绿色,金庸
2555,忽伦二虎,绿武,金庸
2556,忽伦三虎,绿武,金庸
2557,忽伦四虎,绿武,金庸
2558,皇太后,绿文,金庸
2559,胡老爷,绿文,金庸
2560,唐六爷,绿色,金庸
2561,阎世章,绿武,金庸
2562,阎世魁,绿色,金庸
2563,桑拉巴,绿色,金庸
2564,教长,绿文,金庸
2565,钱正伦,绿武,金庸
2566,梅良鸣,绿色,金庸
2567,曹司朋,绿文,金庸
2568,曹能,绿色,金庸
2569,韩文冲,绿色,金庸
2570,韩春霖,绿色,金庸
2571,蒋天寿,绿武,金庸
2572,瑞芳,绿色,金庸
2573,周大奶奶,绿文,金庸
2574,焦文期,绿武,金庸
2575,褚圆,绿武,金庸
2576,曾图南,绿色,金庸
2577,童兆和,绿武,金庸
2578,覃天丞,绿武,金庸
2579,彭三春,绿色,金庸
2580,德鄂,绿色,金庸
2581,霍阿伊,绿色,金庸
2582,戴永明,绿武,金庸
2583,陈世倌,绿色,金庸
2584,完颜阿骨打,绿武,金庸
2585,无名老僧,紫武,金庸
2586,萧峰,紫色,金庸
2587,萧远山,蓝武,金庸
2588,段誉,紫武,金庸
2589,虚竹,蓝色,金庸
2590,天山童姥,蓝武,金庸
2591,王语嫣,绿武,金庸
2592,无崖子,蓝武,金庸
2593,枯荣长老,绿武,金庸
2594,李秋水,蓝武,金庸
2595,鸠摩智,蓝武,金庸
2596,段延庆,蓝武,金庸
2597,慕容复,蓝武,金庸
2598,慕容博,蓝武,金庸
2599,刀白凤,绿武,金庸
2600,丁春秋,蓝武,金庸
2601,苏星河,绿武,金庸
2602,赵煦,绿武,金庸
2603,云中鹤,绿色,金庸
2604,段正明,蓝武,金庸
2605,岳老三,绿色,金庸
2606,白世镜,绿色,金庸
2607,本参,绿色,金庸
2608,本观,绿武,金庸
2609,本相,绿色,金庸
2610,本因,绿色,金庸
2611,梦姑,绿色,金庸
2612,玄寂,绿色,金庸
2613,玄难,绿色,金庸
2614,叶二娘,绿色,金庸
2615,华赫艮,绿色,金庸
2616,范骅,绿色,金庸
2617,巴天石,绿色,金庸
2618,全冠清,绿武,金庸
2619,阮星竹,绿色,金庸
2620,阿朱,绿武,金庸
2621,阿紫,绿色,金庸
2622,波罗星,绿色,金庸
2623,陈孤雁,绿武,金庸
2624,奚长老,绿武,金庸
2625,吴长风,绿武,金庸
2626,宋长老,绿色,金庸
2627,秦红棉,绿色,金庸
2628,单正,绿色,金庸
2629,神山上人,绿武,金庸
2630,慧轮,绿色,金庸
2631,观心大师,绿色,金庸
2632,道清大师,绿武,金庸
2633,觉贤大师,绿武,金庸
2634,融智大师,绿色,金庸
2635,神音大师,绿色,金庸
2636,哲罗星,绿色,金庸
2637,赵钱孙,绿武,金庸
2638,符敏仪,绿武,金庸
2639,谭青,绿色,金庸
2640,谭公,绿色,金庸
2641,谭婆,绿色,金庸
2642,赫连铁树,绿色,金庸
2643,耶律洪基,蓝武,金庸
2644,游坦之,蓝武！,金庸
2645,马夫人,绿武,金庸
2646,钟灵,绿色,金庸
2647,马五德,绿武,金庸
2648,于光豪,绿色,金庸
2649,李春来,绿色,金庸
2650,不平道人,绿武,金庸
2651,邓百川,绿武,金庸
2652,风波恶,绿色,金庸
2653,甘宝宝,绿武,金庸
2654,公冶干,绿文,金庸
2655,木婉清,绿色,金庸
2656,太皇太后,绿色,金庸
2657,乌老大,绿色,金庸
2658,云岛主,绿武,金庸
2659,止清,绿色,金庸
2660,包不同,绿色,金庸
2661,出尘子,绿武,金庸
2662,摘星子,绿色,金庸
2663,狮吼子,绿武,金庸
2664,冯阿三,绿色,金庸
2665,康广陵,绿色,金庸
2666,范百龄,绿武,金庸
2667,苟读,绿武,金庸
2668,吴领军,绿色,金庸
2669,薛慕华,绿武,金庸
2670,石清露,绿武,金庸
2671,李傀儡,绿武,金庸
2672,梅剑,绿武,金庸
2673,兰剑,绿武,金庸
2674,竹剑,绿武,金庸
2675,菊剑,绿武,金庸
2676,古笃诚,绿色,金庸
2677,朱丹臣,绿色,金庸
2678,褚万里,绿色,金庸
2679,傅思归,绿武,金庸
2680,过彦之,绿色,金庸
2681,平婆婆,绿色,金庸
2682,瑞婆婆,绿武,金庸
2683,司空玄,绿武,金庸
2684,左子穆,绿文,金庸
2685,辛双清,绿色,金庸
2686,司马林,绿武,金庸
2687,玄生,绿色,金庸
2688,玄鸣,绿武,金庸
2689,玄石,绿色,金庸
2690,玄渡,绿色,金庸
2691,玄愧,绿色,金庸
2692,玄念,绿色,金庸
2693,玄净,绿色,金庸
2694,刘竹庄,绿色,金庸
2695,努儿海,绿色,金庸
2696,耶律莫哥,绿武,金庸
2697,耶律涅鲁古,绿色,金庸
2698,吴光胜,绿色,金庸
2699,郁光标,绿武,金庸
2700,张全祥,绿色,金庸
2701,单伯山,绿武,金庸
2702,单仲山,绿武,金庸
2703,单叔山,绿色,金庸
2704,单季山,绿色,金庸
2705,单小山,绿色,金庸
2706,易大彪,绿色,金庸
2707,哈大霸,绿色,金庸
2708,室里,绿武,金庸
2709,钟万仇,绿色,金庸
2710,高升泰,蓝武！,金庸
2711,龚光杰,绿武,金庸
2712,容子矩,绿文,金庸
2713,葛光佩,绿色,金庸
2714,褚师弟,绿色,金庸
2715,桑土公,绿色,金庸
2716,玄黄子,绿色,金庸
2717,章达夫,绿武,金庸
2718,端木元,绿色,金庸
2719,黎夫人,绿色,金庸
2720,崔绿华,绿武,金庸
2721,诸保昆,绿色,金庸
2722,唐光雄,绿色,金庸
2723,崔百泉,绿武,金庸
2724,钦岛主,绿色,金庸
2725,霍洞主,绿色,金庸
2726,司马岛主,绿武,金庸
2727,于洞主,绿武,金庸
2728,安洞主,绿色,金庸
2729,九翼道人,绿色,金庸
2730,区岛主,绿武,金庸
2731,游骥,绿色,金庸
2732,游驹,绿色,金庸
2733,穆贵妃,绿色,金庸
2734,龙岛主,蓝武,金庸
2735,木岛主,蓝武,金庸
2736,石破天,紫武,金庸
2737,白自在,绿武,金庸
2738,石中玉,蓝色,金庸
2739,李四,绿武,金庸
2740,谢烟客,蓝文,金庸
2741,丁不三,绿色,金庸
2742,丁不四,绿色,金庸
2743,丁珰,绿武,金庸
2744,天虚,绿武,金庸
2745,大悲老人,绿色,金庸
2746,白万剑,绿色,金庸
2747,安奉日,绿武,金庸
2748,齐自勉,绿色,金庸
2749,成自学,绿色,金庸
2750,梁自进,绿武,金庸
2751,廖自砺,绿色,金庸
2752,梅芳姑,绿色,金庸
2753,花万紫,绿武,金庸
2754,封万里,绿色,金庸
2755,石清,绿色,金庸
2756,闵柔,绿武,金庸
2757,贝海石,绿武,金庸
2758,白阿绣,绿色,金庸
2759,愚茶道长,绿武,金庸
2760,妙谛大师,绿武,金庸
2761,元澄道人,绿色,金庸
2762,王万仞,绿武,金庸
2763,尤得胜,绿武,金庸
2764,风良,绿色,金庸
2765,冯振武,绿色,金庸
2766,孙万年,绿武,金庸
2767,褚万春,绿武,金庸
2768,司徒横,绿色,金庸
2769,史小翠,绿色,金庸
2770,李大元,绿色,金庸
2771,米横野,绿武,金庸
2772,李万山,绿武,金庸
2773,冲虚,绿色,金庸
2774,照虚,绿色,金庸
2775,吕正平,绿色,金庸
2776,高三娘子,绿色,金庸
2777,吴道通,绿色,金庸
2778,周牧,绿色,金庸
2779,西门观止,绿武,金庸
2780,邱山风,绿武,金庸
2781,陈冲之,绿色,金庸
2782,展飞,绿武,金庸
2783,汪万翼,绿武,金庸
2784,杨光,绿武,金庸
2785,范一飞,绿武,金庸
2786,呼延万善,绿武,金庸
2787,郑光芝,绿武,金庸
2788,解文豹,绿色,金庸
2789,柯万钧,绿武,金庸
2790,闻万夫,绿武,金庸
2791,胡大哥,绿武,金庸
2792,耿万钟,绿武,金庸
2793,梅文馨,绿武,金庸
2794,温仁厚,绿色,金庸
2795,侍剑,绿色,金庸
2796,风清扬,蓝武,金庸
2797,令狐冲,紫武,金庸
2798,东方不败,紫武,金庸
2799,方证,绿武,金庸
2800,冲虚道长,绿武,金庸
2801,任我行,紫武,金庸
2802,岳不群,蓝武,金庸
2803,不戒和尚,绿色,金庸
2804,方生,绿武,金庸
2805,宁中则,绿武,金庸
2806,田伯光,蓝武,金庸
2807,仪琳,绿武,金庸
2808,左冷禅,绿武,金庸
2809,向问天,蓝武,金庸
2810,任盈盈,蓝武,金庸
2811,岳灵珊,绿武,金庸
2812,林平之,蓝武,金庸
2813,林远图,绿武,金庸
2814,蓝凤凰,绿武,金庸
2815,卜沉,绿色,金庸
2816,丁坚,绿色,金庸
2817,丁勉,绿色,金庸
2818,上官云,绿武,金庸
2819,万大平,绿色,金庸
2820,于人豪,绿色,金庸
2821,于嫂,绿色,金庸
2822,长青子,绿武,金庸
2823,仇松年,绿武,金庸
2824,丹青生,绿色,金庸
2825,邓八公,绿色,金庸
2826,方人智,绿武,金庸
2827,天门道人,绿色,金庸
2828,计无施,绿色,金庸
2829,木高峰,绿武,金庸
2830,丛不弃,绿武,金庸
2831,王伯奋,绿色,金庸
2832,王诚,绿色,金庸
2833,天乙道人,绿色,金庸
2834,王夫人,绿武,金庸
2835,王家驹,绿武,金庸
2836,王家骏,绿武,金庸
2837,王元霸,绿武,金庸
2838,王仲强,绿武,金庸
2839,白二,绿色,金庸
2840,白熊,绿武,金庸
2841,天松道人,绿色,金庸
2842,乐厚,绿武,金庸
2843,平夫人,绿色,金庸
2844,平一指,绿武,金庸
2845,申人俊,绿武,金庸
2846,史镖头,绿色,金庸
2847,史登达,绿色,金庸
2848,司马大,绿色,金庸
2849,仪和,绿色,金庸
2850,仪清,绿武,金庸
2851,玉玑子,绿武,金庸
2852,玉灵道人,绿武,金庸
2853,玉磬子,绿武,金庸
2854,玉音子,绿色,金庸
2855,玉钟子,绿色,金庸
2856,成不忧,绿武,金庸
2857,齐堂主,绿色,金庸
2858,吉人通,绿色,金庸
2859,老不死,绿武,金庸
2860,老头子,绿武,金庸
2861,刘菁,绿武,金庸
2862,刘芹,绿武,金庸
2863,刘正风,蓝色,金庸
2864,米为义,绿色,金庸
2865,成高道人,绿武,金庸
2866,曲非烟,绿色,金庸
2867,曲洋,绿色,金庸
2868,汤英颚,绿武,金庸
2869,西宝,绿色,金庸
2870,向大年,绿色,金庸
2871,陈七,绿色,金庸
2872,陈歪嘴,绿武,金庸
2873,迟百诚,绿武,金庸
2874,狄镖头,绿武,金庸
2875,狄修,绿武,金庸
2876,杜长老,绿色,金庸
2877,何三七,绿色,金庸
2878,季镖头,绿色,金庸
2879,定静师太,绿武,金庸
2880,劳德诺,绿色,金庸
2881,陆柏,绿武,金庸
2882,陆大有,绿武,金庸
2883,沙天江,绿色,金庸
2884,秃笔翁,绿武,金庸
2885,吴柏英,绿色,金庸
2886,吴天德,绿色,金庸
2887,辛国梁,绿色,金庸
2888,严三星,绿色,金庸
2889,杨莲亭,绿色,金庸
2890,余人彦,绿武,金庸
2891,余沧海,绿武,金庸
2892,张夫人,绿色,金庸
2893,张金鏊,绿武,金庸
2894,定逸,绿武,金庸
2895,建除,绿色,金庸
2896,林震南,绿武,金庸
2897,罗人杰,绿色,金庸
2898,易国梓,绿武,金庸
2899,易师爷,绿武,金庸
2900,易堂主,绿武,金庸
2901,英白罗,绿色,金庸
2902,英长老,绿武,金庸
2903,郑镖头,绿色,金庸
2904,郑萼,绿色,金庸
2905,周孤桐,绿色,金庸
2906,费彬,绿色,金庸
2907,封不平,绿色,金庸
2908,洪人雄,绿武,金庸
2909,侯人英,绿武,金庸
2910,觉月,绿色,金庸
2911,施戴子,绿色,金庸
2912,施令威,绿色,金庸
2913,闻先生,绿武,金庸
2914,哑婆婆,绿色,金庸
2915,钟镇,绿武,金庸
2916,祝镖头,绿色,金庸
2917,祖千秋,绿色,金庸
2918,高克新,绿色,金庸
2919,高明根,绿武,金庸
2920,贾布,绿色,金庸
2921,贾人达,绿武,金庸
2922,夏老拳师,绿武,金庸
2923,秦娟,绿武,金庸
2924,秦伟帮,绿色,金庸
2925,桑三娘,绿色,金庸
2926,桃干仙,绿色,金庸
2927,桃根仙,绿色,金庸
2928,桃花仙,绿武,金庸
2929,桃实仙,绿武,金庸
2930,桃叶仙,绿武,金庸
2931,桃枝仙,绿色,金庸
2932,陶钧,绿色,金庸
2933,莫大,绿武,金庸
2934,崔镖头,绿色,金庸
2935,黄伯流,绿色,金庸
2936,黄国柏,绿武,金庸
2937,黄钟公,绿色,金庸
2938,假东方不败,绿色,金庸
2939,绿竹翁,绿色,金庸
2940,游迅,绿武,金庸
2941,葛长老,绿色,金庸
2942,震山子,绿色,金庸
2943,黑白子,绿武,金庸
2944,黑熊,绿色,金庸
2945,麻衣汉子,绿武,金庸
2946,鲁连荣,绿色,金庸
2947,舒奇,绿色,金庸
2948,童百熊,绿武,金庸
2949,鲍大楚,绿色,金庸
2950,解风,绿武,金庸
2951,谭迪人,绿色,金庸
2952,清虚道人,绿武,金庸
2953,无色,绿武,金庸
2954,无相禅师,绿武,金庸
2955,朱元璋,绿武,金庸
2956,阳顶天,绿武,金庸
2957,何足道,蓝武！,金庸
2958,杨姐姐,绿武,金庸
2959,周芷若,蓝武,金庸
2960,觉远,绿武,金庸
2961,赵敏,蓝武,金庸
2962,渡劫,蓝色,金庸
2963,渡难,蓝武,金庸
2964,渡厄,蓝武,金庸
2965,天鸣方丈,绿色,金庸
2966,谢逊,蓝武,金庸
2967,成昆,蓝武,金庸
2968,圆真,蓝色,金庸
2969,张无忌,紫武,金庸
2970,空见,蓝武,金庸
2971,王难姑,绿武,金庸
2972,邓愈,绿色,金庸
2973,韦一笑,蓝武,金庸
2974,王八衰,绿武,金庸
2975,方东白,绿色,金庸
2976,史火龙,绿色,金庸
2977,平等宝树王,绿色,金庸
2978,孙三毁,绿武,金庸
2979,冷谦,绿武,金庸
2980,汤和,绿武,金庸
2981,纪晓芙,绿武,金庸
2982,齐心宝树王,绿武,金庸
2983,李四摧,绿武,金庸
2984,李天恒,绿武,金庸
2985,杨逍,蓝武,金庸
2986,妙风使,绿武,金庸
2987,吴劲草,绿色,金庸
2988,吴六破,绿武,金庸
2989,张中,绿武,金庸
2990,何太冲,绿色,金庸
2991,阿二,绿武,金庸
2992,阿三,绿色,金庸
2993,宋远桥,绿色,金庸
2994,张翠山,蓝武,金庸
2995,宗维侠,绿武,金庸
2996,范遥,绿武,金庸
2997,周颠,绿色,金庸
2998,空闻,绿武,金庸
2999,空智,绿色,金庸
3000,空性,绿色,金庸
3001,周五输,绿武,金庸
3002,郑七灭,绿武,金庸
3003,金花婆婆,蓝武,金庸
3004,说不得,绿色,金庸
3005,胡青牛,绿色,金庸
3006,俞连舟,绿武,金庸
3007,俞岱岩,绿色,金庸
3008,徐达,蓝武,金庸
3009,唐洋,绿色,金庸
3010,高老者,绿武,金庸
3011,唐文亮,绿色,金庸
3012,流云使,绿色,金庸
3013,俱明宝树王,绿武,金庸
3014,钱二败,绿武,金庸
3015,殷野王,绿色,金庸
3016,殷天正,蓝武,金庸
3017,殷素素,绿武,金庸
3018,殷梨亭,绿色,金庸
3019,莫声谷,绿色,金庸
3020,常敬之,绿武,金庸
3021,常遇春,蓝武,金庸
3022,常胜宝树王,蓝武,金庸
3023,鹿杖客,绿武,金庸
3024,彭莹玉,绿色,金庸
3025,辉月使,绿武,金庸
3026,韩千叶,绿武,金庸
3027,矮老者,绿武,金庸
3028,庄铮,绿色,金庸
3029,鲜于通,绿色,金庸
3030,颜恒,绿色,金庸
3031,鹤笔翁,绿武,金庸
3032,灭绝师太,蓝武,金庸
3033,元广波,绿色,金庸
3034,方天劳,绿色,金庸
3035,云鹤,绿色,金庸
3036,五姑,绿色,金庸
3037,贝锦仪,绿色,金庸
3038,小玲,绿色,金庸
3039,太虚子,绿色,金庸
3040,史红石,绿武,金庸
3041,叶长青,绿色,金庸
3042,白龟寿,绿色,金庸
3043,传功长老,绿武,金庸
3044,祁天彪,绿武,金庸
3045,朱长龄,绿武,金庸
3046,西华子,绿色,金庸
3047,刘敖,绿色,金庸
3048,过三拳,绿色,金庸
3049,刚相,绿武,金庸
3050,朱九真,绿色,金庸
3051,乔福,绿武,金庸
3052,苏梦清,绿武,金庸
3053,司徒千钟,绿色,金庸
3054,季长老,绿武,金庸
3055,花云,绿色,金庸
3056,吴良,绿色,金庸
3057,吴祯,绿色,金庸
3058,麦鲸,绿色,金庸
3059,执法长老,绿色,金庸
3060,杜百当,绿色,金庸
3061,辛然,绿色,金庸
3062,邵鹤,绿色,金庸
3063,邵燕,绿色,金庸
3064,寿南山,绿武,金庸
3065,孟正鸿,绿色,金庸
3066,灵虚,绿色,金庸
3067,宋青书,绿武,金庸
3068,杨不悔,绿色,金庸
3069,苏习之,绿色,金庸
3070,麦少帮主,绿武,金庸
3071,郑长老,绿色,金庸
3072,拨速台,绿色,金庸
3073,明月,绿色,金庸
3074,武青婴,绿色,金庸
3075,武烈,绿武,金庸
3076,易三娘,绿武,金庸
3077,泉建男,绿色,金庸
3078,郝密,绿武,金庸
3079,闻苍松,绿色,金庸
3080,哈总管,绿色,金庸
3081,赵一伤,绿武,金庸
3082,封坛主,绿色,金庸
3083,贺老三,绿色,金庸
3084,宫九佳,绿色,金庸
3085,欧阳牧之,绿武,金庸
3086,姚清泉,绿武,金庸
3087,胡青羊,绿色,金庸
3088,都大锦,绿武,金庸
3089,高则成,绿色,金庸
3090,夏胄,绿武,金庸
3091,圆业,绿色,金庸
3092,圆心,绿色,金庸
3093,殷无禄,绿武,金庸
3094,殷无福,绿色,金庸
3095,殷无寿,绿色,金庸
3096,殷离,绿武,金庸
3097,班淑娴,绿武,金庸
3098,常金鹏,绿色,金庸
3099,清风,绿色,金庸
3100,掌棒龙头,绿武,金庸
3101,蒋涛,绿武,金庸
3102,程坛主,绿色,金庸
3103,掌钵龙头,绿武,金庸
3104,简捷,绿色,金庸
3105,詹春,绿色,金庸
3106,静空,绿色,金庸
3107,静照,绿武,金庸
3108,静迦,绿色,金庸
3109,静慧,绿武,金庸
3110,秦老五,绿色,金庸
3111,察罕特穆尔,绿武,金庸
3112,德成,绿色,金庸
3113,潘天耕,绿色,金庸
3114,薛公远,绿武,金庸
3115,圆音,绿色,金庸
3116,静虚师太,绿武,金庸
3117,静玄师太,绿色,金庸
3118,摩诃巴思,绿武,金庸
3119,段正淳,绿色,金庸
3120,飞血剑,绿武,金庸
3121,俞莲舟,绿武,金庸
3122,阿淩,绿武,金庸
3123,水鉴,未知,金庸
3124,义生,未知,金庸
3125,水云道人,未知,金庸
3126,王师兄,未知,金庸
3127,龙德邻,未知,金庸
3128,白脸人,未知,金庸
3129,杨景亭,未知,金庸
3130,老王,未知,金庸
3131,齐云,未知,金庸
3132,沙老大,未知,金庸
3133,应松,未知,金庸
3134,岑其斯,未知,金庸
3135,郑起云,未知,金庸
3136,若克琳,未知,金庸
3137,侯飞文,未知,金庸
3138,哑巴,未知,金庸
3139,胡老三,未知,金庸
3140,钱通四,未知,金庸
3141,高师弟,未知,金庸
3142,崔秋山,未知,金庸
3143,黄木道人,未知,金庸
3144,黄二毛子,未知,金庸
3145,雷蒙,未知,金庸
3146,谭文理,未知,金庸
3147,潘秀达,未知,金庸
3148,李寻欢,蓝武,古龙
3149,上官金虹,紫色,古龙
3150,天机老人,蓝武,古龙
3151,林仙儿,绿文,古龙
3152,阿飞,蓝武,古龙
3153,荆无命,蓝武,古龙
3154,百晓生,绿文,古龙
3155,龙小云,绿武,古龙
3156,郭嵩阳,绿武,古龙
3157,大欢喜女菩萨,绿色,古龙
3158,吕凤先,绿色,古龙
3159,西门柔,绿武,古龙
3160,诸葛刚,绿色,古龙
3161,伊哭,绿色,古龙
3162,东海玉萧,绿武,古龙
3163,向松,绿色,古龙
3164,孙小红,绿色,古龙
3165,林诗音,绿文,古龙
3166,龙啸云,绿武,古龙
3167,铁传甲,绿色,古龙
3168,梅二,绿文,古龙
3169,蓝蝎子,绿武,古龙
3170,伊夜哭,绿色,古龙
3171,铁笛,绿色,古龙
3172,高行空,绿色,古龙
3173,燕双飞,绿色,古龙
3174,铁面鹰,绿色,古龙
3175,淮西大刀,绿色,古龙
3176,虞二,绿武,古龙
3177,查猛,绿色,古龙
3178,洪汉民,绿武,古龙
3179,戴五,绿色,古龙
3180,孙逵,绿色,古龙
3181,蔷薇,绿武,古龙
3182,花蜂,绿文,古龙
3183,秦孝仪,绿武,古龙
3184,巴英,绿武,古龙
3185,游龙生,绿色,古龙
3186,易明湖,绿色,古龙
3187,边浩,绿色,古龙
3188,金风白,绿色,古龙
3189,公孙雨,绿武,古龙
3190,西门烈,绿色,古龙
3191,翁天杰,绿色,古龙
3192,公孙摩云,绿色,古龙
3193,秦重,绿色,古龙
3194,赵正义,绿武,古龙
3195,田七,绿色,古龙
3196,天枫十四郎,绿色,古龙
3197,李琦,绿武,古龙
3198,水母阴姬,绿武,古龙
3199,南宫灵,蓝色,古龙
3200,任慈,绿色,古龙
3201,天峰大师,绿色,古龙
3202,李观鱼,绿色,古龙
3203,戴独行,绿色,古龙
3204,帅一帆,绿武,古龙
3205,萧石,绿色,古龙
3206,凌飞阁,绿武,古龙
3207,铁山道长,绿武,古龙
3208,黄鲁直,绿武,古龙
3209,宫南燕,绿武,古龙
3210,枯梅大师,绿色,古龙
3211,高亚男,绿色,古龙
3212,雀子鹤,绿色,古龙
3213,方环,绿色,古龙
3214,万无敌,绿武,古龙
3215,秃鹰,绿色,古龙
3216,生死判,绿色,古龙
3217,左又铮,绿色,古龙
3218,西门千,绿色,古龙
3219,灵鹫子,绿色,古龙
3220,札木合,绿色,古龙
3221,冷秋魂,绿色,古龙
3222,杨松,绿色,古龙
3223,沈珊姑,绿武,古龙
3224,宋刚,绿色,古龙
3225,天鹰子,绿色,古龙
3226,白玉魔,绿武,古龙
3227,司徒静,绿武,古龙
3228,秋灵素,绿色,古龙
3229,黑珍珠,绿武,古龙
3230,钱麻子,绿武,古龙
3231,冯天和,绿武,古龙
3232,玄法,绿色,古龙
3233,玄通,绿色,古龙
3234,玄妙,绿色,古龙
3235,琵琶公主,绿色,古龙
3236,司徒流星,绿色,古龙
3237,龟兹王,绿色,古龙
3238,昆弥,绿色,古龙
3239,吴青天,绿色,古龙
3240,吴白云,绿色,古龙
3241,孙空,绿色,古龙
3242,柳别飞,绿色,古龙
3243,皇甫高,绿色,古龙
3244,青胡子,绿武,古龙
3245,李玉函,绿色,古龙
3246,柳无眉,绿武,古龙
3247,周世明,绿文,古龙
3248,屠狗翁,绿色,古龙
3249,杜渔婆,绿色,古龙
3250,雄娘子,绿武,古龙
3251,南苹,绿色,古龙
3252,青衣尼,绿色,古龙
3253,徐淑,绿色,古龙
3254,饮雨大师,绿武,古龙
3255,张三,绿武,古龙
3256,金灵芝,绿武,古龙
3257,武维扬,绿色,古龙
3258,云从龙,绿武,古龙
3259,勾子长,绿武,古龙
3260,丁枫,绿武,古龙
3261,向天飞,绿武,古龙
3262,海阔天,绿色,古龙
3263,孙老二,绿色,古龙
3264,夏奇峰,绿武,古龙
3265,公孙劫余,绿色,古龙
3266,白蜡烛,绿色,古龙
3267,柳吟松,绿武,古龙
3268,魏行龙,绿武,古龙
3269,钱不要,绿色,古龙
3270,钱不赚,绿武,古龙
3271,艾虹,绿色,古龙
3272,艾青,绿武,古龙
3273,金四爷,绿武,古龙
3274,黑衣老妪,绿色,古龙
3275,山野大藏,绿色,古龙
3276,方宝玉,绿武,古龙
3277,紫衣候,绿武,古龙
3278,珠儿,绿色,古龙
3279,白三空,绿色,古龙
3280,牛铁娃,绿色,古龙
3281,胡不愁,绿色,古龙
3282,木郎君,绿色,古龙
3283,王半侠,绿色,古龙
3284,周方,绿色,古龙
3285,铁髯道长,绿武,古龙
3286,水天姬,绿武,古龙
3287,小公主,绿武,古龙
3288,土龙子,绿武,古龙
3289,火魔神,绿武,古龙
3290,金河王,绿色,古龙
3291,姜风,绿色,古龙
3292,万老夫人,绿色,古龙
3293,柳松,绿色,古龙
3294,铁金刀,绿色,古龙
3295,乔飞,绿武,古龙
3296,徐文智,绿武,古龙
3297,铁温侯,绿色,古龙
3298,岳雄,绿武,古龙
3299,李青风,绿色,古龙
3300,赵士鸿,绿武,古龙
3301,金大非,绿色,古龙
3302,呼延寿,绿武,古龙
3303,屠正方,绿色,古龙
3304,隋如平,绿武,古龙
3305,杨世义,绿色,古龙
3306,寿天齐,绿色,古龙
3307,彭清,绿武,古龙
3308,公孙红,绿色,古龙
3309,牛铁兰,绿色,古龙
3310,万子良,绿武,古龙
3311,齐星寿,绿武,古龙
3312,李英虹,绿色,古龙
3313,宋琪光,绿武,古龙
3314,吴立德,绿武,古龙
3315,汪明,绿武,古龙
3316,石铭,绿武,古龙
3317,林强,绿色,古龙
3318,王烈火,绿武,古龙
3319,英铁翎,绿武,古龙
3320,鱼传甲,绿武,古龙
3321,马叔泉,绿武,古龙
3322,吴东麟,绿文,古龙
3323,蒋笑民,绿色,古龙
3324,潘济城,绿武,古龙
3325,吕云,绿武,古龙
3326,单毅成,绿色,古龙
3327,冷冰鱼,绿色,古龙
3328,金祖林,绿色,古龙
3329,柳依人,绿色,古龙
3330,花清清,绿武,古龙
3331,金不畏,绿色,古龙
3332,石不为,绿武,古龙
3333,莫不屈,绿武,古龙
3334,杨不怒,绿色,古龙
3335,魏不贪,绿色,古龙
3336,公孙不智,绿色,古龙
3337,西门不弱,绿武,古龙
3338,孙玉龙,绿色,古龙
3339,匡新生,绿色,古龙
3340,赵剑明,绿色,古龙
3341,孙超,绿色,古龙
3342,许铸,绿色,古龙
3343,熊雄,绿武,古龙
3344,田通,绿色,古龙
3345,江小鱼,紫武,古龙
3346,花无缺,紫武!,古龙
3347,燕南天,蓝武,古龙
3348,铁心兰,绿武,古龙
3349,张菁,绿色,古龙
3350,邀月,蓝武,古龙
3351,怜星,蓝武,古龙
3352,苏樱,绿武,古龙
3353,慕容九,绿武,古龙
3354,江别鹤,蓝武,古龙
3355,黑蜘蛛,绿武,古龙
3356,江玉郎,绿色,古龙
3357,月奴,绿武,古龙
3358,江枫,绿武,古龙
3359,萍姑,绿色,古龙
3360,海红珠,绿色,古龙
3361,李大嘴,蓝武,古龙
3362,阴九幽,绿武,古龙
3363,屠娇娇,绿色,古龙
3364,杜杀,绿武,古龙
3365,哈哈儿,绿色,古龙
3366,萧咪咪,绿武,古龙
3367,白开心,绿武,古龙
3368,欧阳丁,绿色,古龙
3369,欧阳当,绿色,古龙
3370,铁战,蓝武,古龙
3371,轩辕三光,绿武,古龙
3372,司晨客,绿武,古龙
3373,黑面君,绿色,古龙
3374,献果神君,绿色,古龙
3375,黑犬星,绿武,古龙
3376,魏无牙,绿色,古龙
3377,白山君,绿色,古龙
3378,马亦云,绿武,古龙
3379,碧蛇神君,绿武,古龙
3380,胡药师,绿色,古龙
3381,黃牛,绿武,古龙
3382,白羊,绿色,古龙
3383,南宫柳,绿色,古龙
3384,顾人玉,绿武,古龙
3385,秦剑,绿色,古龙
3386,孙玉伯,绿色,古龙
3387,万鹏王,绿武,古龙
3388,孟星魂,蓝武,古龙
3389,律香川,绿文,古龙
3390,高老大,蓝色,古龙
3391,叶翔,绿武,古龙
3392,孙剑,绿色,古龙
3393,孙蝶,绿文,古龙
3394,韩棠,绿色,古龙
3395,屠大鹏,绿色,古龙
3396,小何,绿武,古龙
3397,石群,绿武,古龙
3398,易潜龙,绿武,古龙
3399,陆漫天,绿武,古龙
3400,金枪李,绿武,古龙
3401,孙巨,绿武,古龙
3402,秦护花,绿色,古龙
3403,宋三爷,绿色,古龙
3404,毛威,绿文,古龙
3405,紫金刀,绿武,古龙
3406,朱青,绿武,古龙
3407,方幼苹,绿色,古龙
3408,雷老三,绿色,古龙
3409,江风,绿色,古龙
3410,江平,绿色,古龙
3411,徐青松,绿色,古龙
3412,铁成钢,绿色,古龙
3413,段四爷,绿色,古龙
3414,一石,绿武,古龙
3415,一云,绿色,古龙
3416,一泉,绿色,古龙
3417,小武,绿武,古龙
3418,武老刀,绿武,古龙
3419,文虎,绿武,古龙
3420,文豹,绿武,古龙
3421,麻子,绿武,古龙
3422,南宫远,绿色,古龙
3423,余百乐,绿文,古龙
3424,黑披风少年,绿武,古龙
3425,王二呆,绿色,古龙
3426,夜猫子,绿武,古龙
3427,林秀,绿文,古龙
3428,林中鹤,绿文,古龙
3429,方铁鹏,绿色,古龙
3430,罗金鹏,绿色,古龙
3431,萧银鹏,绿色,古龙
3432,原怒鹏,绿武,古龙
3433,冯浩,绿色,古龙
3434,兰兰,绿色,古龙
3435,花公子,绿色,古龙
3436,宝宝,绿色,古龙
3437,高凤凤,绿武,古龙
3438,夏青,绿武,古龙
3439,马方中,绿色,古龙
3440,马月云,绿文,古龙
3441,方老二,绿色,古龙
3442,陆小凤,蓝武,古龙
3443,西门吹血,紫色,古龙
3444,花满楼,蓝武,古龙
3445,司空摘星,蓝武,古龙
3446,叶孤城,蓝武,古龙
3447,玉罗刹（魔）,绿武,古龙
3448,霍天青,绿武,古龙
3449,苏少英,绿文,古龙
3450,宫九,绿武,古龙
3451,老实和尚,绿色,古龙
3452,上官飞燕,绿武,古龙
3453,霍休,绿武,古龙
3454,朱停,绿武,古龙
3455,洛马,绿武,古龙
3456,苦瓜大师,蓝色,古龙
3457,木道人,绿武,古龙
3458,金九龄,绿武,古龙
3459,薛冰,绿武,古龙
3460,胜通法师,蓝色,古龙
3461,孙秀青,绿武,古龙
3462,飞天玉虎,绿武,古龙
3463,鹰眼老七,绿武,古龙
3464,南平郡王,绿色,古龙
3465,沙曼,绿色,古龙
3466,上官丹凤,绿色,古龙
3467,上官雪儿,绿色,古龙
3468,大金鹏王,绿色,古龙
3469,老板娘,绿色,古龙
3470,蒋龙,绿色,古龙
3471,岳青,绿色,古龙
3472,霞儿,绿色,古龙
3473,花如令,绿武,古龙
3474,袁大侠,绿色,古龙
3475,关泰大侠,绿色,古龙
3476,萧秋雨,绿色,古龙
3477,无艳姑娘,绿武,古龙
3478,孔雀王妃,绿色,古龙
3479,柳余恨,绿色,古龙
3480,阎铁珊,绿武,古龙
3481,严独鹤,绿色,古龙
3482,蛇王,绿色,古龙
3483,江重威,绿色,古龙
3484,江青霞,绿色,古龙
3485,李燕北,绿武,古龙
3486,龟孙老爷,绿色,古龙
3487,杜桐轩,绿色,古龙
3488,欧阳情,绿武,古龙
3489,泥人张,绿色,古龙
3490,唐天容,绿色,古龙
3491,魏子云,绿武,古龙
3492,丁香姨,绿武,古龙
3493,方玉香,绿色,古龙
3494,枯竹,绿武,古龙
3495,孤松,绿武,古龙
3496,李霞,绿色,古龙
3497,贾乐山,绿色,古龙
3498,陈静静,绿色,古龙
3499,勾魂使者,绿色,古龙
3500,叶孤鸿,绿色,古龙
3501,叶雪,绿色,古龙
3502,叶灵,绿武,古龙
3503,叶凌风,绿色,古龙
3504,柳乘风,绿色,古龙
3505,王总管,绿色,古龙
3506,南王世子,绿武,古龙
3507,唐天纵,绿武,古龙
3508,牛肉汤,绿文,古龙
3509,俞佩玉,蓝武,古龙
3510,朱泪儿,绿武,古龙
3511,凤三,绿武,古龙
3512,红莲花,绿武,古龙
3513,俞放鹤,蓝色,古龙
3514,金燕子,绿文,古龙
3515,林黛羽,绿武,古龙
3516,高老头,绿武,古龙
3517,姬葬花,绿武,古龙
3518,姬灵风,绿武,古龙
3519,姬灵燕,绿色,古龙
3520,姬悲情,绿色,古龙
3521,姬苦情,绿武,古龙
3522,金花娘,绿武,古龙
3523,银花娘,绿色,古龙
3524,铁花娘,绿色,古龙
3525,海东青,绿色,古龙
3526,杨子江,绿色,古龙
3527,天吃星,绿色,古龙
3528,君海棠,绿色,古龙
3529,应声虫,绿武,古龙
3530,唐无双,绿色,古龙
3531,唐琪,绿武,古龙
3532,唐琳,绿色,古龙
3533,唐珏,绿武,古龙
3534,桑木空,绿武,古龙
3535,东郭先生,绿文,古龙
3536,墨玉夫人,绿武,古龙
3537,东郭高,绿色,古龙
3538,黑鸽子,绿色,古龙
3539,王雨楼,绿色,古龙
3540,林瘦鹃,绿色,古龙
3541,金龙王,绿色,古龙
3542,沈银枪,绿武,古龙
3543,西门风,绿色,古龙
3544,吴涛,绿武,古龙
3545,俞忠,绿武,古龙
3546,锺 静,绿武,古龙
3547,谢天璧,绿武,古龙
3548,梅四蟒,绿武,古龙
3549,鱼璇,绿武,古龙
3550,柳淑真,绿武,古龙
3551,铁霸王,绿武,古龙
3552,绝情子,绿色,古龙
3553,姬夫人,绿色,古龙
3554,出尘道长,绿色,古龙
3555,唐守清,绿色,古龙
3556,唐守方,绿武,古龙
3557,曹子英,绿武,古龙
3558,朱媚,绿武,古龙
3559,雷 风,绿武,古龙
3560,东方美玉,绿武,古龙
3561,东方大明,绿色,古龙
3562,田际云,绿武,古龙
3563,徐若羽,绿武,古龙
3564,屠 飞,绿色,古龙
3565,香香,绿色,古龙
3566,胡佬佬,绿色,古龙
3567,怒真人,绿武,古龙
3568,郭翩仙,绿武,古龙
3569,乙昆,绿武,古龙
3570,桑二郎,绿武,古龙
3571,李佩玲,绿武,古龙
3572,富八爷,绿色,古龙
3573,富八奶奶,绿武,古龙
3574,龙五,蓝武,古龙
3575,柳长街,蓝武,古龙
3576,阴涛,绿武,古龙
3577,杜七,蓝武,古龙
3578,胡力,绿色,古龙
3579,段英,绿色,古龙
3580,段杰,绿色,古龙
3581,吴不可,绿色,古龙
3582,王孙无忌,绿武,古龙
3583,唐青,绿色,古龙
3584,胡月儿,绿色,古龙
3585,车夫,绿色,古龙
3586,铁和尚,绿色,古龙
3587,李大狗,绿色,古龙
3588,单一飞,绿色,古龙
3589,老赵,绿色,古龙
3590,秋横波,绿色,古龙
3591,谢晓峰,绿色,古龙
3592,慕容秋荻,蓝色,古龙
3593,燕十三,蓝色,古龙
3594,纪纲,蓝色,古龙
3595,谢小弟,绿色,古龙
3596,铁真真,绿色,古龙
3597,慕容正,绿色,古龙
3598,谢王孙,绿色,古龙
3599,铁铉,绿色,古龙
3600,曹冰,绿色,古龙
3601,铁开诚,绿色,古龙
3602,纪芙蓉,绿色,古龙
3603,纪情,绿色,古龙
3604,沉鱼,绿色,古龙
3605,小丽,绿色,古龙
3606,阿亮,绿色,古龙
3607,朱芊芊,绿色,古龙
3608,老苗子,绿色,古龙
3609,苗大娘,绿色,古龙
3610,大老板,绿色,古龙
3611,铁虎,绿色,古龙
3612,铁义,绿色,古龙
3613,阿强,绿色,古龙
3614,谢凤凰,绿色,古龙
3615,华少坤,绿色,古龙
3616,佐佐木,绿色,古龙
3617,铁掌阿勇,绿色,古龙
3618,韩大奶奶,绿色,古龙
3619,夏侯飞山,绿色,古龙
3620,夏侯星,绿色,古龙
3621,薛可人,绿色,古龙
3622,竹叶青,绿色,古龙
3623,关外飞鹰,绿色,古龙
3624,清风剑,绿色,古龙
3625,铁剑镇三山,绿色,古龙
3626,吕香华,绿色,古龙
3627,高通,绿色,古龙
3628,韩大爷,绿色,古龙
3629,沈浪,紫武,古龙
3630,白飞飞,绿武,古龙
3631,朱七七,蓝文,古龙
3632,熊猫儿,蓝武,古龙
3633,柴玉关,蓝色,古龙
3634,王怜花,蓝文,古龙
3635,金无望,绿武,古龙
3636,宋离,绿武,古龙
3637,火孩儿,绿色,古龙
3638,沈天君,绿武,古龙
3639,金不换,绿色,古龙
3640,王云梦,绿武,古龙
3641,朱富贵,绿色,古龙
3642,百灵,绿色,古龙
3643,徐若愚,绿色,古龙
3644,弘法大师,绿武,古龙
3645,花蕊仙,绿色,古龙
3646,李媚娘,绿色,古龙
3647,小泥巴,绿武,古龙
3648,阿音,绿色,古龙
3649,驴蛋,绿武,古龙
3650,小四,绿色,古龙
3651,李长青,绿色,古龙
3652,染香,绿色,古龙
3653,萧慕云,绿武,古龙
3654,乔五,绿武,古龙
3655,齐智,绿武,古龙
3656,天法大师,绿武,古龙
3657,花四姑,绿色,古龙
3658,断虹子,绿色,古龙
3659,天玄道长,绿武,古龙
3660,连天云,绿色,古龙
3661,展英松,绿色,古龙
3662,铁胜龙,绿武,古龙
3663,万诗崇,绿色,古龙
3664,一笑佛,绿武,古龙
3665,丁雷,绿色,古龙
3666,丁雨,绿武,古龙
3667,黄化虎,绿色,古龙
3668,彭立人,绿武,古龙
3669,皇甫嵩,绿武,古龙
3670,王二麻子,绿武,古龙
3671,银花镖,绿色,古龙
3672,莫希,绿色,古龙
3673,塞上神龙,绿色,古龙
3674,毒手搜魂,绿武,古龙
3675,要命神乞,绿武,古龙
3676,易如风,绿武,古龙
3677,李挺,绿色,古龙
3678,方千里,绿色,古龙
3679,山左司徒,绿武,古龙
3680,贾剥皮,绿色,古龙
3681,石文彪,绿武,古龙
3682,石文豹,绿色,古龙
3683,石文虎,绿武,古龙
3684,西门蛟,绿色,古龙
3685,卜公直,绿色,古龙
3686,夏沅沅,绿色,古龙
3687,方心骑,绿色,古龙
3688,独孤伤,绿色,古龙
3689,李登龙,绿色,古龙
3690,周天富,绿色,古龙
3691,冷三,绿武,古龙
3692,童铜山,绿色,古龙
3693,韩贞,绿文,古龙
3694,卫天鹏,绿色,古龙
3695,西门十三,绿色,古龙
3696,丁麟,绿色,古龙
3697,杨天,绿色,古龙
3698,叶开,紫武,古龙
3699,上官小仙,绿文,古龙
3700,郭定,绿武,古龙
3701,崔玉真,绿武,古龙
3702,吕迪,绿武,古龙
3703,珍珠城主,绿色,古龙
3704,墨五星,绿武,古龙
3705,丁灵琳,蓝武,古龙
3706,傅红雪,紫武,古龙
3707,五行双杀,绿武,古龙
3708,燕南飞,绿武,古龙
3709,明月心,绿色,古龙
3710,公子羽,绿武,古龙
3711,杜雷,绿武,古龙
3712,秋水清,绿色,古龙
3713,杨无忌,绿色,古龙
3714,刘振国,绿色,古龙
3715,公孙屠,绿武,古龙
3716,卓玉贞,绿文,古龙
3717,马空群,绿武,古龙
3718,马芳铃,绿武,古龙
3719,萧别离,绿色,古龙
3720,公孙断,绿武,古龙
3721,赵大方,绿武,古龙
3722,路小佳,蓝武,古龙
3723,易大经,绿色,古龙
3724,翠浓,绿色,古龙
3725,丁灵甲,绿色,古龙
3726,神交教父,蓝色,古龙
3727,李坏,蓝武,古龙
3728,方天豪,绿色,古龙
3729,段八方,绿武,古龙
3730,韩峻,绿武,古龙
3731,铣银衣,绿色,古龙
3732,公孙太,绿色,古龙
3733,宋优儿,绿文,古龙
3734,李曼青,绿武,古龙
3735,楚留香,紫武,古龙
3736,胡铁花,蓝武,古龙
3737,杜先生,绿色,古龙
3738,春雷伊次,绿色,古龙
3739,石田齐彦左卫门,绿武,古龙
3740,姬冰雁,绿色,古龙
3741,焦林,绿色,古龙
3742,新月,绿武,古龙
3743,李红袖,绿武,古龙
3744,苏蓉蓉,绿色,古龙
3745,宋甜儿,绿武,古龙
3746,史天王,绿色,古龙
3747,黄病夫,绿色,古龙
3748,黑竹竿,绿武,古龙
3749,花姑妈,绿武,古龙
3750,薛穿心,绿色,古龙
3751,樱子,绿色,古龙
3752,何玉林,绿色,古龙
3753,玉剑公主,绿武,古龙
3754,二将军,绿色,古龙
3755,李盾,绿色,古龙
3756,金震甲,绿武,古龙
3757,胡开树,绿武,古龙
3758,司徒平,绿武,古龙
3759,老熊,绿武,古龙
3760,丁鹏,蓝武,古龙
3761,柳若松,绿武,古龙
3762,秦可情,绿武,古龙
3763,宋中,绿武,古龙
3764,谢小玉,绿武,古龙
3765,青青,绿武,古龙
3766,钟展,绿色,古龙
3767,阿古,绿武,古龙
3768,林若萍,绿武,古龙
3769,孙伏虎,绿武,古龙
3770,林祥熊,绿色,古龙
3771,南宫华树,绿色,古龙
3772,葫芦,绿色,古龙
3773,郭正平,绿武,古龙
3774,郭云龙,绿色,古龙
3775,葛奇,绿色,古龙
3776,史定,绿色,古龙
3777,梅花老人,绿武,古龙
3778,墨竹子,绿武,古龙
3779,凌虚,绿武,古龙
3780,天戒上人,绿色,古龙
3781,谢亭生,绿武,古龙
3782,小香,绿色,古龙
3783,金狮,绿色,古龙
3784,银龙,绿色,古龙
3785,铜驼,绿色,古龙
3786,铁燕长老,绿色,古龙
3787,铁燕夫人,绿色,古龙
3788,杜玲玲,绿色,古龙
3789,杜珍珍,绿色,古龙
3790,玉无瑕,绿色,古龙
3791,春花,绿武,古龙
3792,秋月,绿武,古龙
3793,快活王,蓝色,古龙
3794,中原一点红,蓝色,古龙
3795,无花,蓝色,古龙
3796,郭大路,蓝色,古龙
3797,萧石逸,蓝色,古龙
3798,连城璧,蓝色,古龙
3799,上官仙儿,蓝色,古龙
3800,西门吹雪,紫武,古龙
3801,铁中棠,蓝色,古龙
3802,裴珏,绿色,古龙
3803,南宫平,绿色,古龙
3804,梅吟雪,绿色,古龙
3805,吕南人,绿色,古龙
3806,芮玮,绿色,古龙
3807,展白,绿色,古龙
3808,展梦白,绿色,古龙
3809,云铮,绿色,古龙
3810,朱藻,绿色,古龙
3811,水灵光,绿色,古龙
3812,温黛黛,绿色,古龙
3813,原随云,绿色,古龙
3814,华真真,绿色,古龙
3815,张洁洁,绿色,古龙
3816,林太平,绿色,古龙
3817,王动,绿色,古龙
3818,燕七,绿色,古龙
3819,红娘子,绿武,古龙
3820,杨凡,绿色,古龙
3821,秦歌,绿色,古龙
3822,风四娘,绿色,古龙
3823,沈璧君,绿色,古龙
3824,老伯,绿色,古龙
3825,白玉京,绿色,古龙
3826,王风,绿色,古龙
3827,赵无忌,绿色,古龙
3828,上官刃,绿色,古龙
3829,小方,绿色,古龙
3830,马如龙,绿色,古龙
3831,苏李宋,绿色,古龙
3832,田思思,绿色,古龙
3833,田心,绿色,古龙
3834,小蝶,绿色,古龙
3835,双双,绿色,古龙
3836,华华凤,绿色,古龙
3837,小雷,绿色,古龙
3838,纤纤,绿色,古龙
3839,卫风娘,绿色,古龙
3840,上官怜怜,绿色,古龙
3841,杨铮,绿色,古龙
3842,吕素文,绿色,古龙
3843,高渐飞,绿色,古龙
3844,元宝,绿色,古龙
3845,卜鹰,绿色,古龙
3846,谢铿,绿色,古龙
3847,唐 琳,绿武,古龙
3848,乙 昆,绿武,古龙
3849,唐 珏,绿武,古龙
3850,乔峰,未知,古龙
3851,唐 琪,绿武,古龙
3852,鱼 璇,绿武,古龙
3853,朱 媚,绿武,古龙
3854,锺静,绿武,古龙
3855,香 香,绿色,古龙
3856,寇仲,紫色,黄易
3857,徐子陵,紫色,黄易
3858,石之轩,紫色,黄易
3859,宁道奇,紫色,黄易
3860,宋缺,紫色,黄易
3861,傅采林,紫色,黄易
3862,祝玉研,蓝色,黄易
3863,侯希白,蓝色,黄易
3864,绾绾,蓝色,黄易
3865,梵清惠,蓝色,黄易
3866,师妃暄,蓝色,黄易
3867,了空,蓝色,黄易
3868,鲁妙子,蓝色,黄易
3869,跋锋寒,蓝色,黄易
3870,毕玄,蓝色,黄易
3871,可达志,绿色,黄易
3872,庞玉,绿色,黄易
3873,徐世勘,绿色,黄易
3874,李秀宁,绿色,黄易
3875,梅循,绿色,黄易
3876,独孤锋,绿色,黄易
3877,尤楚红,绿色,黄易
3878,赵德言,绿色,黄易
3879,席应,绿色,黄易
3880,安隆,绿色,黄易
3881,左游仙,绿色,黄易
3882,鸟倦,绿色,黄易
3883,荣风祥,绿色,黄易
3884,杨虚彦,绿色,黄易
3885,道信,绿色,黄易
3886,智显,绿色,黄易
3887,帝心,绿色,黄易
3888,嘉祥,绿色,黄易
3889,墩欲谷,绿色,黄易
3890,缬利,绿色,黄易
3891,伏难陀,绿色,黄易
3892,云帅,绿色,黄易
3893,曲傲,绿色,黄易
3894,卜公佑,绿色,黄易
3895,欧阳希夷,绿色,黄易
3896,晃公错,绿色,黄易
3897,萧冼,绿色,黄易
3898,段玉成,绿色,黄易
3899,石清璇,绿色,黄易
3900,碧秀心,绿色,黄易
3901,尚秀芳,绿色,黄易
3902,虚行之,绿色,黄易
3903,宣永,绿色,黄易
3904,朴天志,绿色,黄易
3905,桂锡良,绿色,黄易
3906,高占道,绿色,黄易
3907,牛奉义,绿色,黄易
3908,查杰,绿色,黄易
3909,陈老谋,绿色,黄易
3910,杨公卿,绿色,黄易
3911,任媚媚,绿色,黄易
3912,沈落雁,绿色,黄易
3913,张捷舒,绿色,黄易
3914,董淑妮,绿色,黄易
3915,独孤风,绿色,黄易
3916,独孤策,绿色,黄易
3917,独孤霸,绿色,黄易
3918,丁九重,绿色,黄易
3919,周老叹,绿色,黄易
3920,金环真,绿色,黄易
3921,闻采婷,绿色,黄易
3922,旦梅,绿色,黄易
3923,辟守玄,绿色,黄易
3924,边不负,绿色,黄易
3925,上官龙,绿色,黄易
3926,白清儿,绿色,黄易
3927,列瑕,绿色,黄易
3928,周老方,绿色,黄易
3929,羊漠,绿色,黄易
3930,鸠令智,绿色,黄易
3931,严羯,绿色,黄易
3932,韦娜,绿色,黄易
3933,母莎芳,绿色,黄易
3934,康梢利,绿色,黄易
3935,突利,绿色,黄易
3936,别勒古纳台,绿色,黄易
3937,不古纳台,绿色,黄易
3938,菩萨,绿色,黄易
3939,拜紫亭,绿色,黄易
3940,越克蓬,绿色,黄易
3941,深末恒,绿色,黄易
3942,木玲,绿色,黄易
3943,呼延金,绿色,黄易
3944,马吉,绿色,黄易
3945,巴黛儿,绿色,黄易
3946,拓拔玉,绿色,黄易
3947,淳于薇,绿色,黄易
3948,莲柔,绿色,黄易
3949,任少名,绿色,黄易
3950,云玉真,绿色,黄易
3951,宋玉华,绿色,黄易
3952,宋玉致,绿色,黄易
3953,宋师道,绿色,黄易
3954,单婉晶,绿色,黄易
3955,单美仙,绿色,黄易
3956,翟娇,绿色,黄易
3957,楚楚,绿色,黄易
3958,素素,绿色,黄易
3959,白双,绿色,黄易
3960,白凶,绿色,黄易
3961,商秀珣,绿色,黄易
3962,雷九指,绿色,黄易
3963,胡佛,绿色,黄易
3964,胡小仙,绿色,黄易
3965,池生春,绿色,黄易
3966,曹应龙,绿色,黄易
3967,毛燥,绿色,黄易
3968,向霸天,绿色,黄易
3969,房见鼎,绿色,黄易
3970,包让,绿色,黄易
3971,屈无犋,绿色,黄易
3972,荣娇娇,绿色,黄易
3973,傅君绰,绿色,黄易
3974,傅君瑜,绿色,黄易
3975,傅君嫱,绿色,黄易
3976,金正宗,绿色,黄易
3977,金正玄,绿色,黄易
3978,韩朝安,绿色,黄易
3979,美艳夫人,绿色,黄易
3980,玲珑娇,绿色,黄易
3981,宗湘花,绿色,黄易
3982,火姹女,绿色,黄易
3983,素别,绿色,黄易
3984,教水,绿色,黄易
3985,浪翻云,紫武,黄易
3986,庞斑,紫色,黄易
3987,蒙赤行,绿武,黄易
3988,令东来,绿武,黄易
3989,传鹰,绿武,黄易
3990,广成子,紫色,黄易
3991,韩柏,紫武,黄易
3992,纪惜惜,绿文,黄易
3993,赤尊信,绿武,黄易
3994,乾罗,绿武,黄易
3995,戚长征,绿武,黄易
3996,封寒,绿色,黄易
3997,风行烈,绿武,黄易
3998,靳冰云,绿文,黄易
3999,思汉飞,绿武,黄易
4000,方夜雨,绿色,黄易
4001,无想僧,绿武,黄易
4002,秦梦瑶,绿武,黄易
4003,言静庵,绿武,黄易
4004,厉若海,绿武,黄易
4005,了尽,绿武,黄易
4006,许宗道,蓝色,黄易
4007,范良极,蓝色,黄易
4008,虚若无,绿武,黄易
4009,凌渡虚,绿武,黄易
4010,净一师太,蓝色,黄易
4011,里赤媚,绿武,黄易
4012,干鹤立,绿武,黄易
4013,红日,绿武,黄易
4014,鹰缘,绿色,黄易
4015,白芳华,绿武,黄易
4016,甄素善,蓝色,黄易
4017,山查岳,蓝色,黄易
4018,天僧,绿武,黄易
4019,地尼,绿武,黄易
4020,云想真,绿武,黄易
4021,虚玄,蓝武,黄易
4022,大秘,绿色,黄易
4023,了无,绿武,黄易
4024,水月大宗,蓝色,黄易
4025,单玉如,绿武,黄易
4026,凌战天,绿色,黄易
4027,上官飞,绿色,黄易
4028,上官鹰,绿色,黄易
4029,翟雨时,绿文,黄易
4030,粱秋末,绿色,黄易
4031,谈应手,绿色,黄易
4032,莫意闲,绿武,黄易
4033,广渡,绿色,黄易
4034,黑仆,绿武,黄易
4035,白仆,绿武,黄易
4036,不老神仙,绿色,黄易
4037,谷姿仙,绿武,黄易
4038,谷凝清,绿色,黄易
4039,楞严,绿武,黄易
4040,常胜,绿色,黄易
4041,不问,绿色,黄易
4042,云清,绿色,黄易
4043,吴镇,绿色,黄易
4044,柳摇枝,绿色,黄易
4045,花解语,绿武,黄易
4046,红玄佛,绿武,黄易
4047,展羽,绿色,黄易
4048,虚夜月,绿色,黄易
4049,怜秀秀,绿文,黄易
4050,绝天,绿武,黄易
4051,灭地,绿色,黄易
4052,白莲珏,绿武,黄易
4053,烈震北,绿色,黄易
4054,问天尼,绿色,黄易
4055,蒙大,绿色,黄易
4056,蒙二,绿色,黄易
4057,强望生,绿武,黄易
4058,由蚩敌,绿武,黄易
4059,百慈,绿色,黄易
4060,水柔晶,绿武,黄易
4061,刁项,绿武,黄易
4062,石中天,绿色,黄易
4063,陈帅,绿色,黄易
4064,哈赤知闲,绿色,黄易
4065,容白正雅,绿武,黄易
4066,苦别行,绿色,黄易
4067,宁尔芝兰,绿武,黄易
4068,鹰飞,绿武,黄易
4069,年怜丹,绿武,黄易
4070,陈玉真,绿色,黄易
4071,庄青霜,绿色,黄易
4072,盈散花,绿色,黄易
4073,花扎敖,绿色,黄易
4074,竹叟,绿色,黄易
4075,铁青衣,绿色,黄易
4076,荆城冷,绿色,黄易
4077,于抚云,绿色,黄易
4078,任璧,绿武,黄易
4079,连宽,绿文,黄易
4080,碧天雁,绿色,黄易
4081,常野望,绿色,黄易
4082,严无惧,绿武,黄易
4083,直破天,绿武,黄易
4084,小郭,绿武,黄易
4085,干虹青,绿色,黄易
4086,葛霸,绿色,黄易
4087,易燕媚,绿武,黄易
4088,谢迁盘,绿色,黄易
4089,楚秋素,绿文,黄易
4090,庞过之,绿武,黄易
4091,曾述予,绿色,黄易
4092,凌令,绿色,黄易
4093,杨权,绿色,黄易
4094,谢成就,绿武,黄易
4095,袁指柔,绿色,黄易
4096,谢佳,绿色,黄易
4097,向恶,绿色,黄易
4098,龚容悦,绿色,黄易
4099,程庭,绿色,黄易
4100,方横海,绿色,黄易
4101,褚期,绿色,黄易
4102,樊杀,绿武,黄易
4103,崔毒,绿武,黄易
4104,夏云,绿文,黄易
4105,叶真,绿武,黄易
4106,陈通,绿武,黄易
4107,卜敌,绿武,黄易
4108,梁历生,绿色,黄易
4109,霍廷起,绿色,黄易
4110,燕菲菲,绿色,黄易
4111,孤竹,绿武,黄易
4112,韩希武,绿武,黄易
4113,韩宁芷,绿色,黄易
4114,韩希文,绿武,黄易
4115,韩清风,绿色,黄易
4116,夏厚行,绿色,黄易
4117,韩兰芷,绿文,黄易
4118,韩天德,绿色,黄易
4119,韩慧芷,绿色,黄易
4120,杨四,绿文,黄易
4121,马峻声,绿武,黄易
4122,马心莹,绿文,黄易
4123,谢青联,绿武,黄易
4124,谢峰,绿武,黄易
4125,血啄,绿武,黄易
4126,何旗扬,绿色,黄易
4127,成抗,绿色,黄易
4128,成丽,绿色,黄易
4129,马权,绿武,黄易
4130,成天北,绿武,黄易
4131,商良,绿色,黄易
4132,花羽,绿色,黄易
4133,宗越,绿色,黄易
4134,杨公,绿武,黄易
4135,杨谅天,绿武,黄易
4136,杨奉,绿武,黄易
4137,卫汉,绿武,黄易
4138,刁辟情,绿武,黄易
4139,金成起,绿色,黄易
4140,邢老三,绿色,黄易
4141,夏霜,绿文,黄易
4142,祈老大,绿色,黄易
4143,玄静,绿武,黄易
4144,谷倩莲,绿武,黄易
4145,朝霞,绿文,黄易
4146,陈令方,绿文,黄易
4147,谢开成,绿文,黄易
4148,魏立蝶,绿武,黄易
4149,恶和尚,绿色,黄易
4150,恶婆子,绿色,黄易
4151,小雯,绿色,黄易
4152,简正明,绿武,黄易
4153,庄节,绿武,黄易
4154,沙放天,绿武,黄易
4155,叶素冬,绿色,黄易
4156,程望,绿色,黄易
4157,冷铁心,绿武,黄易
4158,冷别情,绿武,黄易
4159,骆武修,绿武,黄易
4160,查震行,绿色,黄易
4161,左诗,绿色,黄易
4162,沙千里,绿色,黄易
4163,金煞,绿武,黄易
4164,木煞,绿色,黄易
4165,土煞,绿武,黄易
4166,日煞,绿色,黄易
4167,月煞,绿色,黄易
4168,星煞,绿色,黄易
4169,筏可,绿武,黄易
4170,降象真人,绿色,黄易
4171,小半道人,绿色,黄易
4172,向清秋,绿武,黄易
4173,云裳,绿色,黄易
4174,碧梦,绿文,黄易
4175,柔柔,绿文,黄易
4176,鸿达才,绿色,黄易
4177,郑卿娇,绿武,黄易
4178,白望枫,绿色,黄易
4179,无心道人,绿色,黄易
4180,黑三,绿色,黄易
4181,程艳俏,绿色,黄易
4182,高翰风,绿武,黄易
4183,朱七,绿武,黄易
4184,马任名,绿色,黄易
4185,林翼廷,绿色,黄易
4186,聂平,绿色,黄易
4187,刁辟恨,绿色,黄易
4188,北公,绿色,黄易
4189,李守,绿色,黄易
4190,白将,绿武,黄易
4191,陈仲山,绿武,黄易
4192,广应城,绿色,黄易
4193,雅寒清,绿色,黄易
4194,霍欲泪,绿色,黄易
4195,金梅,绿武,黄易
4196,战甲,绿色,黄易
4197,兰翠晶,绿武,黄易
4198,风女,绿武,黄易
4199,林侍,绿色,黄易
4200,火侍,绿色,黄易
4201,山侍,绿色,黄易
4202,羊棱,绿色,黄易
4203,解符,绿武,黄易
4204,都穆,绿色,黄易
4205,祈碧芍,绿武,黄易
4206,碧空晴,绿色,黄易
4207,横刀头陀,绿色,黄易
4208,程载哀,绿武,黄易
4209,崔山镜,绿文,黄易
4210,八师巴,蓝武,黄易
4211,厉工,绿色,黄易
4212,高典静,绿文,黄易
4213,韩公度,绿色,黄易
4214,直力行,绿武,黄易
4215,田过客,绿色,黄易
4216,龙尊义,绿武,黄易
4217,向无踪,绿武,黄易
4218,毕夜惊,绿色,黄易
4219,烈日炎,绿武,黄易
4220,官捷,绿文,黄易
4221,白莲钰,绿色,黄易
4222,赫天魔,绿武,黄易
4223,铁颜,绿色,黄易
4224,宋天南,绿武,黄易
4225,卓和,绿色,黄易
4226,岳山,蓝武,黄易
4227,颜烈射,绿武,黄易
4228,王英,绿文,黄易
4229,干罗,蓝色,黄易
4230,梁萧,紫武,昆仑
4231,公羊羽,蓝武,昆仑
4232,萧千绝,蓝武,昆仑
4233,九如,蓝武,昆仑
4234,释天风,绿武,昆仑
4235,花流水,蓝武,昆仑
4236,张紫阳,蓝武,昆仑
4237,纳速拉丁,绿文,昆仑
4238,欧伦依,绿武,昆仑
4239,云殊,绿色,昆仑
4240,楚仙流,绿色,昆仑
4241,花生,绿武,昆仑
4242,花清渊,绿色,昆仑
4243,花无媸,绿武,昆仑
4244,梁文靖,绿色,昆仑
4245,萧玉翎,绿色,昆仑
4246,云万程,绿色,昆仑
4247,方澜,绿色,昆仑
4248,秦伯符,绿色,昆仑
4249,萧冷,绿武,昆仑
4250,明归,绿色,昆仑
4251,秋山,绿武,昆仑
4252,姬落红,绿武,昆仑
4253,莫细雨,绿文,昆仑
4254,龙如海,绿色,昆仑
4255,韩凝紫,绿武,昆仑
4256,柳莺莺,绿色,昆仑
4257,雷行空,绿色,昆仑
4258,了情,绿色,昆仑
4259,胡老一,绿武,昆仑
4260,胡老十,绿色,昆仑
4261,胡老百,绿色,昆仑
4262,胡老千,绿武,昆仑
4263,胡老万,绿色,昆仑
4264,杨小雀,绿武,昆仑
4265,李庭儿,绿武,昆仑
4266,王可,绿武,昆仑
4267,赵三狗,绿色,昆仑
4268,囊古歹,绿色,昆仑
4269,史格,绿武,昆仑
4270,吕德,绿武,昆仑
4271,刘整,绿色,昆仑
4272,贾似道,绿文,昆仑
4273,贺陀罗,绿色,昆仑
4274,胆巴,绿武,昆仑
4275,龙牙,绿色,昆仑
4276,狮心,绿武,昆仑
4277,风怜,绿武,昆仑
4278,铁哲,绿色,昆仑
4279,花晓霜,绿色,昆仑
4280,韩铮,绿色,昆仑
4281,靳飞,绿色,昆仑
4282,摩天鹞子,绿色,昆仑
4283,何嵩阳,绿武,昆仑
4284,陆万钧,绿色,昆仑
4285,花慕容,绿色,昆仑
4286,火真人,绿色,昆仑
4287,凌霜君,绿武,昆仑
4288,吴常青,绿文,昆仑
4289,明三秋,绿武,昆仑
4290,左元,绿色,昆仑
4291,童铸,绿武,昆仑
4292,修谷,绿色,昆仑
4293,叶钊,绿色,昆仑
4294,杨路,绿武,昆仑
4295,雷震,绿色,昆仑
4296,雷星,绿武,昆仑
4297,脱欢,绿色,昆仑
4298,哈里斯,绿色,昆仑
4299,阿滩,绿色,昆仑
4300,楚婉,绿武,昆仑
4301,楚羽,绿武,昆仑
4302,楚宫,绿色,昆仑
4303,释海雨,绿武,昆仑
4304,白三元,绿色,昆仑
4305,白凫,绿武,昆仑
4306,那速,绿色,昆仑
4307,阿凌,绿色,昆仑
4308,阿雪,绿武,昆仑
4309,阿冰,绿色,昆仑
4310,羽灵,绿武,昆仑
4311,哑儿,绿色,昆仑
4312,史富通,绿色,昆仑
4313,风眠,绿色,昆仑
4314,黄老五,绿武,昆仑
4315,杨湖,绿色,昆仑
4316,沈利,绿色,昆仑
4317,董亮,绿色,昆仑
4318,洪照,绿色,昆仑
4319,兰娅,绿色,昆仑
4320,合蚩蛮,绿色,昆仑
4321,契尔尼老,绿色,昆仑
4322,扎马鲁丁,绿文,昆仑
4323,夏贵,绿色,昆仑
4324,范文虎,绿色,昆仑
4325,张世杰,绿色,昆仑
4326,云璇,绿色,昆仑
4327,赵星,绿色,昆仑
4328,杨镇,绿色,昆仑
4329,赵呙,绿色,昆仑
4330,木偶煞,绿色,昆仑
4331,布袋煞,绿色,昆仑
4332,常望海,绿色,昆仑
4333,凌水月,绿色,昆仑
4334,常宁,绿色,昆仑
4335,骆明绮,绿武,昆仑
4336,陈宜中,绿色,昆仑
4337,陆秀夫,绿色,昆仑
4338,朱余老,绿色,昆仑
4339,王清蕙,绿文,昆仑
4340,捷苏,绿色,昆仑
4341,安吉纳,绿文,昆仑
4342,安吉尔,绿色,昆仑
4343,塔波罗,绿武,昆仑
4344,卢贝阿,绿色,昆仑
4345,弗雷德,绿武,昆仑
4346,阿莫,绿色,昆仑
4347,朱雀,绿武,昆仑
4348,乌鸦,绿色,昆仑
4349,翠鸟,绿武,昆仑
4350,彩凤,绿色,昆仑
4351,青鸾,绿色,昆仑
4352,黄鹂,绿武,昆仑
4353,云雀,绿色,昆仑
4354,黑鹰,绿色,昆仑
4355,雪雁,绿色,昆仑
4356,铁鸳,绿武,昆仑
4357,阿鸯,绿色,昆仑
4358,天狼子,绿色,昆仑
4359,贾秀才,绿色,昆仑
4360,金翠羽,绿色,昆仑
4361,白不吃,绿武,昆仑
4362,池羡鱼,绿色,昆仑
4363,花镜圆,绿色,昆仑
4364,陈鼎,绿色,昆仑
4365,罗大纲,绿色,昆仑
4366,朱世杰,绿色,昆仑
4367,张青岩,绿武,昆仑
4368,靳文,绿色,昆仑
4369,海都汗,绿武,昆仑
4370,花斑豹,绿色,昆仑
4371,心如神尼,紫色,梁羽生
4372,柳梦蝶,蓝色,梁羽生
4373,鲁世雄,蓝色,梁羽生
4374,孟中还,蓝色,梁羽生
4375,完颜长之,绿色,梁羽生
4376,独孤飞凤,绿色,梁羽生
4377,丁剑鸣,绿色,梁羽生
4378,柳剑鸣,绿色,梁羽生
4379,娄无畏,绿色,梁羽生
4380,刘云英,绿色,梁羽生
4381,钟海平,绿色,梁羽生
4382,云中奇,绿色,梁羽生
4383,刘云玉,绿色,梁羽生
4384,路怀亮,绿色,梁羽生
4385,宗达陀,绿色,梁羽生
4386,噶布尔,绿色,梁羽生
4387,班建侯,绿色,梁羽生
4388,完颜定国,绿色,梁羽生
4389,珠玛,绿色,梁羽生
4390,杨老板,绿色,梁羽生
4391,杨振刚,绿色,梁羽生
4392,左含英,绿色,梁羽生
4393,王再越,绿色,梁羽生
4394,独孤一行,绿色,梁羽生
4395,金华,绿色,梁羽生
4396,雷宏,绿色,梁羽生
4397,刘展鹏,绿色,梁羽生
4398,蒙永真,绿色,梁羽生
4399,董二姑,绿色,梁羽生
4400,刘三姑,绿色,梁羽生
4401,李来中,绿色,梁羽生
4402,岳君雄,绿色,梁羽生
4403,王虎子,绿色,梁羽生
4404,萨奇罕,绿色,梁羽生
4405,耿卓环,绿色,梁羽生
4406,唐万川,绿色,梁羽生
4407,古飞云,绿色,梁羽生
4408,胡一鄂,绿色,梁羽生
4409,丁晓,蓝色,梁羽生
4410,上官瑾,绿色,梁羽生
4411,杜真娘,绿色,梁羽生
4412,朱红灯,绿色,梁羽生
4413,太极陈,绿色,梁羽生
4414,沙鸣远,绿色,梁羽生
4415,姜凤琼,绿色,梁羽生
4416,卓不凡,绿色,梁羽生
4417,姜翼贤,绿色,梁羽生
4418,喀图音,绿色,梁羽生
4419,焦忠耀,绿色,梁羽生
4420,方复汉,绿色,梁羽生
4421,董绍堂,绿色,梁羽生
4422,司空照,绿色,梁羽生
4423,白贞一,绿色,梁羽生
4424,王子铭,绿色,梁羽生
4425,马寿山,绿色,梁羽生
4426,索志超,绿色,梁羽生
4427,索善余,绿色,梁羽生
4428,铁大鼎,绿色,梁羽生
4429,岳鸣柯,紫色,梁羽生
4430,练霓裳,蓝色,梁羽生
4431,卓一航,蓝色,梁羽生
4432,飞红巾,蓝色,梁羽生
4433,杨云骢,蓝色,梁羽生
4434,纳兰明慧,蓝色,梁羽生
4435,多铎,蓝色,梁羽生
4436,紫阳道长,绿色,梁羽生
4437,黄叶道人,绿色,梁羽生
4438,红云道人,绿色,梁羽生
4439,白石道人,绿色,梁羽生
4440,青松道人,绿色,梁羽生
4441,金独异,绿色,梁羽生
4442,铁飞龙,绿色,梁羽生
4443,铁珊瑚,绿色,梁羽生
4444,红花鬼母,绿色,梁羽生
4445,尊胜师,绿色,梁羽生
4446,镜明长老,绿色,梁羽生
4447,顾宪成,绿色,梁羽生
4448,熊廷弼,蓝武,梁羽生
4449,左光斗,绿色,梁羽生
4450,阮大针,绿色,梁羽生
4451,孙承忠,绿色,梁羽生
4452,洪承畴,蓝文,梁羽生
4453,楚昭南,绿色,梁羽生
4454,天龙禅师,绿色,梁羽生
4455,纽枯庐,绿色,梁羽生
4456,卓仲廉,绿色,梁羽生
4457,卓继贤,绿色,梁羽生
4458,耿绍南,绿色,梁羽生
4459,虞新城,绿色,梁羽生
4460,何绿华,绿色,梁羽生
4461,何萼华,绿色,梁羽生
4462,贞干道人,绿色,梁羽生
4463,辛龙子,绿色,梁羽生
4464,穆九娘,绿色,梁羽生
4465,王照希,绿色,梁羽生
4466,王嘉胤,绿色,梁羽生
4467,石浩,绿色,梁羽生
4468,胡国柱,绿色,梁羽生
4469,邵宣扬,绿色,梁羽生
4470,孟灿,绿色,梁羽生
4471,白敏,绿色,梁羽生
4472,孟秋霞,绿色,梁羽生
4473,柳西铭,绿色,梁羽生
4474,郑洪台,绿色,梁羽生
4475,应修阳,绿色,梁羽生
4476,云燕平,绿色,梁羽生
4477,金千,绿色,梁羽生
4478,李天扬,绿色,梁羽生
4479,慈慧师太,绿色,梁羽生
4480,成坤则,绿色,梁羽生
4481,郝建昌,绿色,梁羽生
4482,龙达叁,绿色,梁羽生
4483,李申时,绿色,梁羽生
4484,王廷禄,绿色,梁羽生
4485,王廷福,绿色,梁羽生
4486,唐努,绿色,梁羽生
4487,唐玛,绿色,梁羽生
4488,连城虎,绿色,梁羽生
4489,昌钦大喇嘛,绿色,梁羽生
4490,客娉婷,绿色,梁羽生
4491,盂萨思,绿色,梁羽生
4492,天德上人,绿色,梁羽生
4493,雷蒙法师,绿色,梁羽生
4494,哈川,绿色,梁羽生
4495,成章五,绿色,梁羽生
4496,神大元,绿色,梁羽生
4497,神一元,绿色,梁羽生
4498,魏忠贤,绿色,梁羽生
4499,杨涟,绿色,梁羽生
4500,崔呈秀,绿色,梁羽生
4501,押不庐,绿色,梁羽生
4502,阿盖,绿色,梁羽生
4503,德卡,绿色,梁羽生
4504,巴拉,绿色,梁羽生
4505,邱东洛,绿色,梁羽生
4506,柳西岩,绿色,梁羽生
4507,孟禄,绿色,梁羽生
4508,哈合图,绿色,梁羽生
4509,天蒙禅师,绿色,梁羽生
4510,焦化,绿色,梁羽生
4511,甘天立,绿色,梁羽生
4512,麦盖提,绿色,梁羽生
4513,曼铃娜,绿色,梁羽生
4514,伊士达,绿色,梁羽生
4515,纳兰秀吉,绿色,梁羽生
4516,凌未风,紫色,梁羽生
4517,易兰珠,蓝色,梁羽生
4518,张华昭,蓝色,梁羽生
4519,傅青主,绿文,梁羽生
4520,冒浣莲,蓝色,梁羽生
4521,桂仲明,蓝色,梁羽生
4522,刘郁芳,蓝色,梁羽生
4523,纳兰容若,蓝色,梁羽生
4524,韩志邦,绿色,梁羽生
4525,武琼瑶,绿色,梁羽生
4526,李思永,绿色,梁羽生
4527,石天成,绿色,梁羽生
4528,桂天澜,绿色,梁羽生
4529,董小宛,蓝文,梁羽生
4530,张承斌,绿色,梁羽生
4531,阎中天,绿色,梁羽生
4532,古元亮,绿色,梁羽生
4533,成天挺,绿色,梁羽生
4534,孟武威,绿色,梁羽生
4535,石振飞,绿色,梁羽生
4536,齐真君,绿色,梁羽生
4537,武元英,绿色,梁羽生
4538,韩荆,绿色,梁羽生
4539,杨青波,绿色,梁羽生
4540,朱天木,绿色,梁羽生
4541,达三公,绿色,梁羽生
4542,罗达,绿色,梁羽生
4543,卢大楞子,绿色,梁羽生
4544,贺万方,绿色,梁羽生
4545,张煌言,绿文,梁羽生
4546,张名振,绿色,梁羽生
4547,张魁,绿色,梁羽生
4548,彭昆林,绿色,梁羽生
4549,郝继明,绿色,梁羽生
4550,王刚,绿色,梁羽生
4551,申天虎,绿色,梁羽生
4552,申天豹,绿色,梁羽生
4553,洪涛,绿色,梁羽生
4554,焦直,绿色,梁羽生
4555,郝大绶,绿色,梁羽生
4556,周青,绿色,梁羽生
4557,马方,绿色,梁羽生
4558,张元振,绿色,梁羽生
4559,陶宏,绿色,梁羽生
4560,金崖,绿色,梁羽生
4561,保柱,绿色,梁羽生
4562,李本深,绿色,梁羽生
4563,朱国治,绿文,梁羽生
4564,郝飞凤,绿色,梁羽生
4565,沙无定,绿色,梁羽生
4566,柳大雄,绿色,梁羽生
4567,孟坚如,绿色,梁羽生
4568,尚云亭,绿色,梁羽生
4569,天雄上人,绿色,梁羽生
4570,玄真,绿色,梁羽生
4571,桑干,绿色,梁羽生
4572,桑弧,绿色,梁羽生
4573,桑仁,绿色,梁羽生
4574,聂风,紫武,风云
4575,步惊云,紫武,风云
4576,无名,紫色,风云
4577,雄霸,紫文,风云
4578,断浪,蓝武,风云
4579,破军,蓝武,风云
4580,绝无神,蓝武,风云
4581,第二梦,蓝武,风云
4582,剑皇,蓝武,风云
4583,邪皇,蓝武,风云
4584,刀皇,蓝武,风云
4585,猪皇,蓝色,风云
4586,拳道神,蓝武,风云
4587,剑圣,蓝武,风云
4588,剑晨,蓝武!,风云
4589,聂人王,蓝武,风云
4590,段帅,蓝武,风云
4591,凤舞,蓝武,风云
4592,泥菩萨,蓝文,风云
4593,武释尊,绿武,风云
4594,文丑丑,绿色,风云
4595,不虚,绿色,风云
4596,童皇,绿文,风云
4597,夫唱,绿武,风云
4598,妇随,绿色,风云
4599,戏宝,绿色,风云
4600,食为仙,绿色,风云
4601,鬼影,绿武,风云
4602,狗王,绿武,风云
4603,铁帚仙,绿武,风云
4604,手舞,绿色,风云
4605,足蹈,绿武,风云
4606,纸探花,绿色,风云
4607,媒婆,绿武,风云
4608,火麒麟,绿武,风云
4609,剑贫,绿色,风云
4610,敖天,绿色,风云
4611,剑魔,绿武,风云
4612,七海龙王,绿武,风云
4613,剑慧,绿色,风云
4614,天行,绿色,风云
4615,绝地,绿色,风云
4616,独孤一方,绿色,风云
4617,皇帝,绿色,风云
4618,鬼虎,绿色,风云
4619,天皇,绿色,风云
4620,求绝,绿色,风云
4621,绝心,绿武,风云
4622,霍步天,绿色,风云
4623,蝙蝠,绿色,风云
4624,拳凶,绿色,风云
4625,厉眼,绿武,风云
4626,死奴,绿武,风云
4627,囚奴,绿武,风云
4628,独孤一方（伪）,绿武,风云
4629,秦霜,绿武,风云
4630,龙袖,绿武,风云
4631,霍玄铁,绿色,风云
4632,孔慈,绿武,风云
4633,快意老祖,绿色,风云
4634,虎刃,绿武,风云
4635,狼刀,绿色,风云
4636,鹤笔,绿武,风云
4637,蛇钩,绿武,风云
4638,雪暗天,绿武,风云
4639,颜盈,绿武,风云
4640,洞天鼠,绿武,风云
4641,穴地鼠,绿武,风云
4642,布袋行僧,绿色,风云
4643,冷不防,蓝武,风云
4644,小敏,绿文,风云
4645,关七,绿色,风云
4646,独孤铭,绿色,风云
4647,龚兰,绿武,风云
4648,老马,绿色,风云
4649,苍鹰派掌门,绿色,风云
4650,产妇,绿色,风云
4651,灵鹤派掌门,绿武,风云
4652,落暮派掌门,绿色,风云
4653,幽弱,绿色,风云
4654,独孤梦,绿色,风云
4655,顽童,绿色,风云
4656,吕义,绿色,风云
4657,吕廉,绿武,风云
4658,侠王真身,绿色,风云
4659,官差,绿文,风云
4660,飞云堂副堂主,绿武,风云
4661,杨真,绿武,风云
4662,小忠,绿文,风云
4663,何伯,绿色,风云
4664,文嫂,绿文,风云
4665,神医,绿文,风云
4666,于岳,绿色,风云
4667,于楚楚,绿文,风云
4668,捕神,绿色,风云
4669,右先锋,绿色,风云
4670,左先锋,绿色,风云
4671,叶平,绿色,风云
4672,潘日飞,绿武,风云
4673,潘子菊,绿武,风云
4674,卓东,绿武,风云
4675,长离剑老,绿武,风云
4676,锺眉,绿文,风云
4677,温弩,绿色,风云
4678,冷胭,绿色,风云
4679,傲夫人,绿武,风云
4680,杜野,绿色,风云
4681,卦叟,绿武,风云
4682,祥叔,绿色,风云
4683,聂英,绿武,风云
4684,傲日,绿色,风云
4685,孟忍,绿武,风云
4686,丁算天,绿色,风云
4687,铁森,绿色,风云
4688,佛笑临,绿色,风云
4689,花玉男,绿武,风云
4690,连眉,绿色,风云
4691,福安安,绿武,风云
4692,乾坤不精,绿色,风云
4693,铁石神僧,绿色,风云
4694,银钩,绿色,风云
4695,铁画,绿色,风云
4696,渡空,绿武,风云
4697,擎羊,绿色,风云
4698,陀罗,绿色,风云
4699,晨峰,绿色,风云
4700,剑尊,绿色,风云
4701,曹公公,绿武,风云
4702,刀头老大,绿武,风云
4703,宫本猛,绿色,风云
4704,小桐,绿武,风云
4705,冷老,绿色,风云
4706,第一求胜,绿武,风云
4707,火狼,绿色,风云
4708,炎姬,绿武,风云
4709,幻圣一心,绿色,风云
4710,拳痴,绿武,风云
4711,巨二郎,绿武,风云
4712,娇罗刹,绿武,风云
4713,铁梯神煞,绿色,风云
4714,牛精良,绿色,风云
4715,丁宁,绿武,风云
4716,肥强,绿武,风云
4717,展昭,蓝武,三侠五义
4718,欧阳春,紫武,三侠五义
4719,白云瑞,绿武,三侠五义
4720,于和,绿武,三侠五义
4721,普渡,绿武,三侠五义
4722,雪竹莲,绿武,三侠五义
4723,夏遂良,绿武,三侠五义
4724,喃喃罗汉,蓝色,三侠五义
4725,白一子,绿色,三侠五义
4726,龙云凤,绿武,三侠五义
4727,丁兆兰,绿武,三侠五义
4728,丁兆蕙,绿武,三侠五义
4729,丁月华,绿色,三侠五义
4730,智化,绿色,三侠五义
4731,沈仲元,绿武,三侠五义
4732,卢方,绿色,三侠五义
4733,韩彰,绿色,三侠五义
4734,徐庆,绿色,三侠五义
4735,蒋平,绿色,三侠五义
4736,白玉堂,蓝武,三侠五义
4737,公孙策,蓝文,三侠五义
4738,柳青,绿色,三侠五义
4739,艾虎,绿色,三侠五义
4740,白云生,绿武,三侠五义
4741,卢珍,绿色,三侠五义
4742,韩天锦,绿武,三侠五义
4743,陶福安,绿武,三侠五义
4744,王猿,绿武,三侠五义
4745,柳目,绿色,三侠五义
4746,夏侯仁,绿色,三侠五义
4747,古月,绿武,三侠五义
4748,彭海,绿武,三侠五义
4749,欧阳忠惠,绿武,三侠五义
4750,赵朴,绿色,三侠五义
4751,魏百宝,绿武,三侠五义
4752,王朝,绿色,三侠五义
4753,马汉,绿武,三侠五义
4754,张龙,绿色,三侠五义
4755,赵虎,绿色,三侠五义
4756,房舒安,绿色,三侠五义
4757,刘士杰,绿色,三侠五义
4758,沈明杰,绿色,三侠五义
4759,吕仁杰,绿色,三侠五义
4760,鲁世杰,绿色,三侠五义
4761,柳金杰,绿武,三侠五义
4762,柳玉杰,绿色,三侠五义
4763,邵环杰,绿色,三侠五义
4764,梅良祖,绿色,三侠五义
4765,谷云飞,绿武,三侠五义
4766,魏真,绿色,三侠五义
4767,吴道成,绿武,三侠五义
4768,花冲,绿武,三侠五义
4769,钟雄,绿武,三侠五义
4770,邓车,绿色,三侠五义
4771,赵爵,绿文,三侠五义
4772,颜查散,绿文,三侠五义
4773,罗通,绿武,三侠五义
4774,商纣王,紫武,商朝
4775,汤,蓝色,商朝
4776,太甲,紫武,商朝
4777,武丁,紫武,商朝
4778,盘庚,绿色,商朝
4779,中丁,绿色,商朝
4780,仲壬,绿色,商朝
4781,南庚,绿色,商朝
4782,卜丙,绿文,商朝
4783,外壬,绿文,商朝
4784,大庚,绿文,商朝
4785,太戊,蓝文,商朝
4786,小乙,绿色,商朝
4787,小甲,绿文,商朝
4788,小辛,绿文,商朝
4789,帝乙,绿文,商朝
4790,庚丁,绿文,商朝
4791,廪辛,绿文,商朝
4792,文丁,绿文,商朝
4793,武乙,绿武,商朝
4794,沃丁,绿文,商朝
4795,沃甲,绿文,商朝
4796,河亶甲,绿文,商朝
4797,王亥,绿文,商朝
4798,祖丁,绿色,商朝
4799,祖乙,绿文,商朝
4800,祖庚,绿文,商朝
4801,祖甲,绿文,商朝
4802,祖辛,绿武,商朝
4803,阳甲,绿色,商朝
4804,雍己,绿文,商朝
4805,姜尚,未知,商朝
4806,且己,未知,商朝
4807,仲虺,未知,商朝
4808,伊尹,未知,商朝
4809,伯夷,未知,商朝
4810,周文王,未知,商朝
4811,周武王,未知,商朝
4812,妇好,未知,商朝
4813,妲己,未知,商朝
4814,巫彭,未知,商朝
4815,比干,未知,商朝
4816,箕子,未知,商朝
4817,公孙胜,蓝文,水浒传
4818,鲁智深,紫色,水浒传
4819,武松,紫色,水浒传
4820,林冲,紫色,水浒传
4821,关胜,紫武,水浒传
4822,吴用,蓝文,水浒传
4823,卢俊义,蓝武,水浒传
4824,呼延灼,蓝武,水浒传
4825,花荣,蓝武,水浒传
4826,柴进,蓝武,水浒传
4827,李应,蓝武,水浒传
4828,朱仝,蓝武,水浒传
4829,董平,蓝武,水浒传
4830,张清,蓝武,水浒传
4831,杨志,蓝武,水浒传
4832,徐宁,蓝武,水浒传
4833,索超,蓝武,水浒传
4834,戴宗,蓝武,水浒传
4835,刘唐,蓝武,水浒传
4836,李逵,蓝色,水浒传
4837,史进,蓝武,水浒传
4838,穆弘,绿武,水浒传
4839,雷横,蓝色,水浒传
4840,李俊,蓝武,水浒传
4841,阮小二,蓝武,水浒传
4842,张横,绿武,水浒传
4843,阮小五,蓝武,水浒传
4844,张顺,绿武,水浒传
4845,阮小七,蓝武,水浒传
4846,杨雄,绿色,水浒传
4847,石秀,绿武,水浒传
4848,解珍,绿色,水浒传
4849,解宝,绿色,水浒传
4850,燕青,蓝武,水浒传
4851,朱武,绿色,水浒传
4852,黄信,绿色,水浒传
4853,孙立,绿色,水浒传
4854,宣赞,绿色,水浒传
4855,郝思文,绿色,水浒传
4856,韩滔,绿色,水浒传
4857,将彭,绿武,水浒传
4858,单廷桂,绿色,水浒传
4859,魏定国,绿武,水浒传
4860,萧让,绿文,水浒传
4861,裴宣,绿色,水浒传
4862,欧鹏,绿色,水浒传
4863,邓飞,绿色,水浒传
4864,燕顺,绿色,水浒传
4865,凌振,绿色,水浒传
4866,蒋敬,绿色,水浒传
4867,吕方,绿色,水浒传
4868,郭盛,蓝色！,水浒传
4869,安道全,绿色,水浒传
4870,皇甫端,绿文,水浒传
4871,扈三娘,绿武,水浒传
4872,鲍旭,绿色,水浒传
4873,时迁,绿武,水浒传
4874,樊瑞,绿色,水浒传
4875,孔明,绿武,水浒传
4876,孔亮,绿色,水浒传
4877,项充,绿色,水浒传
4878,李衮,绿色,水浒传
4879,金大坚,绿色,水浒传
4880,童威,绿武,水浒传
4881,童猛,绿武,水浒传
4882,孟康,绿武,水浒传
4883,侯健,绿色,水浒传
4884,陈达,绿色,水浒传
4885,杨春,绿色,水浒传
4886,郑天寿,绿色,水浒传
4887,陶宗旺,绿色,水浒传
4888,宋清,绿文,水浒传
4889,乐和,绿文,水浒传
4890,龚旺,绿色,水浒传
4891,丁得孙,绿色,水浒传
4892,穆春,绿色,水浒传
4893,曹正,绿武,水浒传
4894,宋万,绿色,水浒传
4895,杜迁,绿色,水浒传
4896,薛永,绿色,水浒传
4897,施恩,绿武,水浒传
4898,周通,绿武,水浒传
4899,李忠,绿色,水浒传
4900,杜兴,绿色,水浒传
4901,汤隆,绿色,水浒传
4902,邹润,绿武,水浒传
4903,朱富,绿色,水浒传
4904,邹渊,绿色,水浒传
4905,朱贵,绿武,水浒传
4906,蔡福,绿色,水浒传
4907,蔡庆,绿武,水浒传
4908,孙新,绿武,水浒传
4909,李云,绿武,水浒传
4910,焦挺,绿武,水浒传
4911,石勇,绿色,水浒传
4912,李立,绿色,水浒传
4913,顾大嫂,绿色,水浒传
4914,张青,绿武,水浒传
4915,孙二娘,绿武,水浒传
4916,王定六,绿武,水浒传
4917,郁保四,绿色,水浒传
4918,白胜,绿武,水浒传
4919,段景住,绿色,水浒传
4920,兀颜光,未知,水浒传
4921,田虎,未知,水浒传
4922,平王庆,未知,水浒传
4923,钱振鹏,未知,水浒传
4924,石宝,未知,水浒传
4925,彭玘,未知,水浒传
4926,单廷珪,未知,水浒传
4927,巩简公,未知,西周
4928,杜宇,未知,西周
4929,蜀成帝,未知,西周
4930,许伯男,未知,西周
4931,许孝男,未知,西周
4932,许续,未知,西周
4933,许康男,未知,西周
4934,许德男,未知,西周
4935,许文公,未知,西周
4936,许文叔,未知,西周
4937,姬奭,未知,西周
4938,蔡仲胡,未知,西周
4939,蔡续,未知,西周
4940,虢公翰,未知,西周
4941,许靖男,未知,西周
4942,伯益,未知,夏商
4943,务光,未知,夏商
4944,后羿,未知,夏商
4945,妹喜,未知,夏商
4946,嬴若木,未知,夏商
4947,寒浞,未知,夏商
4948,汤(商),未知,夏商
4949,蚕丛,未知,夏商
4950,成汤,未知,夏商
4951,外丙,未知,夏商
4952,中壬,未知,夏商
4953,太庚,未知,夏商
4954,太丁,未知,夏商
4955,帝辛,未知,夏商
4956,不降,未知,夏商
4957,中康,未知,夏商
4958,发(夏),未知,夏商
4959,孔甲,未知,夏商
4960,相(夏),未知,夏商
4961,太康(夏),未知,夏商
4962,少康(夏),未知,夏商
4963,夏仁宗,未知,西夏
4964,夏崇宗,未知,西夏
4965,夏惠宗,未知,西夏
4966,夏桓宗,未知,西夏
4967,夏续,未知,西夏
4968,夏毅宗,未知,西夏
4969,夏献宗,未知,西夏
4970,夏神宗,未知,西夏
4971,夏襄宗,未知,西夏
4972,李德明,蓝文,西夏
4973,李睍,未知,西夏
4974,李思恭,未知,西夏
4975,李思谏,未知,西夏
4976,李仁佑,未知,西夏
4977,李彝昌,未知,西夏
4978,李彝殷,未知,西夏
4979,李光睿,未知,西夏
4980,李继筠,未知,西夏
4981,李继,未知,西夏
4982,李德,未知,西夏
4983,李元,未知,西夏
4984,李秉,未知,西夏
4985,李干,未知,西夏
4986,李仁,未知,西夏
4987,李遵,未知,西夏
4988,拓跋宁丛,未知,西夏
4989,拓跋木弥,未知,西夏
4990,拓跋赤辞,未知,西夏
4991,拓跋立伽,未知,西夏
4992,拓跋罗胄,未知,西夏
4993,拓跋后那,未知,西夏
4994,拓跋思泰,未知,西夏
4995,拓跋守寂,未知,西夏
4996,拓跋澄澜,未知,西夏
4997,拓跋朝光,未知,西夏
4998,拓跋干晖,未知,西夏
4999,拓跋澄岘,未知,西夏
5000,拓跋副叶,未知,西夏
5001,拓跋重建,未知,西夏
5002,拓跋思恭,未知,西夏
5003,野利都兰,未知,西夏
5004,没藏黑云,未知,西夏
5005,耶律南仙,未知,西夏
5006,李秉常,绿色,西夏
5007,周公旦,绿色,西夏辽周
5008,褒姒,蓝文!,西夏辽周
5009,耶律沙,绿色,西夏辽周
5010,耶律休哥,绿色,西夏辽周
5011,耶律迭剌,蓝文,西夏辽周
5012,斡道冲,绿色,西夏辽周
5013,张觉,绿武,西夏辽周
5014,耶律重元,绿武,西夏辽周
5015,察合公主,绿文,西夏辽周
5016,没藏讹庞,绿色,西夏辽周
5017,野利旺荣,绿武,西夏辽周
5018,太姒,绿文,西夏辽周
5019,姬鲜,绿色,西夏辽周
5020,武庚,绿色,西夏辽周
5021,卫共伯,绿文,西夏辽周
5022,卫厘侯,绿色,西夏辽周
5023,卫嗣伯,绿文,西夏辽周
5024,卫康伯,绿文,西夏辽周
5025,卫康叔,绿文,西夏辽周
5026,卫武公,绿色,西夏辽周
5027,卫疌伯,绿文,西夏辽周
5028,卫考伯,绿色,西夏辽周
5029,卫贞伯,绿文,西夏辽周
5030,卫靖伯,绿色,西夏辽周
5031,卫顷侯,绿文,西夏辽周
5032,召公奭,绿文,西夏辽周
5033,唐叔虞,绿色,西夏辽周
5034,嬴章禹,绿文,西夏辽周
5035,尹喜,绿色,西夏辽周
5036,徐偃王,绿文,西夏辽周
5037,徐驹王,绿色,西夏辽周
5038,晋侯燮,绿色,西夏辽周
5039,晋厉侯,绿文,西夏辽周
5040,晋厘侯,绿色,西夏辽周
5041,晋成侯,绿色,西夏辽周
5042,晋武侯,绿文,西夏辽周
5043,晋殇叔,绿色,西夏辽周
5044,晋献侯,绿文,西夏辽周
5045,晋穆侯,绿文,西夏辽周
5046,晋靖侯,绿文,西夏辽周
5047,燕侯克,绿色,西夏辽周
5048,燕侯和,绿文,西夏辽周
5049,燕侯宪,绿文,西夏辽周
5050,燕侯旨,绿文,西夏辽周
5051,燕侯舞,绿文,西夏辽周
5052,蔡仲,绿色,西夏辽周
5053,蔡伯荒,绿色,西夏辽周
5054,蔡厉侯,绿色,西夏辽周
5055,蔡厘侯,绿文,西夏辽周
5056,蔡叔度,绿色,西夏辽周
5057,蔡夷侯,绿文,西夏辽周
5058,蔡宫侯,绿色,西夏辽周
5059,蔡武侯,绿文,西夏辽周
5060,虢石父,绿色,西夏辽周
5061,辛甲,绿文,西夏辽周
5062,陈胡公,绿色,西夏辽周
5063,鲁公伯禽,绿色,西夏辽周
5064,鲁厉公,绿文,西夏辽周
5065,鲁孝公,绿文,西夏辽周
5066,鲁幽公,绿文,西夏辽周
5067,鲁废公,绿色,西夏辽周
5068,鲁懿公,绿色,西夏辽周
5069,鲁武公,绿色,西夏辽周
5070,鲁炀公,绿色,西夏辽周
5071,鲁献公,绿文,西夏辽周
5072,鲁真公,绿文,西夏辽周
5073,鲁考公,绿色,西夏辽周
5074,鲁魏公,绿色,西夏辽周
5075,三班,未知,汉朝
5076,班彪,未知,汉朝
5077,崔巨业,未知,汉朝
5078,崔寔,未知,汉朝
5079,蔡伦,未知,汉朝
5080,陈豨,未知,汉朝
5081,邓通,未知,汉朝
5082,窦融,未知,汉朝
5083,戴德,未知,汉朝
5084,戴圣,未知,汉朝
5085,董永,未知,汉朝
5086,董仲舒,未知,汉朝
5087,冯衍,未知,汉朝
5088,樊崇,未知,汉朝
5089,郭解,未知,汉朝
5090,郑躬,未知,汉朝
5091,甘英,未知,汉朝
5092,黄昌,未知,汉朝
5093,何休,未知,汉朝
5094,黄香,未知,汉朝
5095,姜诗,未知,汉朝
5096,郭泰,未知,汉朝
5097,匡衡,未知,汉朝
5098,孔安国,未知,汉朝
5099,蒯通,未知,汉朝
5100,刘据,未知,汉朝
5101,刘演,未知,汉朝
5102,李豱,未知,汉朝
5103,李延年,未知,汉朝
5104,梁纲,未知,汉朝
5105,毛亨,未知,汉朝
5106,马续,未知,汉朝
5107,孟喜,未知,汉朝
5108,叔孫通,蓝文,汉朝
5109,司马谈,未知,汉朝
5110,施雠,未知,汉朝
5111,汜胜之,未知,汉朝
5112,眭元进,未知,汉朝
5113,苏武,未知,汉朝
5114,唐蒙,未知,汉朝
5115,文翁,未知,汉朝
5116,王凤,未知,汉朝
5117,卫媪,未知,汉朝
5118,吴臣,未知,汉朝
5119,王符,未知,汉朝
5120,王昭君,未知,汉朝
5121,许慎,未知,汉朝
5122,严遵,未知,汉朝
5123,虞初,未知,汉朝
5124,严忌,未知,汉朝
5125,严子陵,未知,汉朝
5126,严光,未知,汉朝
5127,袁盎,未知,汉朝
5128,赵岐,未知,汉朝
5129,赵晔,未知,汉朝
5130,中行曰,未知,汉朝
5131,中行说,未知,汉朝
5132,卓茂,未知,汉朝
5133,周仁,未知,汉朝
5134,张顗,未知,汉朝
5135,张骞,未知,汉朝
5136,张道陵,未知,汉朝
5137,朱汉,未知,汉朝
5138,赵建德,未知,汉朝
5139,赵信,未知,汉朝
5140,赵眜,未知,汉朝
5141,赵叡,未知,汉朝
5142,赵兴,未知,汉朝
5143,卫绾,未知,汉朝
5144,吕靑,未知,汉朝
5145,庄君平,未知,汉朝
5146,张敖,未知,汉朝
5147,李尚,未知,汉朝
5148,泛胜之,未知,汉朝
5149,淳于缇萦,未知,汉朝
5150,王临,未知,汉朝
5151,王臧,未知,汉朝
5152,相单程,未知,汉朝
5153,谌重,未知,汉朝
5154,赵升,未知,汉朝
5155,赵破奴,未知,汉朝
5156,赵绾,未知,汉朝
5157,陆贾,未知,汉朝
5158,霍嬗,未知,汉朝
5159,韩嫣,未知,汉朝
5160,魏伯阳,未知,汉朝
5161,班勇,未知,汉朝
5162,班超,未知,汉朝
5163,曹参,未知,汉朝
5164,陈汤,未知,汉朝
5165,窦宪,未知,汉朝
5166,霍去病,未知,汉朝
5167,李广利,未知,汉朝
5168,李陵,未知,汉朝
5169,卢绾,未知,汉朝
5170,廉丹,未知,汉朝
5171,李广,未知,汉朝
5172,马援,未知,汉朝
5173,阙宣,未知,汉朝
5174,堂邑父,未知,汉朝
5175,卫青,未知,汉朝
5176,张耳,未知,汉朝
5177,周勃,未知,汉朝
5178,周亚夫,未知,汉朝
5179,郑吉,未知,汉朝
5180,杜诗,未知,汉朝
5181,窦固,未知,汉朝
5182,路博德,未知,汉朝
5183,隗嚣,未知,汉朝
5184,上官桀,未知,汉朝
5185,义纵,未知,汉朝
5186,何皇后,未知,汉朝
5187,刘乘,未知,汉朝
5188,刘寄,未知,汉朝
5189,刘庆,未知,汉朝
5190,刘强,未知,汉朝
5191,刘政,未知,汉朝
5192,刘歆,未知,汉朝
5193,刘祗,未知,汉朝
5194,刘羡,未知,汉朝
5195,刘肃,未知,汉朝
5196,刘肥,未知,汉朝
5197,刘臻,未知,汉朝
5198,刘舜,未知,汉朝
5199,刘衍,未知,汉朝
5200,刘贺,未知,汉朝
5201,刘越,未知,汉朝
5202,刘非,未知,汉朝
5203,卓文君,未知,汉朝
5204,卫子夫,未知,汉朝
5205,吕皇后,未知,汉朝
5206,张安世,未知,汉朝
5207,李夫人,未知,汉朝
5208,杨宝,未知,汉朝
5209,杨震,未知,汉朝
5210,栾布,未知,汉朝
5211,桓谭,未知,汉朝
5212,梁冀,未知,汉朝
5213,薄皇后,未知,汉朝
5214,霍成君,未知,汉朝
5215,马相,未知,汉朝
5216,刘盈,未知,汉朝
5217,吕雉,未知,汉朝
5218,刘恒,未知,汉朝
5219,刘启,未知,汉朝
5220,刘彻,紫色,汉朝
5221,刘弗陵,未知,汉朝
5222,刘询,未知,汉朝
5223,刘奭,未知,汉朝
5224,刘骜,未知,汉朝
5225,刘欣,未知,汉朝
5226,刘衎,未知,汉朝
5227,陈余,未知,汉朝
5228,魏豹,未知,汉朝
5229,田儋,未知,汉朝
5230,田假,未知,汉朝
5231,景驹,未知,汉朝
5232,秦王子婴,绿文,汉朝
5233,刘贾,未知,汉朝
5234,刘泽,未知,汉朝
5235,刘濞,未知,汉朝
5236,刘交,未知,汉朝
5237,刘如意,未知,汉朝
5238,刘友,绿色,汉朝
5239,刘恢,未知,汉朝
5240,刘建,未知,汉朝
5241,刘长,未知,汉朝
5242,刘赐,未知,汉朝
5243,刘勃,未知,汉朝
5244,刘德,未知,汉朝
5245,刘阏,未知,汉朝
5246,刘荣,未知,汉朝
5247,刘余,未知,汉朝
5248,刘端,未知,汉朝
5249,刘彭祖,未知,汉朝
5250,刘胜,未知,汉朝
5251,刘武,未知,汉朝
5252,刘参,未知,汉朝
5253,刘揖,未知,汉朝
5254,刘闳,未知,汉朝
5255,刘旦,未知,汉朝
5256,刘胥,未知,汉朝
5257,刘髆,未知,汉朝
5258,刘钦,未知,汉朝
5259,刘嚣,未知,汉朝
5260,刘宇,未知,汉朝
5261,刘竟,未知,汉朝
5262,刘康,未知,汉朝
5263,刘兴,未知,汉朝
5264,刘向,未知,汉朝
5265,田叔,未知,汉朝
5266,王陵,未知,汉朝
5267,郦商,未知,汉朝
5268,傅宽,未知,汉朝
5269,靳歙,未知,汉朝
5270,周昌,未知,汉朝
5271,赵尧,未知,汉朝
5272,任敖,未知,汉朝
5273,申屠嘉,未知,汉朝
5274,朱建,未知,汉朝
5275,娄敬,未知,汉朝
5276,伍被,未知,汉朝
5277,江充,未知,汉朝
5278,息夫躬,未知,汉朝
5279,石奋,未知,汉朝
5280,直不疑,未知,汉朝
5281,张欧,未知,汉朝
5282,爰盎,未知,汉朝
5283,晁错,未知,汉朝
5284,张释之,未知,汉朝
5285,冯唐,未知,汉朝
5286,汲黯,未知,汉朝
5287,郑当时,未知,汉朝
5288,贾山,未知,汉朝
5289,邹阳,未知,汉朝
5290,枚乘,未知,汉朝
5291,路温舒,未知,汉朝
5292,窦婴,未知,汉朝
5293,田蚡,未知,汉朝
5294,灌夫,未知,汉朝
5295,韩安国,未知,汉朝
5296,苏建,未知,汉朝
5297,公孙弘,未知,汉朝
5298,卜式,未知,汉朝
5299,儿宽,未知,汉朝
5300,张汤,未知,汉朝
5301,杜周,未知,汉朝
5302,司马迁,未知,汉朝
5303,严助,未知,汉朝
5304,朱买臣,未知,汉朝
5305,吾丘寿王,未知,汉朝
5306,主父偃,绿色,汉朝
5307,徐乐,未知,汉朝
5308,严安,未知,汉朝
5309,终军,未知,汉朝
5310,贾捐之,未知,汉朝
5311,公孙贺,未知,汉朝
5312,刘屈牦,未知,汉朝
5313,车千秋,未知,汉朝
5314,王欣,未知,汉朝
5315,杨敞,未知,汉朝
5316,蔡义,未知,汉朝
5317,陈万年,未知,汉朝
5318,郑弘,未知,汉朝
5319,杨王孙,未知,汉朝
5320,胡建,未知,汉朝
5321,朱云,未知,汉朝
5322,梅福,未知,汉朝
5323,云敞,未知,汉朝
5324,霍光,未知,汉朝
5325,金日磾,未知,汉朝
5326,赵充国,未知,汉朝
5327,辛庆忌,未知,汉朝
5328,傅介子,未知,汉朝
5329,常惠,未知,汉朝
5330,甘延寿,未知,汉朝
5331,段会宗,未知,汉朝
5332,隽不疑,未知,汉朝
5333,疏广,未知,汉朝
5334,疏受,未知,汉朝
5335,于定国,未知,汉朝
5336,薛广德,未知,汉朝
5337,平当,未知,汉朝
5338,彭宣,未知,汉朝
5339,王吉,未知,汉朝
5340,贡禹,未知,汉朝
5341,龚胜,未知,汉朝
5342,龚舍,未知,汉朝
5343,鲍宣,未知,汉朝
5344,韦贤,未知,汉朝
5345,魏相,未知,汉朝
5346,丙吉,未知,汉朝
5347,眭弘,未知,汉朝
5348,夏侯始昌,未知,汉朝
5349,夏侯胜,未知,汉朝
5350,京房,未知,汉朝
5351,翼奉,未知,汉朝
5352,李寻,未知,汉朝
5353,赵广汉,未知,汉朝
5354,尹翁归,未知,汉朝
5355,韩延寿,未知,汉朝
5356,张敞,未知,汉朝
5357,王尊,未知,汉朝
5358,王章,未知,汉朝
5359,盖宽饶,未知,汉朝
5360,诸葛丰,未知,汉朝
5361,刘辅,未知,汉朝
5362,郑崇,未知,汉朝
5363,孙宝,未知,汉朝
5364,毋将隆,未知,汉朝
5365,何并,未知,汉朝
5366,萧望之,未知,汉朝
5367,冯奉世,未知,汉朝
5368,张禹,未知,汉朝
5369,孔光,未知,汉朝
5370,马宫,未知,汉朝
5371,王商,未知,汉朝
5372,史丹,未知,汉朝
5373,傅喜,未知,汉朝
5374,薛宣,未知,汉朝
5375,朱博,未知,汉朝
5376,翟方进,未知,汉朝
5377,谷永,未知,汉朝
5378,杜邺,未知,汉朝
5379,何武,未知,汉朝
5380,王嘉,未知,汉朝
5381,师丹,未知,汉朝
5382,扬雄,未知,汉朝
5383,丁宽,未知,汉朝
5384,梁丘贺,未知,汉朝
5385,费直,未知,汉朝
5386,高相,未知,汉朝
5387,欧阳生,未知,汉朝
5388,林尊,未知,汉朝
5389,周堪,未知,汉朝
5390,张山拊,未知,汉朝
5391,申公,未知,汉朝
5392,王式,未知,汉朝
5393,辕固,未知,汉朝
5394,后苍,未知,汉朝
5395,韩婴,未知,汉朝
5396,赵子,未知,汉朝
5397,毛公,未知,汉朝
5398,孟卿,未知,汉朝
5399,胡母生,未知,汉朝
5400,严彭祖,未知,汉朝
5401,颜安乐,未知,汉朝
5402,瑕丘江公,未知,汉朝
5403,房凤,未知,汉朝
5404,王成,未知,汉朝
5405,黄霸,未知,汉朝
5406,朱邑,未知,汉朝
5407,龚遂,未知,汉朝
5408,召信臣,未知,汉朝
5409,郅都,未知,汉朝
5410,宁成,未知,汉朝
5411,周阳由,未知,汉朝
5412,赵禹,未知,汉朝
5413,王温舒,未知,汉朝
5414,尹齐,未知,汉朝
5415,杨仆,未知,汉朝
5416,咸宣,未知,汉朝
5417,田广明,未知,汉朝
5418,田延年,未知,汉朝
5419,严延年,未知,汉朝
5420,朱家,未知,汉朝
5421,剧孟,未知,汉朝
5422,万章,未知,汉朝
5423,楼护,未知,汉朝
5424,陈遵,未知,汉朝
5425,原涉,未知,汉朝
5426,赵谈,未知,汉朝
5427,石显,未知,汉朝
5428,淳于长,未知,汉朝
5429,董贤,未知,汉朝
5430,王莽,未知,汉朝
5431,刘恭,未知,汉朝
5432,刘弘,未知,汉朝
5433,刘婴,未知,汉朝
5434,颜异,未知,汉朝
5435,刘秀,未知,汉朝
5436,刘庄,未知,汉朝
5437,刘炟,未知,汉朝
5438,刘肇,未知,汉朝
5439,刘隆,未知,汉朝
5440,刘祜,未知,汉朝
5441,刘保,未知,汉朝
5442,刘炳,未知,汉朝
5443,刘缵,未知,汉朝
5444,刘志,未知,汉朝
5445,阴皇后,未知,汉朝
5446,马皇后,未知,汉朝
5447,贾贵人,未知,汉朝
5448,窦皇后,未知,汉朝
5449,梁贵人,未知,汉朝
5450,邓皇后,未知,汉朝
5451,阎皇后,未知,汉朝
5452,梁皇后,未知,汉朝
5453,虞贵人,未知,汉朝
5454,陈夫人,未知,汉朝
5455,匽皇后,未知,汉朝
5456,董皇后,未知,汉朝
5457,宋皇后,未知,汉朝
5458,唐姬,未知,汉朝
5459,伏皇后,未知,汉朝
5460,曹皇后,未知,汉朝
5461,刘玄,未知,汉朝
5462,刘盆子,未知,汉朝
5463,王昌,未知,汉朝
5464,庞萌,未知,汉朝
5465,张步,未知,汉朝
5466,王闳,未知,汉朝
5467,李宪,未知,汉朝
5468,彭宠,未知,汉朝
5469,卢芳,未知,汉朝
5470,公孙述,未知,汉朝
5471,刘良,未知,汉朝
5472,刘祉,未知,汉朝
5473,刘歙,未知,汉朝
5474,刘顺,未知,汉朝
5475,刘嘉,未知,汉朝
5476,刘英,未知,汉朝
5477,刘苍,未知,汉朝
5478,刘忠,未知,汉朝
5479,刘敞,未知,汉朝
5480,刘凯,未知,汉朝
5481,刘尚,未知,汉朝
5482,刘荆,未知,汉朝
5483,刘衡,未知,汉朝
5484,刘京,未知,汉朝
5485,刘党,未知,汉朝
5486,刘畅,未知,汉朝
5487,刘昺,未知,汉朝
5488,刘伉,未知,汉朝
5489,刘全,未知,汉朝
5490,刘寿,未知,汉朝
5491,刘开,未知,汉朝
5492,刘淑,未知,汉朝
5493,刘万岁,未知,汉朝
5494,王常,未知,汉朝
5495,邓晨,未知,汉朝
5496,来歙,未知,汉朝
5497,来历,未知,汉朝
5498,邓禹,未知,汉朝
5499,邓训,未知,汉朝
5500,邓骘,未知,汉朝
5501,寇恂,未知,汉朝
5502,寇荣,未知,汉朝
5503,冯异,未知,汉朝
5504,岑彭,未知,汉朝
5505,贾复,未知,汉朝
5506,吴汉,未知,汉朝
5507,盖延,未知,汉朝
5508,陈俊,未知,汉朝
5509,臧宫,未知,汉朝
5510,耿弇,未知,汉朝
5511,耿国,未知,汉朝
5512,耿秉,未知,汉朝
5513,耿夔,未知,汉朝
5514,耿恭,未知,汉朝
5515,铫期,未知,汉朝
5516,王霸,未知,汉朝
5517,祭遵,未知,汉朝
5518,祭肜,未知,汉朝
5519,任光,未知,汉朝
5520,任隗,未知,汉朝
5521,万修,未知,汉朝
5522,邳彤,未知,汉朝
5523,刘植,未知,汉朝
5524,耿纯,未知,汉朝
5525,朱佑,未知,汉朝
5526,景丹,未知,汉朝
5527,王梁,未知,汉朝
5528,杜茂,未知,汉朝
5529,马成,未知,汉朝
5530,傅俊,未知,汉朝
5531,坚镡,未知,汉朝
5532,马武,未知,汉朝
5533,窦章,未知,汉朝
5534,马廖,未知,汉朝
5535,马防,未知,汉朝
5536,马严,未知,汉朝
5537,马棱,未知,汉朝
5538,鲁恭,未知,汉朝
5539,鲁丕,未知,汉朝
5540,魏霸,未知,汉朝
5541,刘宽,未知,汉朝
5542,伏湛,未知,汉朝
5543,伏隆,未知,汉朝
5544,侯霸,未知,汉朝
5545,宋弘,未知,汉朝
5546,宋汉,未知,汉朝
5547,蔡茂,未知,汉朝
5548,郭贺,未知,汉朝
5549,冯勤,未知,汉朝
5550,牟融,未知,汉朝
5551,韦彪,未知,汉朝
5552,韦义,未知,汉朝
5553,宣秉,未知,汉朝
5554,张湛,未知,汉朝
5555,王丹,未知,汉朝
5556,王良,未知,汉朝
5557,杜林,未知,汉朝
5558,郭丹,未知,汉朝
5559,承宫,未知,汉朝
5560,郑均,未知,汉朝
5561,赵典,未知,汉朝
5562,冯豹,未知,汉朝
5563,申屠刚,未知,汉朝
5564,鲍永,未知,汉朝
5565,鲍昱,未知,汉朝
5566,郅恽,未知,汉朝
5567,郅寿,未知,汉朝
5568,苏竟,未知,汉朝
5569,杨厚,未知,汉朝
5570,郎顗,未知,汉朝
5571,襄楷,未知,汉朝
5572,郭伋,未知,汉朝
5573,孔奋,未知,汉朝
5574,张堪,未知,汉朝
5575,廉范,未知,汉朝
5576,王堂,未知,汉朝
5577,苏章,未知,汉朝
5578,苏不韦,未知,汉朝
5579,羊续,未知,汉朝
5580,贾琮,未知,汉朝
5581,樊宏,未知,汉朝
5582,樊鯈,未知,汉朝
5583,樊准,未知,汉朝
5584,阴识,未知,汉朝
5585,阴兴,未知,汉朝
5586,朱浮,未知,汉朝
5587,冯鲂,未知,汉朝
5588,虞延,未知,汉朝
5589,周章,未知,汉朝
5590,梁统,未知,汉朝
5591,梁松,未知,汉朝
5592,梁竦,未知,汉朝
5593,梁商,未知,汉朝
5594,曹褒,未知,汉朝
5595,郑兴,未知,汉朝
5596,郑众,未知,汉朝
5597,范升,未知,汉朝
5598,陈元,未知,汉朝
5599,张霸,未知,汉朝
5600,张陵,未知,汉朝
5601,张玄,未知,汉朝
5602,桓荣,未知,汉朝
5603,桓郁,未知,汉朝
5604,桓焉,未知,汉朝
5605,桓典,未知,汉朝
5606,桓鸾,未知,汉朝
5607,桓晔,未知,汉朝
5608,桓彬,未知,汉朝
5609,丁鸿,未知,汉朝
5610,张宗,未知,汉朝
5611,法雄,未知,汉朝
5612,滕抚,未知,汉朝
5613,冯绲,未知,汉朝
5614,度尚,未知,汉朝
5615,杨琁,未知,汉朝
5616,刘平,未知,汉朝
5617,王望,未知,汉朝
5618,王扶,未知,汉朝
5619,赵孝,未知,汉朝
5620,淳于恭,未知,汉朝
5621,江革,未知,汉朝
5622,刘般,未知,汉朝
5623,刘恺,未知,汉朝
5624,周盘,未知,汉朝
5625,班固,未知,汉朝
5626,第五伦,未知,汉朝
5627,第五种,未知,汉朝
5628,钟离意,未知,汉朝
5629,宋均,未知,汉朝
5630,宋意,未知,汉朝
5631,寒朗,未知,汉朝
5632,朱晖,未知,汉朝
5633,乐恢,未知,汉朝
5634,何敞,未知,汉朝
5635,邓彪,未知,汉朝
5636,徐防,未知,汉朝
5637,张敏,未知,汉朝
5638,胡广,未知,汉朝
5639,袁安,未知,汉朝
5640,袁京,未知,汉朝
5641,袁敞,未知,汉朝
5642,袁闳,未知,汉朝
5643,张酺,未知,汉朝
5644,韩棱,未知,汉朝
5645,周荣,未知,汉朝
5646,周景,未知,汉朝
5647,郭躬,未知,汉朝
5648,郭镇,未知,汉朝
5649,陈宠,未知,汉朝
5650,陈忠,未知,汉朝
5651,梁慬,未知,汉朝
5652,何熙,未知,汉朝
5653,杨终,未知,汉朝
5654,李法,未知,汉朝
5655,翟酺,未知,汉朝
5656,应奉,未知,汉朝
5657,霍谞,未知,汉朝
5658,爰延,未知,汉朝
5659,王充,未知,汉朝
5660,陈襌,未知,汉朝
5661,庞参,未知,汉朝
5662,陈龟,未知,汉朝
5663,崔骃,未知,汉朝
5664,崔瑗,未知,汉朝
5665,周燮,未知,汉朝
5666,黄宪,未知,汉朝
5667,徐稚,未知,汉朝
5668,姜肱,未知,汉朝
5669,申屠蟠,未知,汉朝
5670,杨秉,未知,汉朝
5671,杨赐,未知,汉朝
5672,张皓,未知,汉朝
5673,张纲,未知,汉朝
5674,王龚,未知,汉朝
5675,王畅,未知,汉朝
5676,种暠,未知,汉朝
5677,种岱,未知,汉朝
5678,种佛,未知,汉朝
5679,陈球,未知,汉朝
5680,杜根,未知,汉朝
5681,栾巴,未知,汉朝
5682,刘瑜,未知,汉朝
5683,谢弼,未知,汉朝
5684,虞诩,未知,汉朝
5685,传燮,未知,汉朝
5686,盖勋,未知,汉朝
5687,马融,未知,汉朝
5688,左雄,未知,汉朝
5689,周举,未知,汉朝
5690,周勰,未知,汉朝
5691,黄琼,未知,汉朝
5692,荀淑,未知,汉朝
5693,荀悦,未知,汉朝
5694,韩韶,未知,汉朝
5695,钟皓,未知,汉朝
5696,陈寔,未知,汉朝
5697,陈纪,未知,汉朝
5698,李固,未知,汉朝
5699,李燮,未知,汉朝
5700,杜乔,未知,汉朝
5701,吴佑,未知,汉朝
5702,延笃,未知,汉朝
5703,史弼,未知,汉朝
5704,皇甫规,未知,汉朝
5705,张奂,未知,汉朝
5706,陈蕃,未知,汉朝
5707,郭太,未知,汉朝
5708,符融,未知,汉朝
5709,窦武,未知,汉朝
5710,郑太,未知,汉朝
5711,朱儁,未知,汉朝
5712,李膺,未知,汉朝
5713,杜密,未知,汉朝
5714,刘佑,未知,汉朝
5715,魏朗,未知,汉朝
5716,夏馥,未知,汉朝
5717,宗慈,未知,汉朝
5718,巴肃,未知,汉朝
5719,尹勋,未知,汉朝
5720,蔡衍,未知,汉朝
5721,羊陟,未知,汉朝
5722,刘儒,未知,汉朝
5723,贾彪,未知,汉朝
5724,卫飒,未知,汉朝
5725,任延,未知,汉朝
5726,王景,未知,汉朝
5727,秦彭,未知,汉朝
5728,王涣,未知,汉朝
5729,许荆,未知,汉朝
5730,孟尝,未知,汉朝
5731,第五访,未知,汉朝
5732,刘矩,未知,汉朝
5733,仇览,未知,汉朝
5734,童恢,未知,汉朝
5735,董宣,未知,汉朝
5736,樊晔,未知,汉朝
5737,李章,未知,汉朝
5738,阳球,未知,汉朝
5739,孙程,未知,汉朝
5740,曹腾,未知,汉朝
5741,单超,未知,汉朝
5742,具瑗,未知,汉朝
5743,左悺,未知,汉朝
5744,唐衡,未知,汉朝
5745,吕强,未知,汉朝
5746,刘昆,未知,汉朝
5747,洼丹,未知,汉朝
5748,任安,未知,汉朝
5749,杨政,未知,汉朝
5750,张兴,未知,汉朝
5751,戴凭,未知,汉朝
5752,孙期,未知,汉朝
5753,欧阳歙,未知,汉朝
5754,牟长,未知,汉朝
5755,宋登,未知,汉朝
5756,张驯,未知,汉朝
5757,尹敏,未知,汉朝
5758,周防,未知,汉朝
5759,孔僖,未知,汉朝
5760,杨伦,未知,汉朝
5761,高诩,未知,汉朝
5762,包咸,未知,汉朝
5763,魏应,未知,汉朝
5764,伏恭,未知,汉朝
5765,任末,未知,汉朝
5766,景鸾,未知,汉朝
5767,薛汉,未知,汉朝
5768,杜抚,未知,汉朝
5769,召驯,未知,汉朝
5770,杨仁,未知,汉朝
5771,卫宏,未知,汉朝
5772,董钧,未知,汉朝
5773,丁恭,未知,汉朝
5774,周泽,未知,汉朝
5775,钟兴,未知,汉朝
5776,甄宇,未知,汉朝
5777,楼望,未知,汉朝
5778,程曾,未知,汉朝
5779,李育,未知,汉朝
5780,服虔,未知,汉朝
5781,颍容,未知,汉朝
5782,谢该,未知,汉朝
5783,蔡玄,未知,汉朝
5784,杜笃,未知,汉朝
5785,王隆,未知,汉朝
5786,夏恭,未知,汉朝
5787,傅毅,未知,汉朝
5788,刘毅,未知,汉朝
5789,李尤,未知,汉朝
5790,苏顺,未知,汉朝
5791,刘珍,未知,汉朝
5792,葛龚,未知,汉朝
5793,王逸,未知,汉朝
5794,崔琦,未知,汉朝
5795,边韶,未知,汉朝
5796,张壹,未知,汉朝
5797,刘梁,未知,汉朝
5798,郦炎,未知,汉朝
5799,侯瑾,未知,汉朝
5800,高彪,未知,汉朝
5801,谯玄,未知,汉朝
5802,李业,未知,汉朝
5803,温序,未知,汉朝
5804,彭修,未知,汉朝
5805,索卢放,未知,汉朝
5806,周嘉,未知,汉朝
5807,范式,未知,汉朝
5808,李善,未知,汉朝
5809,王忳,未知,汉朝
5810,张武,未知,汉朝
5811,陵续,未知,汉朝
5812,戴封,未知,汉朝
5813,李充,未知,汉朝
5814,缪肜,未知,汉朝
5815,陈重,未知,汉朝
5816,雷义,未知,汉朝
5817,范冉,未知,汉朝
5818,戴就,未知,汉朝
5819,赵苞,未知,汉朝
5820,向栩,未知,汉朝
5821,谅辅,未知,汉朝
5822,刘翊,未知,汉朝
5823,任文公,未知,汉朝
5824,郭宪,未知,汉朝
5825,许杨,未知,汉朝
5826,高获,未知,汉朝
5827,王乔,未知,汉朝
5828,谢夷吾,未知,汉朝
5829,杨由,未知,汉朝
5830,李南,未知,汉朝
5831,李合,未知,汉朝
5832,段翳,未知,汉朝
5833,廖扶,未知,汉朝
5834,折像,未知,汉朝
5835,樊英,未知,汉朝
5836,唐檀,未知,汉朝
5837,公沙穆,未知,汉朝
5838,许曼,未知,汉朝
5839,樊志张,未知,汉朝
5840,单扬,未知,汉朝
5841,韩说,未知,汉朝
5842,徐登,未知,汉朝
5843,费长房,未知,汉朝
5844,蓟子训,未知,汉朝
5845,刘根,未知,汉朝
5846,计子勋,未知,汉朝
5847,上成公,未知,汉朝
5848,解奴辜,未知,汉朝
5849,甘始,未知,汉朝
5850,王真,未知,汉朝
5851,王和平,未知,汉朝
5852,刘懿,未知,汉朝
5853,孔霸,未知,汉朝
5854,窦猗房,未知,汉朝
5855,王娡,未知,汉朝
5856,陈阿娇,未知,汉朝
5857,李妍,未知,汉朝
5858,赵钩弋,未知,汉朝
5859,上官小妹,未知,汉朝
5860,许平君,未知,汉朝
5861,王政君,未知,汉朝
5862,许夸,未知,汉朝
5863,赵飞燕,未知,汉朝
5864,赵合德,未知,汉朝
5865,郭圣通,未知,汉朝
5866,阴丽华,未知,汉朝
5867,邓绥,未知,汉朝
5868,阎姬,未知,汉朝
5869,梁妠,未知,汉朝
5870,梁女莹,未知,汉朝
5871,邓猛女,未知,汉朝
5872,窦妙,未知,汉朝
5873,何莲,未知,汉朝
5874,汉高祖吕皇后,蓝文,汉朝
5875,孝惠张皇后,绿文,汉朝
5876,高祖薄皇后,绿文,汉朝
5877,孝文窦皇后,绿文,汉朝
5878,孝景薄皇后,绿文,汉朝
5879,孝景王皇后,绿文,汉朝
5880,孝武陈皇后,绿文,汉朝
5881,孝武卫皇后,绿文,汉朝
5882,孝昭上官皇后,绿文,汉朝
5883,孝宣许皇后,绿文,汉朝
5884,孝宣霍皇后,绿文,汉朝
5885,孝宣王皇后,绿文,汉朝
5886,孝元王皇后,绿文,汉朝
5887,孝成许皇后,绿文,汉朝
5888,孝成赵皇后,绿文,汉朝
5889,孝哀傅皇后,绿文,汉朝
5890,孝平王皇后,绿文,汉朝
5891,光武郭皇后,绿文,汉朝
5892,光烈阴皇后,绿文,汉朝
5893,明德马皇后,绿文,汉朝
5894,章德窦皇后,绿文,汉朝
5895,和帝阴皇后,绿文,汉朝
5896,和熹邓皇后,绿文,汉朝
5897,安思阎皇后,绿文,汉朝
5898,顺烈梁皇后,绿文,汉朝
5899,孝崇匽皇后,绿文,汉朝
5900,桓帝懿献梁皇后,绿文,汉朝
5901,桓帝邓皇后,绿文,汉朝
5902,桓思窦皇后,绿文,汉朝
5903,孝仁董皇后,绿文,汉朝
5904,灵帝宋皇后,绿文,汉朝
5905,灵思何皇后,绿文,汉朝
5906,献帝伏皇后,绿文,汉朝
5907,献穆曹皇后,绿文,汉朝
5908,鲁元公主,绿文,汉朝
5909,馆陶公主,绿文,汉朝
5910,昌平公主,绿文,汉朝
5911,南宫公主,绿文,汉朝
5912,隆虑公主,绿文,汉朝
5913,鄂邑盖长公主,绿文,汉朝
5914,夷安公主,绿文,汉朝
5915,当利公主,绿文,汉朝
5916,阳石公主,绿文,汉朝
5917,平都公主,绿文,汉朝
5918,颍邑公主,绿文,汉朝
5919,湖阳公主,绿文,汉朝
5920,新野公主,绿文,汉朝
5921,宁平公主,绿文,汉朝
5922,舞阳公主,绿文,汉朝
5923,淯阳公主,绿文,汉朝
5924,郦邑公主,绿文,汉朝
5925,平氏公主,绿文,汉朝
5926,沁水公主,绿文,汉朝
5927,平皐公主,绿文,汉朝
5928,浚仪公主,绿文,汉朝
5929,武安公主,绿文,汉朝
5930,鲁阳公主,绿文,汉朝
5931,乐平公主,绿文,汉朝
5932,武德公主,绿文,汉朝
5933,平邑公主,绿文,汉朝
5934,阴安公主,绿文,汉朝
5935,修武公主,绿文,汉朝
5936,共邑公主,绿文,汉朝
5937,临颍公主,绿文,汉朝
5938,闻喜公主,绿文,汉朝
5939,阴城公主,绿文,汉朝
5940,舞阴公主,绿文,汉朝
5941,濮阳公主,绿文,汉朝
5942,涅阳公主,绿文,汉朝
5943,冠军公主,绿文,汉朝
5944,汝阳公主,绿文,汉朝
5945,长社公主,绿文,汉朝
5946,益阳公主,绿文,汉朝
5947,阳安公主,绿文,汉朝
5948,颍阴公主,绿文,汉朝
5949,阳翟公主,绿文,汉朝
5950,万年公主,绿文,汉朝
5951,孔熙,未知,汉朝
5952,陈贺,未知,汉朝
5953,班婕妤,未知,汉朝
5954,班昭,未知,汉朝
5955,和熹皇后,绿文,汉朝
5956,叔孙通,未知,汉朝
5957,陈山提,未知,汉朝
5958,羊祜,绿武,晋朝
5959,王羲之,蓝文,晋朝
5960,杜曾,绿色,晋朝
5961,荀顗,绿色,晋朝
5962,谢道蕴,绿色,晋朝
5963,宇文普拨,绿色,晋朝
5964,宇文莫圭,绿色,晋朝
5965,陈寿,绿文,晋朝
5966,封孚,绿色,晋朝
5967,葛洪,紫文!,晋朝
5968,刘翘,绿色,晋朝
5969,杨飞龙,绿色,晋朝
5970,虞耸,绿文,晋朝
5971,袁宏,绿文,晋朝
5972,虞预,绿文,晋朝
5973,祖逖,蓝武,晋朝
5974,刘讷,绿色,晋朝
5975,刘诰升爰,绿色,晋朝
5976,刘隗,绿色,晋朝
5977,戴渊,绿色,晋朝
5978,司马冏,绿色,晋朝
5979,司马保,绿文,晋朝
5980,周顗,绿色,晋朝
5981,秃发树机能,绿色,晋朝
5982,绿珠,绿文,晋朝
5983,陈安,绿武,晋朝
5984,刘裕,绿色,晋朝
5985,李特,绿色,晋朝
5986,谢尚,绿文,晋朝
5987,谢安,绿文,晋朝
5988,谢玄,绿色,晋朝
5989,谢玖,绿文,晋朝
5990,郗鉴,绿色,晋朝
5991,孟宗,绿文,晋朝
5992,宇文丘不勤,绿武,晋朝
5993,宇文乞得龟,绿武,晋朝
5994,宇文莫槐,绿武,晋朝
5995,宇文逊昵延,绿色,晋朝
5996,宇文逸豆归,绿色,晋朝
5997,杜炅,绿色,晋朝
5998,法显,绿色,晋朝
5999,郭象,绿色,晋朝
6000,顾恺之,绿文,晋朝
6001,皇甫谧,紫文!,晋朝
6002,贾充,绿色,晋朝
6003,刘去卑,绿文,晋朝
6004,刘琨,绿色,晋朝
6005,虞潭,绿色,晋朝
6006,虞喜,绿色,晋朝
6007,庾翼,绿文,晋朝
6008,周处,绿武,晋朝
6009,竺法汰,绿色,晋朝
6010,竺法雅,绿色,晋朝
6011,佛图澄,绿文,晋朝
6012,刁协,绿文,晋朝
6013,刘惔,绿色,晋朝
6014,崔毖,绿色,晋朝
6015,常璩,绿文,晋朝
6016,李流,绿武,晋朝
6017,杨济,绿武,晋朝
6018,杨珧,绿文,晋朝
6019,杨羲,绿文,晋朝
6020,杨茂搜,绿文,晋朝
6021,杨骏,绿色,晋朝
6022,桓温,绿色,晋朝
6023,桓玄,绿文,晋朝
6024,裴秀,绿色,晋朝
6025,裴松之,绿文,晋朝
6026,齐万年,绿色,晋朝
6027,任恺,绿色,晋朝
6028,司马彪,绿色,晋朝
6029,司马乂,绿色,晋朝
6030,司马伦,绿色,晋朝
6031,孙泰,绿色,晋朝
6032,孙皓,绿色,晋朝
6033,温峤,绿文,晋朝
6034,王祥,绿色,晋朝
6035,王导,绿色,晋朝
6036,北宫纯,绿武,晋朝
6037,卫铄,绿文,晋朝
6038,司马亮,绿色,晋朝
6039,司马玮,绿文,晋朝
6040,司马瑰,绿色,晋朝
6041,司马茂英,绿文,晋朝
6042,司马越,绿文,晋朝
6043,司马颖,绿文,晋朝
6044,司马颙,绿色,晋朝
6045,吴猛,绿文,晋朝
6046,和峤,绿文,晋朝
6047,段乞珍,绿色,晋朝
6048,段日陆眷,绿文,晋朝
6049,江统,绿色,晋朝
6050,滕修,绿武,晋朝
6051,王敦,绿色,晋朝
6052,石崇,绿文,晋朝
6053,秃发务丸,绿色,晋朝
6054,荀勖,绿色,晋朝
6055,冼劲,绿文,晋朝
6056,夏侯光姬,绿文,晋朝
6057,胡亢,绿色,晋朝
6058,范宁,绿色,晋朝
6059,谢鲲,绿色,晋朝
6060,阮咸(西晋),绿文,晋朝
6061,陶侃,绿武,晋朝
6062,韩寿,绿色,晋朝
6063,颜延之,绿文,晋朝
6064,陶渊明,蓝文,晋朝
6065,宇文莫珪,绿色,晋朝
6066,范长生,未知,晋朝
6067,葛巢甫,未知,晋朝
6068,陈谌,未知,晋朝
6069,魏华存,未知,晋朝
6070,司马德宗,未知,晋朝
6071,司马德文,未知,晋朝
6072,刘牢之,未知,晋朝
6073,诸葛长民,未知,晋朝
6074,卢循,未知,晋朝
6075,杜慧度,未知,晋朝
6076,刘义符,未知,晋朝
6077,刘义隆,未知,晋朝
6078,刘骏,未知,晋朝
6079,刘子业,未知,晋朝
6080,刘彧,未知,晋朝
6081,刘昱,未知,晋朝
6082,刘准,未知,晋朝
6083,萧赜,未知,晋朝
6084,萧昭业,未知,晋朝
6085,萧昭文,未知,晋朝
6086,萧鸾,未知,晋朝
6087,萧宝卷,未知,晋朝
6088,萧宝融,未知,晋朝
6089,帝萧纲,未知,晋朝
6090,萧绎,未知,晋朝
6091,萧方智,未知,晋朝
6092,赵安宗,未知,晋朝
6093,萧文寿,未知,晋朝
6094,臧爱亲,未知,晋朝
6095,胡道安,未知,晋朝
6096,袁齐妫,未知,晋朝
6097,文潘淑妃,未知,晋朝
6098,路惠男,未知,晋朝
6099,沈容姬,未知,晋朝
6100,王宪嫄,未知,晋朝
6101,殷淑仪,未知,晋朝
6102,何令婉,未知,晋朝
6103,王贞风,未知,晋朝
6104,陈妙登,未知,晋朝
6105,江简珪,未知,晋朝
6106,陈法容,未知,晋朝
6107,谢梵境,未知,晋朝
6108,陈道止,未知,晋朝
6109,刘智容,未知,晋朝
6110,裴惠昭,未知,晋朝
6111,王韶明,未知,晋朝
6112,刘惠端,未知,晋朝
6113,褚令璩,未知,晋朝
6114,王蕣华,未知,晋朝
6115,张尚柔,未知,晋朝
6116,赛典赤赡思丁,未知,元朝
6117,丁令光,未知,晋朝
6118,阮令嬴,未知,晋朝
6119,王灵宾,未知,晋朝
6120,夏太后,未知,晋朝
6121,章要儿,未知,晋朝
6122,沈妙容,未知,晋朝
6123,柳敬言,未知,晋朝
6124,沈婺华,未知,晋朝
6125,刘道怜,未知,晋朝
6126,刘义欣,未知,晋朝
6127,刘义融,未知,晋朝
6128,刘义宗,未知,晋朝
6129,刘义宾,未知,晋朝
6130,刘义綦,未知,晋朝
6131,刘道规,未知,晋朝
6132,刘义庆,未知,晋朝
6133,刘遵考,未知,晋朝
6134,刘穆之,未知,晋朝
6135,刘式之,未知,晋朝
6136,刘瑀,未知,晋朝
6137,刘祥,未知,晋朝
6138,刘秀之,未知,晋朝
6139,徐孝嗣,未知,晋朝
6140,徐君蒨,未知,晋朝
6141,傅亮,未知,晋朝
6142,傅隆,未知,晋朝
6143,檀韶,未知,晋朝
6144,檀珪,未知,晋朝
6145,檀祗,未知,晋朝
6146,王镇恶,未知,晋朝
6147,朱龄石,未知,晋朝
6148,朱超石,未知,晋朝
6149,毛修之,未知,晋朝
6150,毛惠素,未知,晋朝
6151,傅弘之,未知,晋朝
6152,朱修之,未知,晋朝
6153,王玄谟,未知,晋朝
6154,王瞻,未知,晋朝
6155,王玄象,未知,晋朝
6156,王玄载,未知,晋朝
6157,王玄邈,未知,晋朝
6158,刘敬宣,未知,晋朝
6159,刘怀肃,未知,晋朝
6160,刘怀敬,未知,晋朝
6161,刘怀慎,未知,晋朝
6162,刘德愿,未知,晋朝
6163,刘荣祖,未知,晋朝
6164,刘粹,未知,晋朝
6165,刘损,未知,晋朝
6166,刘伯龙,未知,晋朝
6167,孙处,未知,晋朝
6168,蒯恩,未知,晋朝
6169,向靖,未知,晋朝
6170,向柳,未知,晋朝
6171,刘钟,未知,晋朝
6172,虞丘进,未知,晋朝
6173,孟怀玉,未知,晋朝
6174,孟龙符,未知,晋朝
6175,胡藩,未知,晋朝
6176,刘简之,未知,晋朝
6177,刘道产,未知,晋朝
6178,刘延孙,未知,晋朝
6179,刘康祖,未知,晋朝
6180,赵伦之,未知,晋朝
6181,赵伯符,未知,晋朝
6182,萧思话,未知,晋朝
6183,萧惠开,未知,晋朝
6184,萧惠明,未知,晋朝
6185,萧视素,未知,晋朝
6186,萧惠基,未知,晋朝
6187,萧洽,未知,晋朝
6188,萧惠休,未知,晋朝
6189,萧惠朗,未知,晋朝
6190,萧子介,未知,晋朝
6191,萧允,未知,晋朝
6192,萧引,未知,晋朝
6193,王抗,未知,晋朝
6194,褚思庄,未知,晋朝
6195,夏赤松,未知,晋朝
6196,臧焘,未知,晋朝
6197,臧凝之,未知,晋朝
6198,臧严,未知,晋朝
6199,臧未甄,未知,晋朝
6200,臧盾,未知,晋朝
6201,臧厥,未知,晋朝
6202,臧熹,未知,晋朝
6203,臧质,未知,晋朝
6204,谢晦,未知,晋朝
6205,谢瞻,未知,晋朝
6206,谢嚼,未知,晋朝
6207,谢澹,未知,晋朝
6208,谢裕,未知,晋朝
6209,谢恂,未知,晋朝
6210,谢微,未知,晋朝
6211,谢纯,未知,晋朝
6212,谢述,未知,晋朝
6213,谢方明,未知,晋朝
6214,谢超宗,未知,晋朝
6215,谢几卿,未知,晋朝
6216,谢弘微,未知,晋朝
6217,谢朏,未知,晋朝
6218,谢譓,未知,晋朝
6219,谢哲,未知,晋朝
6220,谢颢,未知,晋朝
6221,谢瀹,未知,晋朝
6222,谢览,未知,晋朝
6223,谢举,未知,晋朝
6224,谢嘏,未知,晋朝
6225,谢侨,未知,晋朝
6226,王弘,未知,晋朝
6227,王远,未知,晋朝
6228,王僧佑,未知,晋朝
6229,王籍,未知,晋朝
6230,王冲,未知,晋朝
6231,王玚,未知,晋朝
6232,王瑜,未知,晋朝
6233,王昙首,未知,晋朝
6234,王僧绰,未知,晋朝
6235,王骞,未知,晋朝
6236,王规,未知,晋朝
6237,王暕,未知,晋朝
6238,王承,未知,晋朝
6239,王训,未知,晋朝
6240,王僧虔,未知,晋朝
6241,王慈,未知,晋朝
6242,王泰,未知,晋朝
6243,王志,未知,晋朝
6244,王彬,未知,晋朝
6245,王诞,未知,晋朝
6246,王偃,未知,晋朝
6247,王藻,未知,晋朝
6248,王莹,未知,晋朝
6249,王亮,未知,晋朝
6250,王琨,未知,晋朝
6251,王惠,未知,晋朝
6252,王球,未知,晋朝
6253,王彧,未知,晋朝
6254,王绚,未知,晋朝
6255,王缋,未知,晋朝
6256,王蕴,未知,晋朝
6257,王奂,未知,晋朝
6258,王份,未知,晋朝
6259,王铨,未知,晋朝
6260,王锡,未知,晋朝
6261,王佥,未知,晋朝
6262,王劢,未知,晋朝
6263,王质,未知,晋朝
6264,王固,未知,晋朝
6265,王裕之,未知,晋朝
6266,王恢之,未知,晋朝
6267,王秀之,未知,晋朝
6268,王延之,未知,晋朝
6269,王纶之,未知,晋朝
6270,王峻,未知,晋朝
6271,王琮,未知,晋朝
6272,阮韬,未知,晋朝
6273,王镇之,未知,晋朝
6274,王弘之,未知,晋朝
6275,王昙生,未知,晋朝
6276,王晏,未知,晋朝
6277,王思远,未知,晋朝
6278,王韶之,未知,晋朝
6279,王悦之,未知,晋朝
6280,王准之,未知,晋朝
6281,王进之,未知,晋朝
6282,王清,未知,晋朝
6283,王素,未知,晋朝
6284,王逡之,未知,晋朝
6285,王珪之,未知,晋朝
6286,王懿,未知,晋朝
6287,到彦之,未知,晋朝
6288,到撝,未知,晋朝
6289,到沆,未知,晋朝
6290,到溉,未知,晋朝
6291,到镜,未知,晋朝
6292,到洽,未知,晋朝
6293,到仲举,未知,晋朝
6294,到郁,未知,晋朝
6295,垣护之,未知,晋朝
6296,垣崇祖,未知,晋朝
6297,垣荣祖,未知,晋朝
6298,垣闳,未知,晋朝
6299,垣憘伯,未知,晋朝
6300,垣昙深,未知,晋朝
6301,张兴世,未知,晋朝
6302,张欣泰,未知,晋朝
6303,袁湛,未知,晋朝
6304,袁豹,未知,晋朝
6305,袁淑,未知,晋朝
6306,袁顗,未知,晋朝
6307,袁粲,未知,晋朝
6308,袁彖,未知,晋朝
6309,袁昂,未知,晋朝
6310,袁君正,未知,晋朝
6311,袁枢,绿文,晋朝
6312,袁宪,未知,晋朝
6313,袁敬,未知,晋朝
6314,袁泌,未知,晋朝
6315,马仙琕,未知,晋朝
6316,孔靖,未知,晋朝
6317,孔灵符,未知,晋朝
6318,孔深之,未知,晋朝
6319,孔琇之,未知,晋朝
6320,孔奂,未知,晋朝
6321,孔琳之,未知,晋朝
6322,孔觊,未知,晋朝
6323,殷淳,未知,晋朝
6324,褚裕之,未知,晋朝
6325,褚秀之,未知,晋朝
6326,褚湛之,未知,晋朝
6327,褚彦回,未知,晋朝
6328,褚贲,未知,晋朝
6329,褚蓁,未知,晋朝
6330,褚向,未知,晋朝
6331,褚翔,未知,晋朝
6332,褚澄,未知,晋朝
6333,褚照,未知,晋朝
6334,褚炫,未知,晋朝
6335,褚澐,未知,晋朝
6336,褚蒙,未知,晋朝
6337,褚玠,未知,晋朝
6338,褚淡之,未知,晋朝
6339,褚球,未知,晋朝
6340,蔡廓,未知,晋朝
6341,蔡兴宗,未知,晋朝
6342,蔡约,未知,晋朝
6343,蔡撙,未知,晋朝
6344,蔡凝,未知,晋朝
6345,何尚之,未知,晋朝
6346,何偃,未知,晋朝
6347,何求,未知,晋朝
6348,何点,未知,晋朝
6349,何胤,未知,晋朝
6350,何炯,未知,晋朝
6351,何昌宇,未知,晋朝
6352,何敬容,未知,晋朝
6353,张镜,未知,晋朝
6354,张永,未知,晋朝
6355,张瑰,未知,晋朝
6356,张率,未知,晋朝
6357,张盾,未知,晋朝
6358,张稷,未知,晋朝
6359,张嵊,未知,晋朝
6360,张种,未知,晋朝
6361,张绪,未知,晋朝
6362,张充,未知,晋朝
6363,张邵,未知,晋朝
6364,张敷,未知,晋朝
6365,张柬,未知,晋朝
6366,张冲,未知,晋朝
6367,张畅,未知,晋朝
6368,张宝积,未知,晋朝
6369,张悦,未知,晋朝
6370,张淹,未知,晋朝
6371,徐文伯,未知,晋朝
6372,徐嗣伯,未知,晋朝
6373,薛伯宗,未知,晋朝
6374,范泰,未知,晋朝
6375,荀伯子,未知,晋朝
6376,荀万秋,未知,晋朝
6377,徐广,未知,晋朝
6378,徐豁,未知,晋朝
6379,郗绍,未知,晋朝
6380,郑鲜之,未知,晋朝
6381,裴昭明,未知,晋朝
6382,颜竣,未知,晋朝
6383,颜师伯,未知,晋朝
6384,沈怀文,未知,晋朝
6385,沈冲,未知,晋朝
6386,沈昙庆,未知,晋朝
6387,周朗,未知,晋朝
6388,周颙,未知,晋朝
6389,周舍,未知,晋朝
6390,周弘正,未知,晋朝
6391,周弘让,未知,晋朝
6392,周弘直,未知,晋朝
6393,庾悦,未知,晋朝
6394,庾登之,未知,晋朝
6395,庾仲文,未知,晋朝
6396,庾弘远,未知,晋朝
6397,庾仲容,未知,晋朝
6398,顾琛,未知,晋朝
6399,顾宝先,未知,晋朝
6400,顾觊之,未知,晋朝
6401,顾宪之,未知,晋朝
6402,羊欣,未知,晋朝
6403,羊玄保,未知,晋朝
6404,羊戎,未知,晋朝
6405,羊希,未知,晋朝
6406,沈演之,未知,晋朝
6407,沈勃,未知,晋朝
6408,沈顗,未知,晋朝
6409,沈宪,未知,晋朝
6410,沈浚,未知,晋朝
6411,江夷,未知,晋朝
6412,江湛,未知,晋朝
6413,江斅,未知,晋朝
6414,江蒨,未知,晋朝
6415,江禄,未知,晋朝
6416,江紑,未知,晋朝
6417,江智深,未知,晋朝
6418,江秉之,未知,晋朝
6419,江谧,未知,晋朝
6420,沈庆之,未知,晋朝
6421,沈昭略,未知,晋朝
6422,沈文季,未知,晋朝
6423,沈文秀,未知,晋朝
6424,沈攸之,未知,晋朝
6425,沈僧昭,未知,晋朝
6426,宗悫,未知,晋朝
6427,宗夬,未知,晋朝
6428,柳元景,未知,晋朝
6429,柳世隆,未知,晋朝
6430,柳惔,未知,晋朝
6431,柳恽,未知,晋朝
6432,柳偃,未知,晋朝
6433,柳盼,未知,晋朝
6434,柳憕,未知,晋朝
6435,柳忱,未知,晋朝
6436,柳庆远,未知,晋朝
6437,柳津,未知,晋朝
6438,柳仲礼,未知,晋朝
6439,柳敬礼,未知,晋朝
6440,殷孝祖,未知,晋朝
6441,殷琰,未知,晋朝
6442,刘勉,未知,晋朝
6443,刘悛,未知,晋朝
6444,刘孺,未知,晋朝
6445,刘览,未知,晋朝
6446,刘遵,未知,晋朝
6447,刘苞,未知,晋朝
6448,刘绘,未知,晋朝
6449,刘孝绰,未知,晋朝
6450,刘谅,未知,晋朝
6451,刘潜,未知,晋朝
6452,刘瑱,未知,晋朝
6453,鲁爽,未知,晋朝
6454,鲁秀,未知,晋朝
6455,薛安都,未知,晋朝
6456,薛深,未知,晋朝
6457,傅灵越,未知,晋朝
6458,邓琬,未知,晋朝
6459,刘胡,未知,晋朝
6460,谭金,未知,晋朝
6461,童太一,未知,晋朝
6462,吴喜,未知,晋朝
6463,黄回,未知,晋朝
6464,王宜兴,未知,晋朝
6465,高道庆,未知,晋朝
6466,萧道度,未知,晋朝
6467,萧钧,未知,晋朝
6468,萧道生,未知,晋朝
6469,萧遥光,未知,晋朝
6470,萧遥欣,未知,晋朝
6471,萧缅,未知,晋朝
6472,萧宝晊,未知,晋朝
6473,萧景先,未知,晋朝
6474,萧赤斧,未知,晋朝
6475,萧谌,未知,晋朝
6476,萧诞,未知,晋朝
6477,萧诔,未知,晋朝
6478,萧季敞,未知,晋朝
6479,萧坦之,未知,晋朝
6480,萧嶷,未知,晋朝
6481,萧映,未知,晋朝
6482,萧晃,未知,晋朝
6483,萧晔,未知,晋朝
6484,萧暠,未知,晋朝
6485,萧锵,未知,晋朝
6486,萧铄,未知,晋朝
6487,萧鉴,未知,晋朝
6488,萧锋,未知,晋朝
6489,萧锐,未知,晋朝
6490,萧铿,未知,晋朝
6491,萧銶,未知,晋朝
6492,萧铉,未知,晋朝
6493,萧长懋,未知,晋朝
6494,萧子良,未知,晋朝
6495,萧子卿,未知,晋朝
6496,萧子响,未知,晋朝
6497,萧子敬,未知,晋朝
6498,萧子懋,未知,晋朝
6499,萧子隆,未知,晋朝
6500,萧子真,未知,晋朝
6501,萧子明,未知,晋朝
6502,萧子罕,未知,晋朝
6503,萧子伦,未知,晋朝
6504,萧子贞,未知,晋朝
6505,萧子岳,未知,晋朝
6506,萧子文,未知,晋朝
6507,萧子峻,未知,晋朝
6508,萧子琳,未知,晋朝
6509,萧子建,未知,晋朝
6510,萧子夏,未知,晋朝
6511,萧昭秀,未知,晋朝
6512,萧昭粲,未知,晋朝
6513,萧宝义,未知,晋朝
6514,萧宝玄,未知,晋朝
6515,萧宝源,未知,晋朝
6516,萧宝寅,未知,晋朝
6517,萧宝修,未知,晋朝
6518,萧宝嵩,未知,晋朝
6519,萧宝贞,未知,晋朝
6520,董僧慧,未知,晋朝
6521,陆超之,未知,晋朝
6522,王敬则,未知,晋朝
6523,陈显达,未知,晋朝
6524,张敬儿,未知,晋朝
6525,崔慧景,未知,晋朝
6526,李安人,未知,晋朝
6527,李元履,未知,晋朝
6528,戴僧静,未知,晋朝
6529,桓康,未知,晋朝
6530,焦度,未知,晋朝
6531,曹武,未知,晋朝
6532,吕安国,未知,晋朝
6533,周山图,未知,晋朝
6534,周盘龙,未知,晋朝
6535,周奉叔,未知,晋朝
6536,王广之,未知,晋朝
6537,王珍国,未知,晋朝
6538,张齐,未知,晋朝
6539,荀伯玉,未知,晋朝
6540,崔祖思,未知,晋朝
6541,崔景真,未知,晋朝
6542,崔元祖,未知,晋朝
6543,崔文仲,未知,晋朝
6544,苏侃,未知,晋朝
6545,虞悰,未知,晋朝
6546,胡谐之,未知,晋朝
6547,虞玩之,未知,晋朝
6548,刘休,未知,晋朝
6549,江祏,未知,晋朝
6550,刘暄,未知,晋朝
6551,陆澄,未知,晋朝
6552,陆慧晓,未知,晋朝
6553,陆僚,未知,晋朝
6554,陆缮,未知,晋朝
6555,陆闲,未知,晋朝
6556,陆绛,未知,晋朝
6557,陆厥,未知,晋朝
6558,陆襄,未知,晋朝
6559,陆云公,未知,晋朝
6560,陆琼,未知,晋朝
6561,陆从典,未知,晋朝
6562,陆琰,未知,晋朝
6563,陆瑜,未知,晋朝
6564,陆玠,未知,晋朝
6565,陆琛,未知,晋朝
6566,王斌,未知,晋朝
6567,虞炎,未知,晋朝
6568,陆杲,未知,晋朝
6569,陆罩,未知,晋朝
6570,庾杲之,未知,晋朝
6571,庾荜,未知,晋朝
6572,庾乔,未知,晋朝
6573,庾敻,未知,晋朝
6574,王谌,未知,晋朝
6575,王摛,未知,晋朝
6576,何宪,未知,晋朝
6577,刘怀珍,未知,晋朝
6578,刘灵哲,未知,晋朝
6579,刘怀慰,未知,晋朝
6580,刘霁,未知,晋朝
6581,刘杳,未知,晋朝
6582,刘歊,未知,晋朝
6583,刘吁,未知,晋朝
6584,刘善明,未知,晋朝
6585,刘僧副,未知,晋朝
6586,刘峻,未知,晋朝
6587,刘孝庆,未知,晋朝
6588,刘沼,未知,晋朝
6589,王敬胤,未知,晋朝
6590,刘瓛,未知,晋朝
6591,刘显,未知,晋朝
6592,刘琎,未知,晋朝
6593,蔡仲熊,未知,晋朝
6594,娄幼瑜,未知,晋朝
6595,江重欣,未知,晋朝
6596,明僧绍,未知,晋朝
6597,明山宾,未知,晋朝
6598,明少遐,未知,晋朝
6599,明僧胤,未知,晋朝
6600,明慧照,未知,晋朝
6601,明僧暠,未知,晋朝
6602,庾易,未知,晋朝
6603,庾黔娄,未知,晋朝
6604,庾于陵,未知,晋朝
6605,刘虬,未知,晋朝
6606,刘之遴,未知,晋朝
6607,刘三达,未知,晋朝
6608,刘之亨,未知,晋朝
6609,刘广德,未知,晋朝
6610,刘之迟,未知,晋朝
6611,刘仲威,未知,晋朝
6612,刘坦,未知,晋朝
6613,萧景,未知,晋朝
6614,萧懿,未知,晋朝
6615,萧渊明,未知,晋朝
6616,萧业,未知,晋朝
6617,萧孝俨,未知,晋朝
6618,萧藻,未知,晋朝
6619,萧猷,未知,晋朝
6620,萧韶,未知,晋朝
6621,萧骏,未知,晋朝
6622,萧朗,未知,晋朝
6623,萧明,未知,晋朝
6624,萧敷,未知,晋朝
6625,萧畅,未知,晋朝
6626,萧融,未知,晋朝
6627,萧象,未知,晋朝
6628,萧慥,未知,晋朝
6629,萧宏,未知,晋朝
6630,萧正仁,未知,晋朝
6631,萧正义,未知,晋朝
6632,萧见理,未知,晋朝
6633,萧正则,未知,晋朝
6634,萧正立,未知,晋朝
6635,萧贲,未知,晋朝
6636,萧正表,未知,晋朝
6637,萧正信,未知,晋朝
6638,萧秀,未知,晋朝
6639,萧伟,未知,晋朝
6640,萧恢,未知,晋朝
6641,萧憺,未知,晋朝
6642,萧栋,未知,晋朝
6643,萧誉,未知,晋朝
6644,萧综,未知,晋朝
6645,萧绩,未知,晋朝
6646,萧续,未知,晋朝
6647,萧纶,未知,晋朝
6648,萧大器,未知,晋朝
6649,萧大心,未知,晋朝
6650,萧大款,未知,晋朝
6651,萧大临,未知,晋朝
6652,萧大连,未知,晋朝
6653,萧大春,未知,晋朝
6654,萧大成,未知,晋朝
6655,萧大封,未知,晋朝
6656,萧大雅,未知,晋朝
6657,萧大庄,未知,晋朝
6658,萧大钧,未知,晋朝
6659,萧大威,未知,晋朝
6660,萧大训,未知,晋朝
6661,萧大球,未知,晋朝
6662,萧大昕,未知,晋朝
6663,萧大挚,未知,晋朝
6664,萧大圜,未知,晋朝
6665,萧庄,未知,晋朝
6666,萧方诸,未知,晋朝
6667,萧方矩,未知,晋朝
6668,萧方略,未知,晋朝
6669,王茂,未知,晋朝
6670,王贞秀,未知,晋朝
6671,曹景宗,未知,晋朝
6672,曹义宗,未知,晋朝
6673,席阐文,未知,晋朝
6674,夏侯详,未知,晋朝
6675,夏侯亶,未知,晋朝
6676,夏侯夔,未知,晋朝
6677,夏侯譒,未知,晋朝
6678,鱼弘,未知,晋朝
6679,吉士瞻,未知,晋朝
6680,蔡道恭,未知,晋朝
6681,杨公则,未知,晋朝
6682,邓元起,未知,晋朝
6683,罗研,未知,晋朝
6684,张惠绍,未知,晋朝
6685,张澄,未知,晋朝
6686,冯道根,未知,晋朝
6687,康绚,未知,晋朝
6688,昌义之,未知,晋朝
6689,张弘策,未知,晋朝
6690,张缅,未知,晋朝
6691,张缵,未知,晋朝
6692,张绾,未知,晋朝
6693,庾域,未知,晋朝
6694,庾子舆,未知,晋朝
6695,郑绍叔,未知,晋朝
6696,乐蔼,未知,晋朝
6697,乐法才,未知,晋朝
6698,乐法藏,未知,晋朝
6699,乐子云,未知,晋朝
6700,沈警,未知,晋朝
6701,沈穆夫,未知,晋朝
6702,沈田子,未知,晋朝
6703,沈林子,未知,晋朝
6704,沈璞,未知,晋朝
6705,沈旋,未知,晋朝
6706,沈众,未知,晋朝
6707,范伯翳,未知,晋朝
6708,范缜,未知,晋朝
6709,范胥,未知,晋朝
6710,韦叡,未知,晋朝
6711,韦放,未知,晋朝
6712,韦粲,未知,晋朝
6713,韦正,未知,晋朝
6714,韦载,未知,晋朝
6715,韦鼎,未知,晋朝
6716,韦棱,未知,晋朝
6717,韦黯,未知,晋朝
6718,韦纂,未知,晋朝
6719,韦阐,未知,晋朝
6720,裴邃,未知,晋朝
6721,裴之礼,未知,晋朝
6722,裴之高,未知,晋朝
6723,裴忌,未知,晋朝
6724,裴之平,未知,晋朝
6725,裴之横,未知,晋朝
6726,任遥,未知,晋朝
6727,任遐,未知,晋朝
6728,虞羲,未知,晋朝
6729,丘国宾,未知,晋朝
6730,萧文琰,未知,晋朝
6731,丘令楷,未知,晋朝
6732,江洪,未知,晋朝
6733,刘孝孙,未知,晋朝
6734,范岫,未知,晋朝
6735,傅昭,未知,晋朝
6736,傅映,未知,晋朝
6737,孔休源,未知,晋朝
6738,江德藻,未知,晋朝
6739,江从简,未知,晋朝
6740,徐勉,未知,晋朝
6741,徐悱,未知,晋朝
6742,许懋,未知,晋朝
6743,许亨,未知,晋朝
6744,殷叡,未知,晋朝
6745,殷钧,未知,晋朝
6746,殷芸,未知,晋朝
6747,陈伯之,蓝色,晋朝
6748,陈昕,未知,晋朝
6749,陈暄,未知,晋朝
6750,俞药,未知,晋朝
6751,兰钦,未知,晋朝
6752,贺玚,未知,晋朝
6753,贺革,未知,晋朝
6754,贺琛,未知,晋朝
6755,司马褧,未知,晋朝
6756,朱巽之,未知,晋朝
6757,朱谦之,未知,晋朝
6758,顾协,未知,晋朝
6759,徐俭,未知,晋朝
6760,徐份,未知,晋朝
6761,徐仪,未知,晋朝
6762,徐孝克,未知,晋朝
6763,鲍几,未知,晋朝
6764,鲍泉,未知,晋朝
6765,鲍行卿,未知,晋朝
6766,鲍客卿,未知,晋朝
6767,鲍检,未知,晋朝
6768,鲍正,未知,晋朝
6769,王神念,未知,晋朝
6770,王顗,未知,晋朝
6771,王僧愔,未知,晋朝
6772,杨华,未知,晋朝
6773,徐嗣徽,未知,晋朝
6774,徐嗣宗,未知,晋朝
6775,徐嗣产,未知,晋朝
6776,羊侃,未知,晋朝
6777,羊鹍,未知,晋朝
6778,羊鸦仁,未知,晋朝
6779,羊亮,未知,晋朝
6780,江子一,未知,晋朝
6781,江子四,未知,晋朝
6782,江子五,未知,晋朝
6783,胡僧佑,未知,晋朝
6784,徐文盛,未知,晋朝
6785,江子春,未知,晋朝
6786,江铿,未知,晋朝
6787,杜怀宝,未知,晋朝
6788,杜嶷,未知,晋朝
6789,杜岸,未知,晋朝
6790,杜崱,未知,晋朝
6791,杜幼安,未知,晋朝
6792,杜龛,未知,晋朝
6793,张彪,未知,晋朝
6794,陈拟,未知,晋朝
6795,陈详,未知,晋朝
6796,陈慧纪,未知,晋朝
6797,陈昌,未知,晋朝
6798,陈伯信,未知,晋朝
6799,陈昙朗,未知,晋朝
6800,陈方泰,未知,晋朝
6801,陈方庆,未知,晋朝
6802,陈伯茂,未知,晋朝
6803,陈伯山,未知,晋朝
6804,陈伯固,未知,晋朝
6805,陈伯恭,未知,晋朝
6806,陈伯仁,未知,晋朝
6807,陈伯义,未知,晋朝
6808,陈伯礼,未知,晋朝
6809,陈伯智,未知,晋朝
6810,陈伯谋,未知,晋朝
6811,陈叔陵,未知,晋朝
6812,陈叔英,未知,晋朝
6813,陈叔卿,未知,晋朝
6814,陈叔明,未知,晋朝
6815,陈叔献,未知,晋朝
6816,陈叔齐,未知,晋朝
6817,陈叔文,未知,晋朝
6818,陈叔彪,未知,晋朝
6819,陈叔重,未知,晋朝
6820,陈叔俨,未知,晋朝
6821,陈叔慎,未知,晋朝
6822,陈叔达,未知,晋朝
6823,陈深,未知,晋朝
6824,陈嶷,未知,晋朝
6825,陈庄,未知,晋朝
6826,杜僧明,未知,晋朝
6827,周文育,未知,晋朝
6828,周宝安,未知,晋朝
6829,侯瑱,未知,晋朝
6830,侯安都,未知,晋朝
6831,欧阳纥,未知,晋朝
6832,黄法奭,未知,晋朝
6833,淳于量,未知,晋朝
6834,章昭达,未知,晋朝
6835,章大宝,未知,晋朝
6836,吴明彻,未知,晋朝
6837,裴子烈,未知,晋朝
6838,胡颖,未知,晋朝
6839,徐度,未知,晋朝
6840,徐敬成,未知,晋朝
6841,杜棱,未知,晋朝
6842,周铁武,未知,晋朝
6843,程灵洗,未知,晋朝
6844,程文季,未知,晋朝
6845,沈恪,未知,晋朝
6846,陆子隆,未知,晋朝
6847,陆之武,未知,晋朝
6848,陆子才,未知,晋朝
6849,钱道戢,未知,晋朝
6850,骆文牙,未知,晋朝
6851,孙玚,未知,晋朝
6852,徐世谱,未知,晋朝
6853,周敷,未知,晋朝
6854,荀朗,未知,晋朝
6855,荀法尚,未知,晋朝
6856,周炅,未知,晋朝
6857,鲁悉达,未知,晋朝
6858,鲁广达,未知,晋朝
6859,杨孝辩,未知,晋朝
6860,萧摩诃,未知,晋朝
6861,萧世廉,未知,晋朝
6862,陈智深,未知,晋朝
6863,任忠,未知,晋朝
6864,樊毅,未知,晋朝
6865,樊猛,未知,晋朝
6866,赵知礼,未知,晋朝
6867,蔡景历,未知,晋朝
6868,蔡征,未知,晋朝
6869,江大权,未知,晋朝
6870,宗元饶,未知,晋朝
6871,华皎,未知,晋朝
6872,刘师知,未知,晋朝
6873,谢岐,未知,晋朝
6874,毛喜,未知,晋朝
6875,沈君理,未知,晋朝
6876,沈君高,未知,晋朝
6877,沈君公,未知,晋朝
6878,陆山才,未知,晋朝
6879,沈炯,未知,晋朝
6880,虞荔,未知,晋朝
6881,虞寄,未知,晋朝
6882,傅縡,未知,晋朝
6883,章华,未知,晋朝
6884,萧济,未知,晋朝
6885,姚僧垣,未知,晋朝
6886,姚察,未知,晋朝
6887,吉翰,未知,晋朝
6888,杜骥,未知,晋朝
6889,杜坦,未知,晋朝
6890,姚耸夫,未知,晋朝
6891,申恬,未知,晋朝
6892,杜瑗,未知,晋朝
6893,杜弘文,未知,晋朝
6894,阮长之,未知,晋朝
6895,王歆之,未知,晋朝
6896,甄法崇,未知,晋朝
6897,傅琰,未知,晋朝
6898,虞愿,未知,晋朝
6899,王洪范,未知,晋朝
6900,李珪之,未知,晋朝
6901,沈瑀,未知,晋朝
6902,丘师施,未知,晋朝
6903,何远,未知,晋朝
6904,郭祖深,未知,晋朝
6905,伏曼容,未知,晋朝
6906,何佟之,未知,晋朝
6907,刘澄,未知,晋朝
6908,严植之,未知,晋朝
6909,司马筠,未知,晋朝
6910,卞华,未知,晋朝
6911,崔灵恩,未知,晋朝
6912,虞僧诞,未知,晋朝
6913,孔佥,未知,晋朝
6914,卢广,未知,晋朝
6915,沈峻,未知,晋朝
6916,孔子袪,未知,晋朝
6917,皇侃,未知,晋朝
6918,沈洙,未知,晋朝
6919,戚衮,未知,晋朝
6920,郑灼,未知,晋朝
6921,全缓,未知,晋朝
6922,张讥,未知,晋朝
6923,顾越,未知,晋朝
6924,沈不害,未知,晋朝
6925,王元规,未知,晋朝
6926,丘灵鞠,未知,晋朝
6927,檀超,未知,晋朝
6928,卞彬,未知,晋朝
6929,丘巨源,未知,晋朝
6930,王智深,未知,晋朝
6931,崔慰祖,未知,晋朝
6932,贾希镜,未知,晋朝
6933,袁峻,未知,晋朝
6934,刘昭,未知,晋朝
6935,钟嵘,未知,晋朝
6936,周兴嗣,未知,晋朝
6937,何思澄,未知,晋朝
6938,任孝恭,未知,晋朝
6939,颜协,未知,晋朝
6940,范怀约,未知,晋朝
6941,谢善勋,未知,晋朝
6942,韦仲,未知,晋朝
6943,纪少瑜,未知,晋朝
6944,杜之伟,未知,晋朝
6945,颜晃,未知,晋朝
6946,岑之敬,未知,晋朝
6947,何之元,未知,晋朝
6948,徐伯阳,未知,晋朝
6949,张正见,未知,晋朝
6950,阮卓,未知,晋朝
6951,龚颖,未知,晋朝
6952,贾恩,未知,晋朝
6953,郭世通,未知,晋朝
6954,严世期,未知,晋朝
6955,吴逵,未知,晋朝
6956,潘综,未知,晋朝
6957,张进之,未知,晋朝
6958,丘杰,未知,晋朝
6959,师觉授,未知,晋朝
6960,王彭,未知,晋朝
6961,蒋恭,未知,晋朝
6962,徐耕,未知,晋朝
6963,严成,未知,晋朝
6964,王道盖,未知,晋朝
6965,孙法宗,未知,晋朝
6966,范叔孙,未知,晋朝
6967,卜天与,未知,晋朝
6968,许昭先,未知,晋朝
6969,余齐人,未知,晋朝
6970,孙棘,未知,晋朝
6971,钱延庆,未知,晋朝
6972,何子平,未知,晋朝
6973,崔怀顺,未知,晋朝
6974,王虚之,未知,晋朝
6975,顾昌衍,未知,晋朝
6976,江柔之,未知,晋朝
6977,江轲,未知,晋朝
6978,吴庆之,未知,晋朝
6979,萧叡明,未知,晋朝
6980,鲜于文英,未知,晋朝
6981,鲜于文宗,未知,晋朝
6982,萧矫妻羊氏,未知,晋朝
6983,公孙僧远,未知,晋朝
6984,吴欣之,未知,晋朝
6985,韩系伯,未知,晋朝
6986,闻人敻,未知,晋朝
6987,丘冠先,未知,晋朝
6988,孙淡,未知,晋朝
6989,华宝,未知,晋朝
6990,薛天生,未知,晋朝
6991,刘怀胤,未知,晋朝
6992,解叔谦,未知,晋朝
6993,韩灵敏,未知,晋朝
6994,刘沨,未知,晋朝
6995,刘溓,未知,晋朝
6996,柳叔夜,未知,晋朝
6997,封延伯,未知,晋朝
6998,吴达之,未知,晋朝
6999,蔡昙智,未知,晋朝
7000,何伯玙,未知,晋朝
7001,王文殊,未知,晋朝
7002,乐颐之,未知,晋朝
7003,江泌,未知,晋朝
7004,庾道愍,未知,晋朝
7005,滕昙恭,未知,晋朝
7006,陶季直,未知,晋朝
7007,沈崇傃,未知,晋朝
7008,荀匠,未知,晋朝
7009,吉翂,未知,晋朝
7010,甄恬,未知,晋朝
7011,赵拔扈,未知,晋朝
7012,韩怀明,未知,晋朝
7013,褚修,未知,晋朝
7014,张景仁,未知,晋朝
7015,陶子锵,未知,晋朝
7016,成景隽,未知,晋朝
7017,李庆绪,未知,晋朝
7018,谢蔺,未知,晋朝
7019,殷不害,未知,晋朝
7020,司马暠,未知,晋朝
7021,司马延义,未知,晋朝
7022,张干,未知,晋朝
7023,王知玄,未知,晋朝
7024,宗少文,未知,晋朝
7025,沈道虔,未知,晋朝
7026,孔淳之,未知,晋朝
7027,孔默之,未知,晋朝
7028,周续之,未知,晋朝
7029,戴颙,未知,晋朝
7030,翟法赐,未知,晋朝
7031,雷次宗,未知,晋朝
7032,郭希林,未知,晋朝
7033,刘凝之,未知,晋朝
7034,龚祈,未知,晋朝
7035,朱百年,未知,晋朝
7036,姚吟,未知,晋朝
7037,百年妻孔氏,未知,晋朝
7038,关康之,未知,晋朝
7039,渔父,未知,晋朝
7040,褚伯玉,未知,晋朝
7041,顾欢,未知,晋朝
7042,杜京产,未知,晋朝
7043,臧荣绪,未知,晋朝
7044,吴苞,未知,晋朝
7045,徐伯珍,未知,晋朝
7046,沈麟士,未知,晋朝
7047,阮孝绪,未知,晋朝
7048,邓郁,未知,晋朝
7049,诸葛璩,未知,晋朝
7050,刘慧斐,未知,晋朝
7051,范元琰,未知,晋朝
7052,庾诜,未知,晋朝
7053,庾曼倩,未知,晋朝
7054,张孝秀,未知,晋朝
7055,庾承先,未知,晋朝
7056,马枢,未知,晋朝
7057,戴法兴,未知,晋朝
7058,徐爰,未知,晋朝
7059,徐希秀,未知,晋朝
7060,阮佃夫,未知,晋朝
7061,朱幼,未知,晋朝
7062,寿寂之,未知,晋朝
7063,王道隆,未知,晋朝
7064,杨运长,未知,晋朝
7065,纪僧真,未知,晋朝
7066,纪僧猛,未知,晋朝
7067,杨法持,未知,晋朝
7068,刘系宗,未知,晋朝
7069,茹法亮,未知,晋朝
7070,吕文度,未知,晋朝
7071,綦母珍之,未知,晋朝
7072,杜文谦,未知,晋朝
7073,徐龙驹,未知,晋朝
7074,曹道刚,未知,晋朝
7075,吕文显,未知,晋朝
7076,茹法珍,未知,晋朝
7077,梅虫儿,未知,晋朝
7078,徐世檦,未知,晋朝
7079,王咺之,未知,晋朝
7080,周石珍,未知,晋朝
7081,陆验,未知,晋朝
7082,徐驎,未知,晋朝
7083,司马申,未知,晋朝
7084,施文庆,未知,晋朝
7085,沈客卿,未知,晋朝
7086,孔范,未知,晋朝
7087,王瑳,未知,晋朝
7088,沈瓘,未知,晋朝
7089,熊昙朗,未知,晋朝
7090,周迪,未知,晋朝
7091,留异,未知,晋朝
7092,陈宝应,未知,晋朝
7093,司马衷,未知,晋朝
7094,司马炽,未知,晋朝
7095,司马邺,未知,晋朝
7096,司马睿,未知,晋朝
7097,司马绍,未知,晋朝
7098,司马衍,未知,晋朝
7099,司马岳,未知,晋朝
7100,司马聃,未知,晋朝
7101,司马丕,未知,晋朝
7102,司马奕,未知,晋朝
7103,司马昱,未知,晋朝
7104,司马曜,未知,晋朝
7105,羊徽瑜,未知,晋朝
7106,杨艳,未知,晋朝
7107,杨芷,未知,晋朝
7108,左芬,未知,晋朝
7109,胡芳,未知,晋朝
7110,诸葛婉,未知,晋朝
7111,王媛姬,未知,晋朝
7112,贾南风,未知,晋朝
7113,虞孟母,未知,晋朝
7114,荀氏,未知,晋朝
7115,庾文君,未知,晋朝
7116,杜陵阳,未知,晋朝
7117,周太妃,未知,晋朝
7118,褚蒜子,未知,晋朝
7119,何法倪,未知,晋朝
7120,王穆之,未知,晋朝
7121,庾道怜,未知,晋朝
7122,郑阿春,未知,晋朝
7123,王简姬,未知,晋朝
7124,李陵容,未知,晋朝
7125,王法慧,未知,晋朝
7126,陈归女,未知,晋朝
7127,王神爱,未知,晋朝
7128,司马权,未知,晋朝
7129,司马泰,未知,晋朝
7130,司马绥,未知,晋朝
7131,司马遂,未知,晋朝
7132,司马逊,未知,晋朝
7133,司马睦,未知,晋朝
7134,司马陵,未知,晋朝
7135,司马干,未知,晋朝
7136,司马京,未知,晋朝
7137,司马骏,未知,晋朝
7138,司马肜,未知,晋朝
7139,司马兆,未知,晋朝
7140,司马定国,未知,晋朝
7141,司马广德,未知,晋朝
7142,司马鉴,未知,晋朝
7143,司马延祚,未知,晋朝
7144,司马粹,未知,晋朝
7145,司马矩,未知,晋朝
7146,司马佑,未知,晋朝
7147,司马羕,未知,晋朝
7148,司马宗,未知,晋朝
7149,司马熙,未知,晋朝
7150,司马颍,未知,晋朝
7151,司马遹,未知,晋朝
7152,司马虨,未知,晋朝
7153,司马臧,未知,晋朝
7154,司马尚,未知,晋朝
7155,司马轨,未知,晋朝
7156,司马柬,未知,晋朝
7157,司马景,未知,晋朝
7158,司马袛,未知,晋朝
7159,司马裕,未知,晋朝
7160,司马允,未知,晋朝
7161,司马演,未知,晋朝
7162,司马该,未知,晋朝
7163,司马遐,未知,晋朝
7164,司马谟,未知,晋朝
7165,司马晏,未知,晋朝
7166,司马恢,未知,晋朝
7167,司马裒,未知,晋朝
7168,司马冲,未知,晋朝
7169,司马晞,未知,晋朝
7170,司马焕,未知,晋朝
7171,司马道生,未知,晋朝
7172,司马郁,未知,晋朝
7173,司马道子,未知,晋朝
7174,司马元显,未知,晋朝
7175,王览,未知,晋朝
7176,何遵,未知,晋朝
7177,何嵩,未知,晋朝
7178,何绥,未知,晋朝
7179,何机,未知,晋朝
7180,何羡,未知,晋朝
7181,石越,未知,晋朝
7182,石乔,未知,晋朝
7183,石统,未知,晋朝
7184,石浚,未知,晋朝
7185,石隽,未知,晋朝
7186,石璞,未知,晋朝
7187,欧阳建,未知,晋朝
7188,孙铄,未知,晋朝
7189,陈舆,未知,晋朝
7190,裴頠,未知,晋朝
7191,裴楷,未知,晋朝
7192,裴宪,未知,晋朝
7193,卫展,未知,晋朝
7194,刘卞,未知,晋朝
7195,荀藩,未知,晋朝
7196,荀邃,未知,晋朝
7197,荀闿,未知,晋朝
7198,荀组,未知,晋朝
7199,荀奕,未知,晋朝
7200,贾谧,未知,晋朝
7201,魏舒,未知,晋朝
7202,李憙,未知,晋朝
7203,刘智,未知,晋朝
7204,高光,未知,晋朝
7205,高韬,未知,晋朝
7206,王济,未知,晋朝
7207,山简,未知,晋朝
7208,山遐,未知,晋朝
7209,王澄,未知,晋朝
7210,郭舒,未知,晋朝
7211,乐广,未知,晋朝
7212,郑默,未知,晋朝
7213,郑球,未知,晋朝
7214,李胤,未知,晋朝
7215,卢钦,未知,晋朝
7216,卢浮,未知,晋朝
7217,卢珽,未知,晋朝
7218,卢志,未知,晋朝
7219,卢谌,未知,晋朝
7220,华表,未知,晋朝
7221,华廙,未知,晋朝
7222,华恒,未知,晋朝
7223,华峤,未知,晋朝
7224,温羡,未知,晋朝
7225,刘暾,未知,晋朝
7226,程卫,未知,晋朝
7227,武陔,未知,晋朝
7228,武茂,未知,晋朝
7229,任罕,未知,晋朝
7230,崔洪,未知,晋朝
7231,侯史光,未知,晋朝
7232,何攀,未知,晋朝
7233,刘颂,未知,晋朝
7234,李重,未知,晋朝
7235,傅咸,未知,晋朝
7236,傅敷,未知,晋朝
7237,傅祗,未知,晋朝
7238,傅宣,未知,晋朝
7239,傅畅,未知,晋朝
7240,向雄,未知,晋朝
7241,阎缵,未知,晋朝
7242,阎亨,未知,晋朝
7243,阮瞻,未知,晋朝
7244,阮孚,未知,晋朝
7245,阮修,未知,晋朝
7246,阮放,未知,晋朝
7247,阮裕,未知,晋朝
7248,胡毋辅之,未知,晋朝
7249,胡毋谦之,未知,晋朝
7250,毕卓,未知,晋朝
7251,王尼,未知,晋朝
7252,羊曼,未知,晋朝
7253,羊聃,未知,晋朝
7254,光逸,未知,晋朝
7255,曹志,未知,晋朝
7256,庾峻,未知,晋朝
7257,庾珉,未知,晋朝
7258,庾敳,未知,晋朝
7259,庾纯,未知,晋朝
7260,庾旉,未知,晋朝
7261,秦秀,未知,晋朝
7262,皇甫方回,未知,晋朝
7263,挚虞,未知,晋朝
7264,束皙,未知,晋朝
7265,王接,未知,晋朝
7266,郄诜,未知,晋朝
7267,阮种,未知,晋朝
7268,华谭,未知,晋朝
7269,陆喜,未知,晋朝
7270,夏侯湛,未知,晋朝
7271,夏侯淳,未知,晋朝
7272,夏侯承,未知,晋朝
7273,张亢,未知,晋朝
7274,江虨,未知,晋朝
7275,江惇,未知,晋朝
7276,孙楚,未知,晋朝
7277,孙统,未知,晋朝
7278,罗尚,未知,晋朝
7279,马隆,未知,晋朝
7280,陶璜,未知,晋朝
7281,张光,未知,晋朝
7282,赵诱,未知,晋朝
7283,周访,未知,晋朝
7284,周抚,未知,晋朝
7285,周楚,未知,晋朝
7286,周琼,未知,晋朝
7287,周虓,未知,晋朝
7288,周光,未知,晋朝
7289,周仲孙,未知,晋朝
7290,郑方,未知,晋朝
7291,解系,未知,晋朝
7292,解结,未知,晋朝
7293,解育,未知,晋朝
7294,孙旗,未知,晋朝
7295,孟观,未知,晋朝
7296,牵秀,未知,晋朝
7297,缪播,未知,晋朝
7298,缪胤,未知,晋朝
7299,皇甫重,未知,晋朝
7300,张辅,未知,晋朝
7301,李含,未知,晋朝
7302,张方,未知,晋朝
7303,阎鼎,未知,晋朝
7304,索靖,未知,晋朝
7305,索綝,未知,晋朝
7306,贾疋,未知,晋朝
7307,周嵩,未知,晋朝
7308,周谟,未知,晋朝
7309,周馥,未知,晋朝
7310,成公简,未知,晋朝
7311,苟晞,未知,晋朝
7312,华轶,未知,晋朝
7313,刘乔,未知,晋朝
7314,刘耽,未知,晋朝
7315,刘柳,未知,晋朝
7316,刘舆,未知,晋朝
7317,刘群,未知,晋朝
7318,祖纳,未知,晋朝
7319,邵续,未知,晋朝
7320,李矩,未知,晋朝
7321,段匹磾,未知,晋朝
7322,魏浚,未知,晋朝
7323,魏该,未知,晋朝
7324,郭默,未知,晋朝
7325,王悦,未知,晋朝
7326,王恬,未知,晋朝
7327,王洽,未知,晋朝
7328,王珣,未知,晋朝
7329,王珉,未知,晋朝
7330,王协,未知,晋朝
7331,王劭,未知,晋朝
7332,王谧,未知,晋朝
7333,王荟,未知,晋朝
7334,王廞,未知,晋朝
7335,陶洪,未知,晋朝
7336,陶瞻,未知,晋朝
7337,陶夏,未知,晋朝
7338,陶琦,未知,晋朝
7339,陶旗,未知,晋朝
7340,陶斌,未知,晋朝
7341,陶称,未知,晋朝
7342,陶范,未知,晋朝
7343,陶岱,未知,晋朝
7344,陶臻,未知,晋朝
7345,陶舆,未知,晋朝
7346,郗愔,未知,晋朝
7347,郗超,未知,晋朝
7348,郗昙,未知,晋朝
7349,郗恢,未知,晋朝
7350,郗隆,未知,晋朝
7351,顾荣,未知,晋朝
7352,纪瞻,未知,晋朝
7353,贺循,未知,晋朝
7354,杨方,未知,晋朝
7355,薛兼,未知,晋朝
7356,刘波,未知,晋朝
7357,刘畴,未知,晋朝
7358,刁彝,未知,晋朝
7359,刁逵,未知,晋朝
7360,戴若思,未知,晋朝
7361,戴邈,未知,晋朝
7362,周闵,未知,晋朝
7363,应詹,未知,晋朝
7364,甘卓,未知,晋朝
7365,邓骞,未知,晋朝
7366,卞壸,未知,晋朝
7367,卞敦,未知,晋朝
7368,刘超,未知,晋朝
7369,钟雅,未知,晋朝
7370,孙惠,未知,晋朝
7371,熊远,未知,晋朝
7372,王鉴,未知,晋朝
7373,陈頵,未知,晋朝
7374,高崧,未知,晋朝
7375,庾亮,未知,晋朝
7376,庾彬,未知,晋朝
7377,庾羲,未知,晋朝
7378,庾龢,未知,晋朝
7379,庾怿,未知,晋朝
7380,庾统,未知,晋朝
7381,庾冰,未知,晋朝
7382,庾希,未知,晋朝
7383,庾条,未知,晋朝
7384,桓云,未知,晋朝
7385,桓豁,未知,晋朝
7386,桓石虔,未知,晋朝
7387,桓振,未知,晋朝
7388,桓石秀,未知,晋朝
7389,桓石民,未知,晋朝
7390,桓石生,未知,晋朝
7391,桓石绥,未知,晋朝
7392,桓石康,未知,晋朝
7393,桓秘,未知,晋朝
7394,桓冲,未知,晋朝
7395,桓嗣,未知,晋朝
7396,桓胤,未知,晋朝
7397,桓谦,未知,晋朝
7398,桓修,未知,晋朝
7399,王湛,未知,晋朝
7400,王述,未知,晋朝
7401,王坦之,未知,晋朝
7402,王恺,未知,晋朝
7403,王愉,未知,晋朝
7404,王绥,未知,晋朝
7405,王国宝,未知,晋朝
7406,王忱,未知,晋朝
7407,王袆之,未知,晋朝
7408,王峤,未知,晋朝
7409,袁悦之,未知,晋朝
7410,祖台之,未知,晋朝
7411,荀崧,未知,晋朝
7412,荀蕤,未知,晋朝
7413,荀羡,未知,晋朝
7414,范汪,未知,晋朝
7415,范坚,未知,晋朝
7416,范启,未知,晋朝
7417,张凭,未知,晋朝
7418,韩伯,未知,晋朝
7419,王舒,未知,晋朝
7420,王允之,未知,晋朝
7421,王廙,未知,晋朝
7422,王彪之,未知,晋朝
7423,王棱,未知,晋朝
7424,虞啸父,未知,晋朝
7425,顾众,未知,晋朝
7426,陆晔,未知,晋朝
7427,陆玩,未知,晋朝
7428,陆纳,未知,晋朝
7429,何充,未知,晋朝
7430,褚翜,未知,晋朝
7431,蔡谟,未知,晋朝
7432,诸葛恢,未知,晋朝
7433,殷浩,未知,晋朝
7434,顾悦之,未知,晋朝
7435,蔡裔,未知,晋朝
7436,孔愉,未知,晋朝
7437,孔汪,未知,晋朝
7438,孔祗,未知,晋朝
7439,孔坦,未知,晋朝
7440,孔严,未知,晋朝
7441,孔群,未知,晋朝
7442,孔沈,未知,晋朝
7443,丁潭,未知,晋朝
7444,陶回,未知,晋朝
7445,谢琰,未知,晋朝
7446,谢奕,未知,晋朝
7447,谢万,未知,晋朝
7448,谢石,未知,晋朝
7449,谢朗,未知,晋朝
7450,谢重,未知,晋朝
7451,谢绚,未知,晋朝
7452,谢邈,未知,晋朝
7453,王徽之,未知,晋朝
7454,王桢之,未知,晋朝
7455,王操之,未知,晋朝
7456,王献之,未知,晋朝
7457,许迈,未知,晋朝
7458,蔡豹,未知,晋朝
7459,羊鉴,未知,晋朝
7460,刘胤,未知,晋朝
7461,桓宣,未知,晋朝
7462,桓伊,未知,晋朝
7463,朱伺,未知,晋朝
7464,毛宝,未知,晋朝
7465,毛穆之,未知,晋朝
7466,毛璩,未知,晋朝
7467,毛安之,未知,晋朝
7468,毛德祖,未知,晋朝
7469,刘遐,未知,晋朝
7470,邓岳,未知,晋朝
7471,邓遐,未知,晋朝
7472,邓逸,未知,晋朝
7473,朱序,未知,晋朝
7474,王长文,未知,晋朝
7475,虞溥,未知,晋朝
7476,王隐,未知,晋朝
7477,王瑚,未知,晋朝
7478,孙盛,未知,晋朝
7479,孙潜,未知,晋朝
7480,孙放,未知,晋朝
7481,干宝,未知,晋朝
7482,邓粲,未知,晋朝
7483,谢沈,未知,晋朝
7484,习凿齿,未知,晋朝
7485,顾和,未知,晋朝
7486,顾淳,未知,晋朝
7487,袁瑰,未知,晋朝
7488,袁乔,未知,晋朝
7489,袁山松,未知,晋朝
7490,袁猷,未知,晋朝
7491,袁准,未知,晋朝
7492,袁耽,未知,晋朝
7493,袁质,未知,晋朝
7494,江逌,未知,晋朝
7495,江灌,未知,晋朝
7496,江绩,未知,晋朝
7497,车胤,未知,晋朝
7498,殷顗,未知,晋朝
7499,王雅,未知,晋朝
7500,王协之,未知,晋朝
7501,王少卿,未知,晋朝
7502,王恭,未知,晋朝
7503,庾楷,未知,晋朝
7504,殷仲堪,未知,晋朝
7505,殷简之,未知,晋朝
7506,杨佺期,未知,晋朝
7507,杨孜敬,未知,晋朝
7508,刘迈,未知,晋朝
7509,何无忌,未知,晋朝
7510,檀凭之,未知,晋朝
7511,魏咏之,未知,晋朝
7512,沈充,未知,晋朝
7513,桓熙,未知,晋朝
7514,桓济,未知,晋朝
7515,桓歆,未知,晋朝
7516,桓袆,未知,晋朝
7517,桓伟,未知,晋朝
7518,孟嘉,未知,晋朝
7519,卞范之,未知,晋朝
7520,殷仲文,未知,晋朝
7521,王弥,未知,晋朝
7522,张昌,未知,晋朝
7523,陈敏,未知,晋朝
7524,王如,未知,晋朝
7525,杜弢,未知,晋朝
7526,王机,未知,晋朝
7527,王矩,未知,晋朝
7528,祖约,未知,晋朝
7529,苏峻,未知,晋朝
7530,李赐,未知,晋朝
7531,李兴,未知,晋朝
7532,盛彦,未知,晋朝
7533,夏方,未知,晋朝
7534,王裒,未知,晋朝
7535,许孜,未知,晋朝
7536,庾衮,未知,晋朝
7537,孙晷,未知,晋朝
7538,颜含,未知,晋朝
7539,刘殷,未知,晋朝
7540,王延,未知,晋朝
7541,王谈,未知,晋朝
7542,桑虞,未知,晋朝
7543,何琦,未知,晋朝
7544,嵇绍,未知,晋朝
7545,王豹,未知,晋朝
7546,刘沈,未知,晋朝
7547,曲允,未知,晋朝
7548,贾浑,未知,晋朝
7549,王育,未知,晋朝
7550,韦忠,未知,晋朝
7551,辛勉,未知,晋朝
7552,刘敏元,未知,晋朝
7553,周该,未知,晋朝
7554,桓雄,未知,晋朝
7555,韩阶,未知,晋朝
7556,周崎,未知,晋朝
7557,易雄,未知,晋朝
7558,乐道融,未知,晋朝
7559,虞悝,未知,晋朝
7560,沈劲,未知,晋朝
7561,吉挹,未知,晋朝
7562,王谅,未知,晋朝
7563,宋矩,未知,晋朝
7564,车济,未知,晋朝
7565,丁穆,未知,晋朝
7566,辛恭靖,未知,晋朝
7567,罗企生,未知,晋朝
7568,杜轸,未知,晋朝
7569,窦允,未知,晋朝
7570,王宏,未知,晋朝
7571,曹摅,未知,晋朝
7572,潘京,未知,晋朝
7573,范晷,未知,晋朝
7574,丁绍,未知,晋朝
7575,乔智明,未知,晋朝
7576,邓攸,未知,晋朝
7577,吴隐之,未知,晋朝
7578,范平,未知,晋朝
7579,文立,未知,晋朝
7580,陈邵,未知,晋朝
7581,刘兆,未知,晋朝
7582,泛毓,未知,晋朝
7583,徐苗,未知,晋朝
7584,崔游,未知,晋朝
7585,范隆,未知,晋朝
7586,杜夷,未知,晋朝
7587,董景道,未知,晋朝
7588,续咸,未知,晋朝
7589,孔衍,未知,晋朝
7590,范宣,未知,晋朝
7591,韦謏,未知,晋朝
7592,范弘之,未知,晋朝
7593,王欢,未知,晋朝
7594,成公绥,未知,晋朝
7595,赵至,未知,晋朝
7596,邹湛,未知,晋朝
7597,邹捷,未知,晋朝
7598,枣据,未知,晋朝
7599,褚陶,未知,晋朝
7600,庾阐,未知,晋朝
7601,曹毗,未知,晋朝
7602,伏滔,未知,晋朝
7603,罗含,未知,晋朝
7604,郭澄之,未知,晋朝
7605,羊琇,未知,晋朝
7606,王恂,未知,晋朝
7607,杨文宗,未知,晋朝
7608,羊玄之,未知,晋朝
7609,虞豫,未知,晋朝
7610,庾琛,未知,晋朝
7611,杜乂,未知,晋朝
7612,褚裒,未知,晋朝
7613,何准,未知,晋朝
7614,王遐,未知,晋朝
7615,褚爽,未知,晋朝
7616,董京,未知,晋朝
7617,夏统,未知,晋朝
7618,朱冲,未知,晋朝
7619,范粲,未知,晋朝
7620,鲁胜,未知,晋朝
7621,董养,未知,晋朝
7622,霍原,未知,晋朝
7623,郭琦,未知,晋朝
7624,伍朝,未知,晋朝
7625,泛腾,未知,晋朝
7626,任旭,未知,晋朝
7627,龚壮,未知,晋朝
7628,孟陋,未知,晋朝
7629,韩绩,未知,晋朝
7630,谯秀,未知,晋朝
7631,翟汤,未知,晋朝
7632,郭翻,未知,晋朝
7633,辛谧,未知,晋朝
7634,刘驎之,未知,晋朝
7635,索袭,未知,晋朝
7636,杨轲,未知,晋朝
7637,公孙凤,未知,晋朝
7638,公孙永,未知,晋朝
7639,张忠,未知,晋朝
7640,石垣,未知,晋朝
7641,宋纤,未知,晋朝
7642,郭荷,未知,晋朝
7643,郭瑀,未知,晋朝
7644,祈嘉,未知,晋朝
7645,瞿硎先生,未知,晋朝
7646,谢敷,未知,晋朝
7647,戴逵,未知,晋朝
7648,龚玄之,未知,晋朝
7649,龚元寿,未知,晋朝
7650,陶淡,未知,晋朝
7651,陈训,未知,晋朝
7652,戴洋,未知,晋朝
7653,韩友,未知,晋朝
7654,淳于智,未知,晋朝
7655,步熊,未知,晋朝
7656,杜不愆,未知,晋朝
7657,严卿,未知,晋朝
7658,隗照,未知,晋朝
7659,卜珝,未知,晋朝
7660,鲍靓,未知,晋朝
7661,幸灵,未知,晋朝
7662,麻襦,未知,晋朝
7663,单道开,未知,晋朝
7664,黄泓,未知,晋朝
7665,索紞,未知,晋朝
7666,孟钦,未知,晋朝
7667,僧涉,未知,晋朝
7668,郭黁,未知,晋朝
7669,昙霍,未知,晋朝
7670,台产,未知,晋朝
7671,宇文陵,未知,晋朝
7672,嵇含,未知,晋朝
7673,徐逵之,未知,晋朝
7674,高雅之,未知,晋朝
7675,刘轨,未知,晋朝
7676,司马休之,未知,晋朝
7677,徐道覆,未知,晋朝
7678,袁崧,未知,晋朝
7679,刘藩,未知,晋朝
7680,梁兰璧,未知,晋朝
7681,晋宣穆张皇后,绿文,晋朝
7682,景怀夏侯皇后,绿文,晋朝
7683,景献羊皇后,绿文,晋朝
7684,文明王皇后,绿文,晋朝
7685,武元杨皇后,绿文,晋朝
7686,武悼杨皇后,绿文,晋朝
7687,惠贾皇后,绿文,晋朝
7688,惠羊皇后,绿文,晋朝
7689,元敬虞皇后,绿文,晋朝
7690,明穆庾皇后,绿文,晋朝
7691,成恭杜皇后,绿文,晋朝
7692,康献褚皇后,绿文,晋朝
7693,穆章何皇后,绿文,晋朝
7694,哀靖王皇后,绿文,晋朝
7695,废帝孝庾皇后,绿文,晋朝
7696,简文宣郑太后,绿文,晋朝
7697,简文顺王皇后,绿文,晋朝
7698,孝武文李太后,绿文,晋朝
7699,孝武定王皇后,绿文,晋朝
7700,安德陈太后,绿文,晋朝
7701,安僖王皇后,绿文,晋朝
7702,恭思褚皇后,绿文,晋朝
7703,长陆公主,绿文,晋朝
7704,京兆公主,绿文,晋朝
7705,常山公主,绿文,晋朝
7706,长广公主,绿文,晋朝
7707,荥阳公主,绿文,晋朝
7708,繁昌公主,绿文,晋朝
7709,荥阳长公主,绿文,晋朝
7710,襄城公主,绿文,晋朝
7711,平阳公主,绿文,晋朝
7712,新丰公主,绿文,晋朝
7713,阳平公主,绿文,晋朝
7714,万安公主,绿文,晋朝
7715,颍川公主,绿文,晋朝
7716,临海公主,绿文,晋朝
7717,河东公主,绿文,晋朝
7718,始平公主,绿文,晋朝
7719,哀献皇女,绿文,晋朝
7720,南康公主,绿文,晋朝
7721,南郡悼公主,绿文,晋朝
7722,庐陵公主,绿文,晋朝
7723,寻阳公主,绿文,晋朝
7724,新安公主,绿文,晋朝
7725,鄱阳公主,绿文,晋朝
7726,晋陵公主,绿文,晋朝
7727,海盐公主,绿文,晋朝
7728,杜子恭,未知,晋朝
7729,谢輶,未知,晋朝
7730,司马觐,未知,晋朝
7731,靳月光,未知,南北朝
7732,杨坚,蓝武,南北朝
7733,祖冲之,蓝文,南北朝
7734,萧衍,绿文,南北朝
7735,高演,绿文,南北朝
7736,何承天,蓝色,南北朝
7737,杨子华,绿文,南北朝
7738,张僧繇,绿文,南北朝
7739,陈庆之,蓝武,南北朝
7740,陈霸先,绿色,南北朝
7741,独孤信,绿武,南北朝
7742,高欢,绿色,南北朝
7743,高洋,绿色,南北朝
7744,慧光大师,绿色,南北朝
7745,贾思勰,绿色,南北朝
7746,鸠摩罗什,蓝武,南北朝
7747,郦道元,绿文,南北朝
7748,沈约,绿色,南北朝
7749,苏小小,绿文,南北朝
7750,冼夫人,绿色,南北朝
7751,谢灵运,绿色,南北朝
7752,颜之推,绿色,南北朝
7753,高长恭,绿色,南北朝
7754,鲍照,绿武,南北朝
7755,杨大眼,蓝武,南北朝
7756,萧道成,绿色,南北朝
7757,陈顼,绿文,南北朝
7758,葛荣,绿色,南北朝
7759,高殷,绿文,南北朝
7760,贺拔胜,绿色,南北朝
7761,寇谦之,绿文,南北朝
7762,裴子野,绿文,南北朝
7763,裴矩,蓝文,南北朝
7764,任昉,绿色,南北朝
7765,刘勰,绿色,南北朝
7766,范晔,绿色,南北朝
7767,杯渡禅师,绿色,南北朝
7768,陈元康,绿色,南北朝
7769,褚渊,绿文,南北朝
7770,蔡容华,绿色,南北朝
7771,陈伯宗,绿文,南北朝
7772,陈叔宝,绿色,南北朝
7773,陈蒨,绿色,南北朝
7774,窦泰,绿武,南北朝
7775,尔朱兆,绿色,南北朝
7776,尔朱荣,绿文,南北朝
7777,法庆,绿武,南北朝
7778,范云,绿色,南北朝
7779,高澄,绿色,南北朝
7780,高纬,绿文,南北朝
7781,高湛,绿色,南北朝
7782,高恒,绿文,南北朝
7783,徐湛之,绿色,南北朝
7784,贺拔岳,绿武,南北朝
7785,候安都,绿色,南北朝
7786,贺若弼,绿文,南北朝
7787,徐羡之,绿色,南北朝
7788,侯莫陈崇,绿色,南北朝
7789,孔熙先,绿色,南北朝
7790,陆倕,绿色,南北朝
7791,刘义康,绿色,南北朝
7792,刘湛,绿文,南北朝
7793,卢思道,绿文,南北朝
7794,李天锡,绿色,南北朝
7795,李昞,绿色,南北朝
7796,李熙,绿文,南北朝
7797,李虎,绿色,南北朝
7798,李重耳,绿文,南北朝
7799,陆修静,绿文,南北朝
7800,欧阳頠,绿色,南北朝
7801,司马消难,绿色,南北朝
7802,司马子如,绿色,南北朝
7803,萧琛,绿文,南北朝
7804,山谦之,绿文,南北朝
7805,汤惠休,绿文,南北朝
7806,陶弘景,绿文,南北朝
7807,韦孝宽,绿武,南北朝
7808,万俟丑奴,绿色,南北朝
7809,王僧辩,绿武,南北朝
7810,王融,绿文,南北朝
7811,王琳,绿色,南北朝
7812,王思政,绿色,南北朝
7813,王谊,绿色,南北朝
7814,魏收,绿色,南北朝
7815,萧纪,绿文,南北朝
7816,萧琮,绿文,南北朝
7817,殷景仁,绿色,南北朝
7818,严棱,绿色,南北朝
7819,元宝炬,绿文,南北朝
7820,元善见,绿色,南北朝
7821,宇文赟,绿文,南北朝
7822,宇文泰,绿色,南北朝
7823,宇文护,绿色,南北朝
7824,宇文邕,绿文,南北朝
7825,宇文阐,绿文,南北朝
7826,杨忠,绿色,南北朝
7827,杨素,绿文,南北朝
7828,祖暅之,绿文,南北朝
7829,赵贵,绿色,南北朝
7830,何婧英,绿武,南北朝
7831,何戢,绿文,南北朝
7832,侯景,绿武,南北朝
7833,像屈耽,绿色,南北朝
7834,像檐桁,绿武,南北朝
7835,像舒彭,绿武,南北朝
7836,像舒治,绿色,南北朝
7837,像舒者,绿色,南北朝
7838,像览蹄,绿武,南北朝
7839,元钦,绿文,南北朝
7840,吕僧珍,绿色,南北朝
7841,宇文弼,绿文,南北朝
7842,宇文毓,绿色,南北朝
7843,宇文肱,绿武,南北朝
7844,宇文觉,绿文,南北朝
7845,尉世辩,绿色,南北朝
7846,尉景,绿武,南北朝
7847,尉粲,绿色,南北朝
7848,尉迟迥,绿色,南北朝
7849,崔浩,绿色,南北朝
7850,张丽华,绿色,南北朝
7851,张融,绿色,南北朝
7852,徐昭佩,绿文,南北朝
7853,慧可,绿文,南北朝
7854,慧思,绿色,南北朝
7855,慧皎,绿文,南北朝
7856,拓跋廓,绿色,南北朝
7857,斛律金,绿色,南北朝
7858,李道儿,绿色,南北朝
7859,杨保炽,绿色,南北朝
7860,杨僧嗣,绿文,南北朝
7861,杨元和,绿文,南北朝
7862,杨后起,绿文,南北朝
7863,杨太赤,绿色,南北朝
7864,杨孟孙,绿色,南北朝
7865,杨定,绿文,南北朝
7866,杨崇祖,绿色,南北朝
7867,杨广香,绿色,南北朝
7868,杨文度,绿色,南北朝
7869,杨文弘,绿文,南北朝
7870,杨文德,绿文,南北朝
7871,杨智慧,绿文,南北朝
7872,杨法深,绿文,南北朝
7873,杨炅,绿色,南北朝
7874,杨绍先,绿文,南北朝
7875,杨辟邪,绿文,南北朝
7876,杨难当,绿色,南北朝
7877,杨集始,绿色,南北朝
7878,梁仚定,绿色,南北朝
7879,梁弥博,绿色,南北朝
7880,梁弥定,绿色,南北朝
7881,梁弥忽,绿文,南北朝
7882,梁弥承,绿文,南北朝
7883,梁弥机,绿色,南北朝
7884,梁弥治,绿色,南北朝
7885,梁弥泰,绿文,南北朝
7886,梁弥邕,绿色,南北朝
7887,梁弥颉,绿文,南北朝
7888,梁弥颌,绿色,南北朝
7889,梁獠甘,绿文,南北朝
7890,梁虎子,绿文,南北朝
7891,檀道济,绿武,南北朝
7892,王宝明,绿色,南北朝
7893,破六韩拔陵,绿色,南北朝
7894,萧子显,绿文,南北朝
7895,萧宝夤,绿色,南北朝
7896,萧察,绿文,南北朝
7897,萧岿,绿色,南北朝
7898,萧方等,绿武,南北朝
7899,萧欢,绿文,南北朝
7900,萧正德,绿色,南北朝
7901,萧统,绿文,南北朝
7902,薛道衡,绿文,南北朝
7903,褚灵媛,绿文,南北朝
7904,谢混,绿色,南北朝
7905,谢赫,绿色,南北朝
7906,阎毗,绿文,南北朝
7907,阎立德,绿文,南北朝
7908,陈宣华,绿文,南北朝
7909,陈胤,绿文,南北朝
7910,韩子高,绿武,南北朝
7911,顾野王,绿武,南北朝
7912,高照容,绿文,南北朝
7913,裴野,未知,南北朝
7914,司马如,未知,南北朝
7915,慧文,未知,南北朝
7916,杨僧,未知,南北朝
7917,梁虎,未知,南北朝
7918,萧显,未知,南北朝
7919,韩高,未知,南北朝
7920,刘业,未知,南北朝
7921,赵皇后,未知,南北朝
7922,萧皇后,未知,南北朝
7923,臧皇后,未知,南北朝
7924,司马皇后,未知,南北朝
7925,胡婕妤,未知,南北朝
7926,胡元庆,未知,南北朝
7927,袁皇后,未知,南北朝
7928,路淑媛,未知,南北朝
7929,路琼之,未知,南北朝
7930,路休之,未知,南北朝
7931,路茂之,未知,南北朝
7932,沈婕妤,未知,南北朝
7933,江皇后,未知,南北朝
7934,陈昭华,未知,南北朝
7935,谢皇后,未知,南北朝
7936,刘瑾,未知,南北朝
7937,刘楷,未知,南北朝
7938,刘瞻,未知,南北朝
7939,刘韫,未知,南北朝
7940,刘弼,未知,南北朝
7941,刘鉴,未知,南北朝
7942,刘颢,未知,南北朝
7943,刘述,未知,南北朝
7944,刘觊,未知,南北朝
7945,刘袭,未知,南北朝
7946,刘彪,未知,南北朝
7947,刘玠,未知,南北朝
7948,刘秉,未知,南北朝
7949,刘谟,未知,南北朝
7950,刘综,未知,南北朝
7951,刘长猷,未知,南北朝
7952,刘烨,未知,南北朝
7953,刘澄之,未知,南北朝
7954,刘琨之,未知,南北朝
7955,从刘思考,未知,南北朝
7956,刘义真,未知,南北朝
7957,段宏,未知,南北朝
7958,刘绍,未知,南北朝
7959,刘敬先,未知,南北朝
7960,刘暠,未知,南北朝
7961,刘义恭,未知,南北朝
7962,刘朗,未知,南北朝
7963,刘叡,未知,南北朝
7964,刘绥,未知,南北朝
7965,刘跻,未知,南北朝
7966,刘韶,未知,南北朝
7967,刘元谅,未知,南北朝
7968,刘元粹,未知,南北朝
7969,刘伯禽,未知,南北朝
7970,刘仲容,未知,南北朝
7971,刘义季,未知,南北朝
7972,恭王刘嶷,未知,南北朝
7973,刘伯道,未知,南北朝
7974,刘义宣,未知,南北朝
7975,蔡超,未知,南北朝
7976,徐遗宝,未知,南北朝
7977,夏侯祖权,未知,南北朝
7978,刘浚,未知,南北朝
7979,刘铄,未知,南北朝
7980,刘敬猷,未知,南北朝
7981,刘敬渊,未知,南北朝
7982,刘产,未知,南北朝
7983,刘宣曜,未知,南北朝
7984,刘伯玉,未知,南北朝
7985,刘景素,未知,南北朝
7986,刘燮,未知,南北朝
7987,刘休仁,未知,南北朝
7988,刘伯融,未知,南北朝
7989,刘伯猷,未知,南北朝
7990,刘休佑,未知,南北朝
7991,刘士荟,未知,南北朝
7992,刘宣翊,未知,南北朝
7993,刘休业,未知,南北朝
7994,刘士弘,未知,南北朝
7995,刘休倩,未知,南北朝
7996,刘夷,未知,南北朝
7997,刘休若,未知,南北朝
7998,刘冲始,未知,南北朝
7999,刘诞,未知,南北朝
8000,范义,未知,南北朝
8001,刘袆,未知,南北朝
8002,刘充明,未知,南北朝
8003,刘浑,未知,南北朝
8004,王翼之,未知,南北朝
8005,刘休茂,未知,南北朝
8006,庾深之,未知,南北朝
8007,刘休范,未知,南北朝
8008,刘楚玉,未知,南北朝
8009,刘房,未知,南北朝
8010,严龙,未知,南北朝
8011,刘顼,未知,南北朝
8012,刘鸾,未知,南北朝
8013,刘延年,未知,南北朝
8014,刘真,未知,南北朝
8015,刘元,未知,南北朝
8016,刘羽,未知,南北朝
8017,刘孟,未知,南北朝
8018,刘云,未知,南北朝
8019,刘霄,未知,南北朝
8020,刘赞,未知,南北朝
8021,刘翙,未知,南北朝
8022,刘禧,未知,南北朝
8023,刘虑之,未知,南北朝
8024,刘贞之,未知,南北朝
8025,谢朓,绿文,南北朝
8026,王练,未知,南北朝
8027,徐佩之,未知,南北朝
8028,商玄石,未知,南北朝
8029,延陵盖,未知,南北朝
8030,向植,未知,南北朝
8031,向劭,未知,南北朝
8032,刘怀默,未知,南北朝
8033,刘道球,未知,南北朝
8034,刘孙登,未知,南北朝
8035,刘道隆,未知,南北朝
8036,王谦之,未知,南北朝
8037,马文恭,未知,南北朝
8038,刘道济,未知,南北朝
8039,刘道存,未知,南北朝
8040,刘真道,未知,南北朝
8041,裴方明,未知,南北朝
8042,孙孟系袓,未知,南北朝
8043,垣询之,未知,南北朝
8044,垣阆,未知,南北朝
8045,谢景仁,未知,南北朝
8046,谢综,未知,南北朝
8047,谢约,未知,南北朝
8048,谢纬,未知,南北朝
8049,袁洵,未知,南北朝
8050,褚叔度,未知,南北朝
8051,张茂度,未知,南北朝
8052,陆仲元,未知,南北朝
8053,庾炳之,未知,南北朝
8054,谢惠宣,未知,南北朝
8055,孔季恭,未知,南北朝
8056,孔山士,未知,南北朝
8057,孔渊之,未知,南北朝
8058,羊崇,未知,南北朝
8059,褚胤,未知,南北朝
8060,傅僧佑,未知,南北朝
8061,谢叹,未知,南北朝
8062,蔡景玄,未知,南北朝
8063,段孚,未知,南北朝
8064,段冲,未知,南北朝
8065,段淡,未知,南北朝
8066,江智渊,未知,南北朝
8067,荀伯,未知,南北朝
8068,羊徽,未知,南北朝
8069,沈睦,未知,南北朝
8070,沈统,未知,南北朝
8071,沈畅之,未知,南北朝
8072,刘道锡,未知,南北朝
8073,杜幼文,未知,南北朝
8074,申坦,未知,南北朝
8075,申令孙,未知,南北朝
8076,王敬弘,未知,南北朝
8077,颜测,未知,南北朝
8078,颜呒,未知,南北朝
8079,任荟之,未知,南北朝
8080,孙冲之,未知,南北朝
8081,鲁宗之,未知,南北朝
8082,鲁轨,未知,南北朝
8083,臧寅,未知,南北朝
8084,边荣,未知,南北朝
8085,程邕之,未知,南北朝
8086,苏宝生,未知,南北朝
8087,宗瓓,未知,南北朝
8088,柳叔仁,未知,南北朝
8089,柳光世,未知,南北朝
8090,沈文叔,未知,南北朝
8091,沈法系,未知,南北朝
8092,萧摹之,未知,南北朝
8093,萧斌,未知,南北朝
8094,庞秀之,未知,南北朝
8095,沈怀远,未知,南北朝
8096,武念,未知,南北朝
8097,佼长生,未知,南北朝
8098,蔡那,未知,南北朝
8099,曹欣之,未知,南北朝
8100,彭文之,未知,南北朝
8101,孙昙瓘,未知,南北朝
8102,任农夫,未知,南北朝
8103,周宁民,未知,南北朝
8104,段佛荣,未知,南北朝
8105,王景文,未知,南北朝
8106,郭世道,未知,南北朝
8107,余齐民,未知,南北朝
8108,陆徽,未知,南北朝
8109,宗炳,未知,南北朝
8110,阮万龄,未知,南北朝
8111,宗彧之,未知,南北朝
8112,巢尚之,未知,南北朝
8113,戴明宝,未知,南北朝
8114,尉迟炽繁,未知,南北朝
8115,杨丽华,未知,南北朝
8116,冯润,未知,南北朝
8117,冯清,未知,南北朝
8118,冯皇后,未知,南北朝
8119,杨衒之,未知,南北朝
8120,朝云,未知,南北朝
8121,元攸,未知,南北朝
8122,元晔,未知,南北朝
8123,元氏,未知,南北朝
8124,元钊,未知,南北朝
8125,拓跋,未知,南北朝
8126,唐俭,未知,南北朝
8127,李祖娥,未知,南北朝
8128,鲍至,未知,南北朝
8129,胡义周,未知,南北朝
8130,刘英媚,未知,南北朝
8131,潘淑妃,未知,南北朝
8132,宋后废帝,未知,南北朝
8133,郁久闾,未知,南北朝
8134,张徽光,未知,南北朝
8135,靳月华,未知,南北朝
8136,杜珠,未知,南北朝
8137,段元妃,未知,南北朝
8138,苻训英,未知,南北朝
8139,苻娀娥,未知,南北朝
8140,段季妃,未知,南北朝
8141,李敬受,未知,南北朝
8142,殷玉英,未知,南北朝
8143,刘惠瑞,未知,南北朝
8144,潘玉儿,未知,南北朝
8145,郗徽,未知,南北朝
8146,冯有,未知,南北朝
8147,高英,未知,南北朝
8148,司马显姿,未知,南北朝
8149,胡仙真,未知,南北朝
8150,尔朱英娥,未知,南北朝
8151,宇文云英,未知,南北朝
8152,穆黄花,未知,南北朝
8153,冯小怜,未知,南北朝
8154,元胡摩,未知,南北朝
8155,李娥姿,未知,南北朝
8156,尉迟繁炽,未知,南北朝
8157,司马令姬,未知,南北朝
8158,宋孝穆赵皇后,绿文,南北朝
8159,孝懿萧皇后,绿文,南北朝
8160,武敬臧皇后,绿文,南北朝
8161,少帝司马皇后,绿文,南北朝
8162,文帝袁皇后,绿文,南北朝
8163,孝武文穆王皇后,绿文,南北朝
8164,前废帝何皇后,绿文,南北朝
8165,明恭王皇后,绿文,南北朝
8166,后废帝江皇后,绿文,南北朝
8167,顺帝谢皇后,绿文,南北朝
8168,齐宣孝陈皇后,绿文,南北朝
8169,高昭刘皇后,绿文,南北朝
8170,武穆裴皇后,绿文,南北朝
8171,文安王皇后,绿文,南北朝
8172,郁林王何皇后,绿文,南北朝
8173,海陵王王皇后,绿文,南北朝
8174,明敬刘皇后,绿文,南北朝
8175,东昏褚皇后,绿文,南北朝
8176,和帝王皇后,绿文,南北朝
8177,梁太祖张皇后,绿文,南北朝
8178,高祖郗皇后,绿文,南北朝
8179,太宗王皇后,绿文,南北朝
8180,陈高祖章皇后,绿文,南北朝
8181,世祖沈皇后,绿文,南北朝
8182,废帝王皇后,绿文,南北朝
8183,高宗柳皇后,绿文,南北朝
8184,后主沈皇后,绿文,南北朝
8185,魏神元窦皇后,绿文,南北朝
8186,文帝封皇后,绿文,南北朝
8187,桓帝祁皇后,绿文,南北朝
8188,平文王皇后,绿文,南北朝
8189,昭成慕容皇后,绿文,南北朝
8190,献明贺皇后,绿文,南北朝
8191,道武慕容皇后,绿文,南北朝
8192,道武宣穆刘皇后,绿文,南北朝
8193,明元昭哀姚皇后,绿文,南北朝
8194,明元密杜皇后,绿文,南北朝
8195,太武赫连皇后,绿文,南北朝
8196,太武敬哀贺皇后,绿文,南北朝
8197,景穆恭皇郁久闾后,绿文,南北朝
8198,高宗常皇后,绿文,南北朝
8199,文成文明冯皇后,绿文,南北朝
8200,文成元李皇后,绿文,南北朝
8201,献文思李皇后,绿文,南北朝
8202,孝文贞林皇后,绿文,南北朝
8203,孝文废冯皇后,绿文,南北朝
8204,孝文幽冯皇后,绿文,南北朝
8205,孝文昭高皇后,绿文,南北朝
8206,宣武顺于皇后,绿文,南北朝
8207,宣武高皇后,绿文,南北朝
8208,宣武灵胡皇后,绿文,南北朝
8209,孝明胡皇后,绿文,南北朝
8210,孝静高皇后,绿文,南北朝
8211,齐神武娄后,绿文,南北朝
8212,文襄元后,绿文,南北朝
8213,文宣李后,绿文,南北朝
8214,孝昭元后,绿文,南北朝
8215,武成胡后,绿文,南北朝
8216,后主斛律后,绿文,南北朝
8217,胡后,绿文,南北朝
8218,穆后,绿文,南北朝
8219,周文帝元皇后,绿文,南北朝
8220,文宣叱奴皇后,绿文,南北朝
8221,孝闵帝元皇后,绿文,南北朝
8222,明帝独孤皇后,绿文,南北朝
8223,武帝阿史那皇后,绿文,南北朝
8224,武帝李皇后,绿文,南北朝
8225,宣帝杨皇后,绿文,南北朝
8226,宣帝朱皇后,绿文,南北朝
8227,宣帝陈皇后,绿文,南北朝
8228,宣帝元皇后,绿文,南北朝
8229,宣帝尉迟皇后,绿文,南北朝
8230,静帝司马皇后,绿文,南北朝
8231,会稽公主,绿文,南北朝
8232,吴兴长公主,绿文,南北朝
8233,义兴恭长公主,绿文,南北朝
8234,宣城德公主,绿文,南北朝
8235,吴郡宣公主,绿文,南北朝
8236,始安哀公主,绿文,南北朝
8237,豫章康长公主,绿文,南北朝
8238,东阳献公主,绿文,南北朝
8239,长城公主,绿文,南北朝
8240,临川长公主,绿文,南北朝
8241,琅邪贞长公主,绿文,南北朝
8242,南郡献公主,绿文,南北朝
8243,庐江公主,绿文,南北朝
8244,淮阳长公主,绿文,南北朝
8245,新蔡公主,绿文,南北朝
8246,安固公主,绿文,南北朝
8247,临汝公主,绿文,南北朝
8248,安吉公主,绿文,南北朝
8249,临淮康哀公主,绿文,南北朝
8250,康乐公主,绿文,南北朝
8251,县公主,绿文,南北朝
8252,阳羡公主,绿文,南北朝
8253,晋陵长公主,绿文,南北朝
8254,建安长公主,绿文,南北朝
8255,义兴宪公主,绿文,南北朝
8256,淮南长公主,绿文,南北朝
8257,临海长公主,绿文,南北朝
8258,吴县公主,绿文,南北朝
8259,武康公主,绿文,南北朝
8260,山阴公主,绿文,南北朝
8261,钱唐公主,绿文,南北朝
8262,义兴昭长公主,绿文,南北朝
8263,新安穆公主,绿文,南北朝
8264,永兴公主,绿文,南北朝
8265,永世公主,绿文,南北朝
8266,永康公主,绿文,南北朝
8267,永嘉公主,绿文,南北朝
8268,长山公主,绿文,南北朝
8269,南沙公主,绿文,南北朝
8270,溧阳公主,绿文,南北朝
8271,余姚公主,绿文,南北朝
8272,安阳公主,绿文,南北朝
8273,益昌公主,绿文,南北朝
8274,丰安公主,绿文,南北朝
8275,富阳公主,绿文,南北朝
8276,信义公主,绿文,南北朝
8277,义兴公主,绿文,南北朝
8278,辽西公主,绿文,南北朝
8279,花木兰,未知,南北朝
8280,萧惠训,未知,南北朝
8281,李世绩,蓝武,隋朝
8282,宇文化及,蓝文,隋朝
8283,尉迟恭,蓝武,隋朝
8284,李渊,蓝文,隋朝
8285,李密,蓝文,隋朝
8286,李玄霸,绿武,隋朝
8287,杜伏威,蓝武,隋朝
8288,窦建德,蓝武,隋朝
8289,刘黑闼,蓝武,隋朝
8290,李轨,绿武,隋朝
8291,林士弘,绿武,隋朝
8292,宋金刚,蓝武,隋朝
8293,薛仁杲,绿色,隋朝
8294,薛举,绿色,隋朝
8295,单雄信,蓝武,隋朝
8296,杨玄感,绿色,隋朝
8297,翟让,绿文,隋朝
8298,高士达,绿色,隋朝
8299,杨广,绿色,隋朝
8300,何稠,绿色,隋朝
8301,魏刀儿,绿武,隋朝
8302,王世充,蓝武,隋朝
8303,陈月仪,绿文,隋朝
8304,屈突通,绿武,隋朝
8305,段志玄,绿武,隋朝
8306,独孤伽罗,绿文,隋朝
8307,辅公祏,蓝武,隋朝
8308,刘焯,绿色,隋朝
8309,李子通,蓝武！,隋朝
8310,欧阳询,绿文,隋朝
8311,潘师正,绿文,隋朝
8312,萧铣,绿色,隋朝
8313,宇文贵,绿文,隋朝
8314,宇文恺,绿色,隋朝
8315,颜师古,绿色,隋朝
8316,诸葛昂,绿色,隋朝
8317,元乐尚,绿文,隋朝
8318,展子虔,绿文,隋朝
8319,宇文述,绿武,隋朝
8320,智永,绿色,隋朝
8321,朱满月,绿文,隋朝
8322,杨勇,绿武,隋朝
8323,牛弘,绿色,隋朝
8324,王通,绿文,隋朝
8325,苏元朗,绿文,隋朝
8326,虞世基,绿文,隋朝
8327,杨杲,未知,隋朝
8328,杨浩,未知,隋朝
8329,萧瑀,未知,隋朝
8330,高炯,未知,隋朝
8331,裴寂,未知,隋朝
8332,沈法兴,未知,隋朝
8333,徐圆朗,未知,隋朝
8334,隋恭帝,未知,隋朝
8335,杨侗,未知,隋朝
8336,隋炀帝,未知,隋朝
8337,杨昭,未知,隋朝
8338,杨侑,未知,隋朝
8339,杨阿五,未知,隋朝
8340,公孙睿,未知,隋朝
8341,陆睿,未知,隋朝
8342,薛胄,未知,隋朝
8343,薛置,未知,隋朝
8344,裴炯,未知,隋朝
8345,任胄,未知,隋朝
8346,娄睿,未知,隋朝
8347,宇文胄,未知,隋朝
8348,韦夐,未知,隋朝
8349,杨集,未知,隋朝
8350,杨秀,未知,隋朝
8351,杨谅,未知,隋朝
8352,高宾,未知,隋朝
8353,牛方裕,未知,隋朝
8354,李德林,未知,隋朝
8355,梁士彦,未知,隋朝
8356,梁默,未知,隋朝
8357,元谐,未知,隋朝
8358,虞庆则,未知,隋朝
8359,虞孝仁,未知,隋朝
8360,元胄,未知,隋朝
8361,贺娄诠,未知,隋朝
8362,史万岁,未知,隋朝
8363,刘方,未知,隋朝
8364,冯昱,未知,隋朝
8365,王摽,未知,隋朝
8366,杨武通,未知,隋朝
8367,陈永贵,未知,隋朝
8368,房兆,未知,隋朝
8369,杜彦,未知,隋朝
8370,周摇,未知,隋朝
8371,独孤楷,未知,隋朝
8372,独孤盛,未知,隋朝
8373,乞伏慧,未知,隋朝
8374,张威,未知,隋朝
8375,和洪,未知,隋朝
8376,阴寿,未知,隋朝
8377,阴世师,未知,隋朝
8378,阴骨仪,未知,隋朝
8379,杨崇,未知,隋朝
8380,杨义臣,未知,隋朝
8381,刘昉,未知,隋朝
8382,柳裘,未知,隋朝
8383,皇甫绩,未知,隋朝
8384,郭衍,未知,隋朝
8385,杨汪,未知,隋朝
8386,裴蕴,未知,隋朝
8387,袁充,未知,隋朝
8388,赵煚,未知,隋朝
8389,赵芬,未知,隋朝
8390,赵元楷,未知,隋朝
8391,王韶,未知,隋朝
8392,王士隆,未知,隋朝
8393,元岩,未知,隋朝
8394,伊娄谦,未知,隋朝
8395,李圆通,未知,隋朝
8396,李孝常,未知,隋朝
8397,陈茂,未知,隋朝
8398,陈政,未知,隋朝
8399,郭荣,未知,隋朝
8400,庞晃,未知,隋朝
8401,李安,未知,隋朝
8402,李哲,未知,隋朝
8403,杨尚希,未知,隋朝
8404,张煚,未知,隋朝
8405,苏孝慈,未知,隋朝
8406,苏沙罗,未知,隋朝
8407,元寿,未知,隋朝
8408,元敏,未知,隋朝
8409,段文振,未知,隋朝
8410,段文操,未知,隋朝
8411,来整,未知,隋朝
8412,樊子盖,未知,隋朝
8413,周法尚,未知,隋朝
8414,卫玄,未知,隋朝
8415,刘权,未知,隋朝
8416,李景,未知,隋朝
8417,裴政,未知,隋朝
8418,李谔,未知,隋朝
8419,鲍宏,未知,隋朝
8420,高构,未知,隋朝
8421,荣毗,未知,隋朝
8422,荣建绪,未知,隋朝
8423,陆知命,未知,隋朝
8424,梁毗,未知,隋朝
8425,梁敬真,未知,隋朝
8426,柳彧,未知,隋朝
8427,赵绰,未知,隋朝
8428,杜整,未知,隋朝
8429,张定和,未知,隋朝
8430,张奫,未知,隋朝
8431,麦铁杖,未知,隋朝
8432,麦孟才,未知,隋朝
8433,权武,未知,隋朝
8434,王仁恭,未知,隋朝
8435,吐万绪,未知,隋朝
8436,董纯,未知,隋朝
8437,王辩,未知,隋朝
8438,陈棱,未知,隋朝
8439,赵才,未知,隋朝
8440,兰兴洛,未知,隋朝
8441,贺兰蕃,未知,隋朝
8442,云定兴,未知,隋朝
8443,裴虔通,未知,隋朝
8444,段达,未知,隋朝
8445,王胄,未知,隋朝
8446,张胄玄,未知,隋朝
8447,慕容俊,未知,隋朝
8448,拓跋圭,未知,隋朝
8449,拓跋黎,未知,隋朝
8450,杨整,未知,隋朝
8451,杨瓒,未知,隋朝
8452,杨嵩,未知,隋朝
8453,杨爽,未知,隋朝
8454,杨弘,未知,隋朝
8455,杨处纲,未知,隋朝
8456,杨子崇,未知,隋朝
8457,杨暕,未知,隋朝
8458,达奚长儒,未知,隋朝
8459,贺娄子干,未知,隋朝
8460,斛斯万善,未知,隋朝
8461,司马德戡,未知,隋朝
8462,萧后,蓝文,隋朝
8463,萧美娘,绿文,隋朝
8464,隋文献独狐皇后,绿文,隋朝
8465,炀帝萧皇后,绿文,隋朝
8466,安成长公主,绿文,隋朝
8467,广平公主,绿文,隋朝
8468,襄国公主,绿文,隋朝
8469,南阳公主,绿文,隋朝
8470,侯夫人,未知,隋朝
8471,李元霸,紫武,隋唐英雄
8472,宇文成都,蓝武,隋唐英雄
8473,裴元庆,蓝武,隋唐英雄
8474,雄阔海,绿武,隋唐英雄
8475,伍天锡,蓝武,隋唐英雄
8476,伍云召,绿色,隋唐英雄
8477,罗成,绿武,隋唐英雄
8478,秦叔宝,紫色,隋唐英雄
8479,罗士信,绿武,隋唐英雄
8480,徐世绩,绿武,隋唐英雄
8481,罗松,绿色,隋唐英雄
8482,魏征,蓝武,隋唐英雄
8483,薛仁贵,蓝武,隋唐英雄
8484,薛丁山,绿色,隋唐英雄
8485,魏文通,绿色,隋唐英雄
8486,杨林,绿色,隋唐英雄
8487,秦用,绿色,隋唐英雄
8488,呼罗国王,绿武,隋唐英雄
8489,尚师徒,蓝武,隋唐英雄
8490,苏定芳,绿武,隋唐英雄
8491,王伯当,绿色,隋唐英雄
8492,王君可,绿色,隋唐英雄
8493,新文礼,绿色,隋唐英雄
8494,定彦平,绿色,隋唐英雄
8495,左天成,绿色,隋唐英雄
8496,来护儿,绿武,隋唐英雄
8497,东方玉梅,绿文,隋唐英雄
8498,梁师泰,绿武,隋唐英雄
8499,伍建章,绿武,隋唐英雄
8500,高颖,绿色,隋唐英雄
8501,鱼俱罗,绿武,隋唐英雄
8502,韩擒虎,绿色,隋唐英雄
8503,罗艺,绿武,隋唐英雄
8504,侯君集,绿武,隋唐英雄
8505,李建成,绿武,隋唐英雄
8506,李元吉,绿色,隋唐英雄
8507,李靖,绿色,隋唐英雄
8508,虬髯客,紫武,隋唐英雄
8509,红拂女,蓝武,隋唐英雄
8510,樊梨花,绿武,隋唐英雄
8511,苏宝童,绿武,隋唐英雄
8512,杨成,绿武,隋唐英雄
8513,邱瑞,绿武,隋唐英雄
8514,史万宝,绿武,隋唐英雄
8515,杨芳,绿色,隋唐英雄
8516,长孙晟,绿武,隋唐英雄
8517,朗司马,绿武,隋唐英雄
8518,盖世雄,绿武,隋唐英雄
8519,刘武周,绿色,隋唐英雄
8520,谢映登,绿武,隋唐英雄
8521,史大奈,绿色,隋唐英雄
8522,罗方,绿色,隋唐英雄
8523,薛亮,绿色,隋唐英雄
8524,柴绍,绿色,隋唐英雄
8525,梁师都,绿色,隋唐英雄
8526,宇文成龙,绿色,隋唐英雄
8527,宇文智及,绿色,隋唐英雄
8528,裴仁基,绿色,隋唐英雄
8529,唐壁,绿武,隋唐英雄
8530,伍魁,绿武,隋唐英雄
8531,伍亮,绿色,隋唐英雄
8532,李浑,绿色,隋唐英雄
8533,张公瑾,绿武,隋唐英雄
8534,来护尔,绿武,隋唐英雄
8535,白夫人,绿色,隋唐英雄
8536,黑夫人,绿武,隋唐英雄
8537,李道宗,绿色,隋唐英雄
8538,张红拂,未知,隋唐英雄
8539,红拂,未知,隋唐英雄
8540,周眆,绿文,唐朝
8541,长林公主,未知,唐朝
8542,唐宋八大家,未知,唐朝
8543,秦琼,蓝武,唐朝
8544,怀素,绿文,唐朝
8545,公孙大娘,绿文,唐朝
8546,吕洞宾,蓝武,唐朝
8547,孙思邈,紫文!,唐朝
8548,吴道子,蓝文,唐朝
8549,杨玉环,紫色,唐朝
8550,张旭,蓝文,唐朝
8551,张果,蓝文,唐朝
8552,崔颢,绿文,唐朝
8553,胡令能,绿文,唐朝
8554,高适,绿色,唐朝
8555,韩幌,绿色,唐朝
8556,贾岛,绿文,唐朝
8557,卢照邻,绿色,唐朝
8558,李含光,绿武,唐朝
8559,李思训,绿文,唐朝
8560,啊史那贺鲁,绿色,唐朝
8561,白鹿禅师,绿文,唐朝
8562,辩机,绿文,唐朝
8563,崔珏,绿文,唐朝
8564,陈闳,绿文,唐朝
8565,杜佑,绿色,唐朝
8566,格辅元,绿色,唐朝
8567,怀素律师,绿色,唐朝
8568,慧超,绿文,唐朝
8569,黄巢,绿武,唐朝
8570,孔颖达,绿文,唐朝
8571,李观,绿色,唐朝
8572,临水夫人,绿武,唐朝
8573,陆羽,绿文,唐朝
8574,马道一,绿色,唐朝
8575,王绩,绿文,唐朝
8576,王焘,绿文,唐朝
8577,王勃,绿文,唐朝
8578,徐浩,绿色,唐朝
8579,玄奘,蓝文,唐朝
8580,薛涛,绿色,唐朝
8581,元稹,绿文,唐朝
8582,临济义玄,绿色,唐朝
8583,南岳怀让,绿文,唐朝
8584,南霁云,绿武,唐朝
8585,娄师德,蓝武,唐朝
8586,惠能,绿文,唐朝
8587,薛稷,绿色,唐朝
8588,史思明,蓝武,唐朝
8589,李翱,绿色,唐朝
8590,刘禹锡,绿文,唐朝
8591,杜秋娘,绿文,唐朝
8592,杜光庭,绿色,唐朝
8593,韩干,绿文,唐朝
8594,吕用之,绿色,唐朝
8595,李端,绿色,唐朝
8596,令狐德棻,绿色,唐朝
8597,令狐楚,绿色,唐朝
8598,刘蕡,绿色,唐朝
8599,刘知几,绿文,唐朝
8600,卢仝,绿色,唐朝
8601,李锜,绿文,唐朝
8602,徐坚,绿色,唐朝
8603,阎立本,绿色,唐朝
8604,义净,绿文,唐朝
8605,张说,绿色,唐朝
8606,张若虚,绿色,唐朝
8607,张萱,绿色,唐朝
8608,成玄英,绿色,唐朝
8609,渊男建,绿武,唐朝
8610,渊男生,绿武,唐朝
8611,渊盖苏文,绿色,唐朝
8612,薛世雄,绿色,唐朝
8613,贺兰敏之,绿武,唐朝
8614,不空,绿文,唐朝
8615,崔护,绿色,唐朝
8616,杜环,绿色,唐朝
8617,道宣,绿文,唐朝
8618,冯伉,绿文,唐朝
8619,顾况,绿色,唐朝
8620,韩翃,绿色,唐朝
8621,李峤,绿色,唐朝
8622,卢彦卿,绿色,唐朝
8623,李肇,绿色,唐朝
8624,刘希夷,绿文,唐朝
8625,刘长卿,绿色,唐朝
8626,李大师,绿文,唐朝
8627,李百药,绿文,唐朝
8628,李筌,绿文,唐朝
8629,罗昌儒,绿色,唐朝
8630,孟棨,绿色,唐朝
8631,金刚智,绿文,唐朝
8632,无能子,绿色,唐朝
8633,王玄览,绿文,唐朝
8634,武士彟,绿色,唐朝
8635,黄檗希运,绿色,唐朝
8636,颜勤礼,绿文,唐朝
8637,僧一行,绿色,唐朝
8638,颜元孙,绿文,唐朝
8639,叶法善,绿文,唐朝
8640,杨行密,绿色,唐朝
8641,朱温,绿文,唐朝
8642,张嘉贞,绿文,唐朝
8643,张九龄,绿文,唐朝
8644,云岩昙晟,绿文,唐朝
8645,储光羲,绿色,唐朝
8646,安庆绪,绿文,唐朝
8647,寒山,绿文,唐朝
8648,杨氏,绿文,唐朝
8649,百丈怀海,绿文,唐朝
8650,石头希迁,绿文,唐朝
8651,窥基法师,绿色,唐朝
8652,药山惟俨,绿色,唐朝
8653,贺兰越石,绿文,唐朝
8654,阁罗凤,绿色,唐朝
8655,青原行思,绿文,唐朝
8656,韩国夫人,绿文,唐朝
8657,李阳冰,绿文,唐朝
8658,李颀,绿色,唐朝
8659,李延寿,绿文,唐朝
8660,李昭道,绿文,唐朝
8661,李邕,绿文,唐朝
8662,李神通,绿文,唐朝
8663,怯阳照,绿色,唐朝
8664,千傍,绿色,唐朝
8665,善无畏,绿色,唐朝
8666,施望欠,绿色,唐朝
8667,施望千,绿文,唐朝
8668,司马承祯,绿色,唐朝
8669,司空曙,绿色,唐朝
8670,沈佺期,绿文,唐朝
8671,望偏,绿文,唐朝
8672,王定保,绿文,唐朝
8673,王仙芝,绿文,唐朝
8674,姚思廉,绿文,唐朝
8675,张议潮,绿色,唐朝
8676,周昉,绿色,唐朝
8677,丰咩,绿色,唐朝
8678,丰时,绿文,唐朝
8679,于赠,绿色,唐朝
8680,俟罗君,绿文,唐朝
8681,偏罗俟,绿色,唐朝
8682,傍罗颠,绿文,唐朝
8683,原罗,绿文,唐朝
8684,咩罗皮,绿文,唐朝
8685,波衡,绿色,唐朝
8686,照罗,绿文,唐朝
8687,皮罗邆,绿文,唐朝
8688,秦宗权,绿色,唐朝
8689,罗铎,绿色,唐朝
8690,裴铏,绿色,唐朝
8691,邆罗颠,绿文,唐朝
8692,铎罗望,绿色,唐朝
8693,雟辅首,绿色,唐朝
8694,颠之托,绿文,唐朝
8695,成辅端,未知,唐朝
8696,李悟,未知,唐朝
8697,李荃,未知,唐朝
8698,一行,未知,唐朝
8699,张公谨,未知,唐朝
8700,弘忍,未知,唐朝
8701,慧能,未知,唐朝
8702,房玄龄,未知,唐朝
8703,智升,未知,唐朝
8704,李佑,未知,唐朝
8705,杨士勋,未知,唐朝
8706,温李,未知,唐朝
8707,神会,未知,唐朝
8708,许敬宗,未知,唐朝
8709,赵蕤,未知,唐朝
8710,高士廉,未知,唐朝
8711,初唐四家,未知,唐朝
8712,饮中八仙,未知,唐朝
8713,阿史那贺鲁,未知,唐朝
8714,李杜,未知,唐朝
8715,马祖道一,未知,唐朝
8716,王焘(唐),未知,唐朝
8717,上官仪,未知,唐朝
8718,严绶,未知,唐朝
8719,令狐绹,未知,唐朝
8720,刘十善,未知,唐朝
8721,刘政会,未知,唐朝
8722,崔续,未知,唐朝
8723,拾得,未知,唐朝
8724,李元景,未知,唐朝
8725,李光弼,未知,唐朝
8726,李吉甫,未知,唐朝
8727,李裕,未知,唐朝
8728,李重俊,未知,唐朝
8729,李续,未知,唐朝
8730,杨国忠,未知,唐朝
8731,王茂元,未知,唐朝
8732,裴耀卿,未知,唐朝
8733,安定公主,未知,唐朝
8734,怀仁可汗,未知,唐朝
8735,李熙(唐),未知,唐朝
8736,窦臮,未知,唐朝
8737,窦蒙,未知,唐朝
8738,吕向,未知,唐朝
8739,张怀瓘,未知,唐朝
8740,高仲武,未知,唐朝
8741,皇甫湜,未知,唐朝
8742,柳璨,未知,唐朝
8743,陆龟蒙,未知,唐朝
8744,皮日休,未知,唐朝
8745,钱起,未知,唐朝
8746,苏味道,未知,唐朝
8747,薛能,未知,唐朝
8748,徐彦伯,未知,唐朝
8749,鱼玄机,未知,唐朝
8750,虞世南,未知,唐朝
8751,赵玄默,未知,唐朝
8752,张为,未知,唐朝
8753,张籍,未知,唐朝
8754,初唐四杰,未知,唐朝
8755,大历十才子,未知,唐朝
8756,三苏,未知,唐朝
8757,苏续,未知,唐朝
8758,黄峭山,未知,唐朝
8759,李绅,未知,唐朝
8760,罗虬,未知,唐朝
8761,罗邺,未知,唐朝
8762,李德裕,未知,唐朝
8763,王贞白崔融,未知,唐朝
8764,上官婉儿,未知,唐朝
8765,张继,未知,唐朝
8766,耿讳,未知,唐朝
8767,吉中孚,未知,唐朝
8768,苗发,未知,唐朝
8769,夏侯审,未知,唐朝
8770,崔洞,未知,唐朝
8771,双忠,未知,唐朝
8772,毕师铎,未知,唐朝
8773,陈玄礼,未知,唐朝
8774,程咬金,绿武,唐朝
8775,陈元光,未知,唐朝
8776,董昌,未知,唐朝
8777,封常清,未知,唐朝
8778,高骈,未知,唐朝
8779,郭元振,未知,唐朝
8780,哥舒翰,未知,唐朝
8781,郭子仪,未知,唐朝
8782,高邈,未知,唐朝
8783,高仙芝,未知,唐朝
8784,刘弘基,未知,唐朝
8785,李可举,未知,唐朝
8786,刘文静,未知,唐朝
8787,刘仁轨,未知,唐朝
8788,李抱真,未知,唐朝
8789,李钦凑,未知,唐朝
8790,李嗣业,未知,唐朝
8791,唐太宗,未知,唐朝
8792,李晟,未知,唐朝
8793,李愬,未知,唐朝
8794,孟楷,未知,唐朝
8795,庞勋,未知,唐朝
8796,庞师古,未知,唐朝
8797,裴度,未知,唐朝
8798,裴行俭,未知,唐朝
8799,史朝义,未知,唐朝
8800,孙儒,未知,唐朝
8801,尚君长,未知,唐朝
8802,尚让,未知,唐朝
8803,苏定方,未知,唐朝
8804,王重霸,未知,唐朝
8805,武元爽,未知,唐朝
8806,许远,未知,唐朝
8807,徐敬业,未知,唐朝
8808,杨复光,未知,唐朝
8809,颜真卿,未知,唐朝
8810,张璘,未知,唐朝
8811,任瑰,未知,唐朝
8812,张巡,未知,唐朝
8813,朱泚,未知,唐朝
8814,阿史那社尔,未知,唐朝
8815,李谠,未知,唐朝
8816,仆固怀恩,未知,唐朝
8817,契苾何力,未知,唐朝
8818,朱邪赤心,未知,唐朝
8819,长孙顺德,未知,唐朝
8820,安禄山,未知,唐朝
8821,李怀仙,未知,唐朝
8822,时溥,未知,唐朝
8823,吴元济,未知,唐朝
8824,朱希彩,未知,唐朝
8825,朱滔,未知,唐朝
8826,李宝臣,未知,唐朝
8827,朱瑾,未知,唐朝
8828,崔龟从,未知,唐朝
8829,李安期,未知,唐朝
8830,韦述,未知,唐朝
8831,姚康,未知,唐朝
8832,陈岳,未知,唐朝
8833,许嵩,未知,唐朝
8834,李智云,未知,唐朝
8835,李重润,未知,唐朝
8836,李上金,未知,唐朝
8837,李元婴,未知,唐朝
8838,李守礼,未知,唐朝
8839,李弘,未知,唐朝
8840,李承干,未知,唐朝
8841,李熅,未知,唐朝
8842,李素节,未知,唐朝
8843,安续,未知,唐朝
8844,李仙蕙,未知,唐朝
8845,李明达,未知,唐朝
8846,同昌公主,未知,唐朝
8847,文成公主,未知,唐朝
8848,金城公主,未知,唐朝
8849,高阳公主,未知,唐朝
8850,武惠妃,未知,唐朝
8851,徐惠,未知,唐朝
8852,萧淑妃,未知,唐朝
8853,武则天,未知,唐朝
8854,韦皇后,未知,唐朝
8855,长孙皇后,未知,唐朝
8856,李重茂,未知,唐朝
8857,唐中宗,未知,唐朝
8858,唐代宗,未知,唐朝
8859,唐僖宗,未知,唐朝
8860,唐哀帝,未知,唐朝
8861,唐续,未知,唐朝
8862,唐宣宗,未知,唐朝
8863,唐宪宗,未知,唐朝
8864,唐德宗,未知,唐朝
8865,唐懿宗,未知,唐朝
8866,唐敬宗,未知,唐朝
8867,唐文宗,未知,唐朝
8868,唐昭宗,未知,唐朝
8869,唐武宗,未知,唐朝
8870,唐睿宗,未知,唐朝
8871,唐穆宗,未知,唐朝
8872,唐肃宗,未知,唐朝
8873,唐顺宗,未知,唐朝
8874,唐高宗,未知,唐朝
8875,皋陶,未知,唐朝
8876,李敬,未知,唐朝
8877,李耳,未知,唐朝
8878,李世民,未知,唐朝
8879,李治,未知,唐朝
8880,李显,未知,唐朝
8881,李旦,未知,唐朝
8882,姬昌,未知,唐朝
8883,姬武,未知,唐朝
8884,武克已,未知,唐朝
8885,武居常,未知,唐朝
8886,武俭,未知,唐朝
8887,武华,未知,唐朝
8888,武士彠,绿文,唐朝
8889,武曌,未知,唐朝
8890,李隆基,未知,唐朝
8891,李琮,未知,唐朝
8892,李亨,未知,唐朝
8893,李倓,未知,唐朝
8894,李豫,未知,唐朝
8895,李承宏,未知,唐朝
8896,李适,未知,唐朝
8897,李诵,未知,唐朝
8898,李纯,未知,唐朝
8899,李昂,未知,唐朝
8900,李炎,未知,唐朝
8901,李忱,未知,唐朝
8902,李漼,未知,唐朝
8903,李儇,未知,唐朝
8904,李晔,未知,唐朝
8905,李柷,未知,唐朝
8906,王武俊,未知,唐朝
8907,王镕,未知,唐朝
8908,张文礼,未知,唐朝
8909,张处谨,未知,唐朝
8910,田悦,未知,唐朝
8911,李纳,未知,唐朝
8912,李希烈,未知,唐朝
8913,王处直,未知,唐朝
8914,王都,未知,唐朝
8915,姓名,未知,唐朝
8916,阚爽,未知,唐朝
8917,阚伯周,未知,唐朝
8918,阚义成,未知,唐朝
8919,阚首归,未知,唐朝
8920,张孟明,未知,唐朝
8921,马儒,未知,唐朝
8922,曲嘉,未知,唐朝
8923,曲光,未知,唐朝
8924,曲坚,未知,唐朝
8925,曲玄喜,未知,唐朝
8926,曲口,未知,唐朝
8927,曲宝茂,未知,唐朝
8928,曲干固,未知,唐朝
8929,曲伯雅,未知,唐朝
8930,曲文泰,未知,唐朝
8931,曲智盛,未知,唐朝
8932,胡独鹿,未知,唐朝
8933,桃李花,未知,唐朝
8934,突地稽,未知,唐朝
8935,李谨行,未知,唐朝
8936,大祚荣,未知,唐朝
8937,大武艺,未知,唐朝
8938,大钦茂,未知,唐朝
8939,大元义,未知,唐朝
8940,大华屿,未知,唐朝
8941,大嵩璘,未知,唐朝
8942,大元瑜,未知,唐朝
8943,大言义,未知,唐朝
8944,大明忠,未知,唐朝
8945,大仁秀,未知,唐朝
8946,大彝震,未知,唐朝
8947,大虔晃,未知,唐朝
8948,大玄锡,未知,唐朝
8949,大玮瑎,未知,唐朝
8950,大諲撰,未知,唐朝
8951,大光显,未知,唐朝
8952,烈万华,未知,唐朝
8953,乌玄明,未知,唐朝
8954,大元,未知,唐朝
8955,大延琳,未知,唐朝
8956,黑水兀儿,未知,唐朝
8957,乞四比羽,未知,唐朝
8958,乞乞仲象,未知,唐朝
8959,张果老,未知,唐朝
8960,施肩吾,紫文,唐朝
8961,神秀,未知,唐朝
8962,边令诚,未知,唐朝
8963,仇士良,未知,唐朝
8964,程元振,未知,唐朝
8965,高力士,未知,唐朝
8966,韩全诲,未知,唐朝
8967,韩文约,未知,唐朝
8968,俱文珍,未知,唐朝
8969,骆奉先,未知,唐朝
8970,刘行深,未知,唐朝
8971,李辅国,未知,唐朝
8972,田令孜,未知,唐朝
8973,鱼朝恩,未知,唐朝
8974,崔行功,未知,唐朝
8975,齐浣,未知,唐朝
8976,崔玄暐,未知,唐朝
8977,褚遂良,未知,唐朝
8978,窦参,未知,唐朝
8979,杜如晦,未知,唐朝
8980,段文昌,未知,唐朝
8981,狄仁杰,未知,唐朝
8982,盖文达,未知,唐朝
8983,侯行果,未知,唐朝
8984,韩滉,未知,唐朝
8985,桓彦范,未知,唐朝
8986,韩湘子,未知,唐朝
8987,来俊臣,未知,唐朝
8988,李守素,未知,唐朝
8989,李淳风,未知,唐朝
8990,刘洎,未知,唐朝
8991,李景俭,未知,唐朝
8992,陆贽,未知,唐朝
8993,李孝恭,未知,唐朝
8994,卢携,未知,唐朝
8995,李玄道,未知,唐朝
8996,李渤,未知,唐朝
8997,李训,未知,唐朝
8998,李义府,未知,唐朝
8999,李敬玄,未知,唐朝
9000,李林甫,未知,唐朝
9001,李宗闵,未知,唐朝
9002,柳公权,未知,唐朝
9003,牛僧孺,未知,唐朝
9004,裴延龄,未知,唐朝
9005,孙季良,未知,唐朝
9006,宋璟,未知,唐朝
9007,苏勖,未知,唐朝
9008,唐临,未知,唐朝
9009,王叔文,未知,唐朝
9010,武承嗣,未知,唐朝
9011,韦执谊,未知,唐朝
9012,武三思,未知,唐朝
9013,王仁裕,未知,唐朝
9014,王潮,未知,唐朝
9015,渊男产,未知,唐朝
9016,颜杲卿,未知,唐朝
9017,袁恕己,未知,唐朝
9018,杨炎,未知,唐朝
9019,元澹,未知,唐朝
9020,颜荛,未知,唐朝
9021,元载,未知,唐朝
9022,姚崇,未知,唐朝
9023,褚亮,未知,唐朝
9024,张易之,未知,唐朝
9025,赵冬曦,未知,唐朝
9026,郑注,未知,唐朝
9027,张柬之,未知,唐朝
9028,郑畋,未知,唐朝
9029,阿倍仲麻吕,未知,唐朝
9030,李实,未知,唐朝
9031,阳城,未知,唐朝
9032,长孙无忌,未知,唐朝
9033,董萼,未知,唐朝
9034,王行瑜,未知,唐朝
9035,刘季述,未知,唐朝
9036,崔胤,未知,唐朝
9037,张文蔚,未知,唐朝
9038,杨涉,未知,唐朝
9039,张策,未知,唐朝
9040,赵光逢,未知,唐朝
9041,薛贻矩,未知,唐朝
9042,苏循,未知,唐朝
9043,苏楷,未知,唐朝
9044,杜晓,未知,唐朝
9045,朱友谅,未知,唐朝
9046,朱友能,未知,唐朝
9047,朱友诲,未知,唐朝
9048,朱友宁,未知,唐朝
9049,朱友伦,未知,唐朝
9050,敬翔,未知,唐朝
9051,朱珍,未知,唐朝
9052,李唐宾,未知,唐朝
9053,葛从周,未知,唐朝
9054,霍存,未知,唐朝
9055,张存敬,未知,唐朝
9056,符道昭,未知,唐朝
9057,刘捍,未知,唐朝
9058,寇彦卿,未知,唐朝
9059,康怀英,未知,唐朝
9060,刘鄩,未知,唐朝
9061,牛存节,未知,唐朝
9062,张归霸,未知,唐朝
9063,张归厚,未知,唐朝
9064,张归弁,未知,唐朝
9065,王重师,未知,唐朝
9066,徐怀玉,未知,唐朝
9067,杨师厚,未知,唐朝
9068,王景仁,未知,唐朝
9069,贺瑰,未知,唐朝
9070,王檀,未知,唐朝
9071,马嗣勋,未知,唐朝
9072,王虔裕,未知,唐朝
9073,谢彦章,未知,唐朝
9074,朱瑄,未知,唐朝
9075,王师范,未知,唐朝
9076,刘知俊,未知,唐朝
9077,杨崇本,未知,唐朝
9078,蒋殷,未知,唐朝
9079,张万进,未知,唐朝
9080,罗绍威,未知,唐朝
9081,赵犨,未知,唐朝
9082,王珂,未知,唐朝
9083,韩建,未知,唐朝
9084,李罕之,未知,唐朝
9085,冯行袭,未知,唐朝
9086,孙德昭,未知,唐朝
9087,赵克裕,未知,唐朝
9088,张慎思,未知,唐朝
9089,胡真,未知,唐朝
9090,成汭,未知,唐朝
9091,杜洪,未知,唐朝
9092,钟传,未知,唐朝
9093,田頵,未知,唐朝
9094,朱延寿,未知,唐朝
9095,赵匡凝,未知,唐朝
9096,张佶,未知,唐朝
9097,雷满,未知,唐朝
9098,李振,未知,唐朝
9099,氏叔琮,未知,唐朝
9100,朱友恭,未知,唐朝
9101,李思安,未知,唐朝
9102,邓季筠,未知,唐朝
9103,黄文靖,未知,唐朝
9104,胡规,未知,唐朝
9105,李重胤,未知,唐朝
9106,范居实,未知,唐朝
9107,谢瞳,未知,唐朝
9108,王敬荛,未知,唐朝
9109,高劭,未知,唐朝
9110,郭言,未知,唐朝
9111,刘康乂,未知,唐朝
9112,王彦章,未知,唐朝
9113,贺德伦,未知,唐朝
9114,李珽,未知,唐朝
9115,卢曾,未知,唐朝
9116,孙骘,未知,唐朝
9117,张衍,未知,唐朝
9118,仇殷,未知,唐朝
9119,李克让,未知,唐朝
9120,李克修,未知,唐朝
9121,李嗣弼,未知,唐朝
9122,李嗣肱,未知,唐朝
9123,李克恭,未知,唐朝
9124,李克宁,未知,唐朝
9125,李嗣昭,未知,唐朝
9126,李嗣本,未知,唐朝
9127,李嗣恩,未知,唐朝
9128,李存信,未知,唐朝
9129,李存孝,未知,唐朝
9130,李存进,未知,唐朝
9131,李存璋,未知,唐朝
9132,李存贤,未知,唐朝
9133,李从璟,未知,唐朝
9134,李从璨,未知,唐朝
9135,李从璋,未知,唐朝
9136,李从温,未知,唐朝
9137,李从敏,未知,唐朝
9138,李重吉,未知,唐朝
9139,裴约,未知,唐朝
9140,郭崇韬,未知,唐朝
9141,安重诲,未知,唐朝
9142,周德威,未知,唐朝
9143,符存审,未知,唐朝
9144,符彦超,未知,唐朝
9145,符彦饶,未知,唐朝
9146,史建瑭,未知,唐朝
9147,史匡翰,未知,唐朝
9148,王建及,未知,唐朝
9149,元行钦,未知,唐朝
9150,安金全,未知,唐朝
9151,袁建丰,未知,唐朝
9152,西方邺,未知,唐朝
9153,符习,未知,唐朝
9154,乌震,未知,唐朝
9155,孔谦,未知,唐朝
9156,张延朗,未知,唐朝
9157,李仁矩,未知,唐朝
9158,毛璋,未知,唐朝
9159,朱弘昭,未知,唐朝
9160,冯赟,未知,唐朝
9161,刘延朗,未知,唐朝
9162,康思立,未知,唐朝
9163,康义诚,未知,唐朝
9164,药彦稠,未知,唐朝
9165,豆卢革,未知,唐朝
9166,卢程,未知,唐朝
9167,任圜,未知,唐朝
9168,赵凤,未知,唐朝
9169,李袭吉,未知,唐朝
9170,萧希甫,未知,唐朝
9171,何瓒,未知,唐朝
9172,王昭诲,未知,唐朝
9173,康君立,未知,唐朝
9174,薛志勤,未知,唐朝
9175,李承嗣,未知,唐朝
9176,史俨,未知,唐朝
9177,盖寓,未知,唐朝
9178,伊广,未知,唐朝
9179,李承勋,未知,唐朝
9180,史敬镕,未知,唐朝
9181,郑珏,未知,唐朝
9182,崔协,未知,唐朝
9183,李琪,未知,唐朝
9184,肃顷,未知,唐朝
9185,丁会,未知,唐朝
9186,阎宝,未知,唐朝
9187,王瓒,未知,唐朝
9188,袁象先,未知,唐朝
9189,李绍文,未知,唐朝
9190,王缄,未知,唐朝
9191,李敬义,未知,唐朝
9192,卢汝弼,未知,唐朝
9193,李德休,未知,唐朝
9194,安元信,未知,唐朝
9195,安重霸,未知,唐朝
9196,刘训,未知,唐朝
9197,张敬询,未知,唐朝
9198,刘彦琮,未知,唐朝
9199,张遵诲,未知,唐朝
9200,孙璋,未知,唐朝
9201,孟方立,未知,唐朝
9202,董璋,未知,唐朝
9203,张全义,未知,唐朝
9204,朱友谦,未知,唐朝
9205,霍彦威,未知,唐朝
9206,王晏球,未知,唐朝
9207,戴思远,未知,唐朝
9208,朱汉宾,未知,唐朝
9209,孔勍,未知,唐朝
9210,周知裕,未知,唐朝
9211,李建及,未知,唐朝
9212,石君立,未知,唐朝
9213,高行圭,未知,唐朝
9214,张廷裕,未知,唐朝
9215,王思同,未知,唐朝
9216,索自通,未知,唐朝
9217,朱洪实,未知,唐朝
9218,宋令询,未知,唐朝
9219,韦说,未知,唐朝
9220,李愚,未知,唐朝
9221,薛廷圭,未知,唐朝
9222,崔沂,未知,唐朝
9223,刘岳,未知,唐朝
9224,封舜卿,未知,唐朝
9225,窦梦征,未知,唐朝
9226,李保殷,未知,唐朝
9227,归蔼,未知,唐朝
9228,孔邈,未知,唐朝
9229,张文宝,未知,唐朝
9230,陈乂,未知,唐朝
9231,王正言,未知,唐朝
9232,胡装,未知,唐朝
9233,崔贻孙,未知,唐朝
9234,孟鹄,未知,唐朝
9235,孙岳,未知,唐朝
9236,刘延皓,未知,唐朝
9237,夏鲁奇,未知,唐朝
9238,姚洪,未知,唐朝
9239,张敬达,未知,唐朝
9240,马郁,未知,唐朝
9241,司空颋,未知,唐朝
9242,曹廷隐,未知,唐朝
9243,药纵之,未知,唐朝
9244,贾馥,未知,唐朝
9245,马缟,未知,唐朝
9246,罗贯,未知,唐朝
9247,淳于晏,未知,唐朝
9248,张格,未知,唐朝
9249,许寂,未知,唐朝
9250,周玄豹,未知,唐朝
9251,张承业,未知,唐朝
9252,张居翰,未知,唐朝
9253,马绍宏,未知,唐朝
9254,孟汉琼,未知,唐朝
9255,聂屿,未知,唐朝
9256,温韬,未知,唐朝
9257,段凝,未知,唐朝
9258,李邺,未知,唐朝
9259,康延孝,未知,唐朝
9260,朱守殷,未知,唐朝
9261,杨立,未知,唐朝
9262,窦廷琬,未知,唐朝
9263,张虔钊,未知,唐朝
9264,杨彦温,未知,唐朝
9265,石敬赟,未知,唐朝
9266,石重睿,未知,唐朝
9267,石延煦,未知,唐朝
9268,石延宝,未知,唐朝
9269,桑维翰,未知,唐朝
9270,景延广,未知,唐朝
9271,吴峦,未知,唐朝
9272,李彦韬,未知,唐朝
9273,张希崇,未知,唐朝
9274,王庭胤,未知,唐朝
9275,梁汉颙,未知,唐朝
9276,杨思权,未知,唐朝
9277,尹晖,未知,唐朝
9278,赵莹,未知,唐朝
9279,刘煦,未知,唐朝
9280,冯玉,未知,唐朝
9281,殷鹏,未知,唐朝
9282,赵在礼,未知,唐朝
9283,马全节,未知,唐朝
9284,张筠,未知,唐朝
9285,华温琪,未知,唐朝
9286,安崇阮,未知,唐朝
9287,杨彦询,未知,唐朝
9288,李承约,未知,唐朝
9289,陆思铎,未知,唐朝
9290,张朗,未知,唐朝
9291,李德珫,未知,唐朝
9292,田武,未知,唐朝
9293,李承福,未知,唐朝
9294,相里金,未知,唐朝
9295,房知温,未知,唐朝
9296,王建立,未知,唐朝
9297,康福,未知,唐朝
9298,安彦威,未知,唐朝
9299,李周,未知,唐朝
9300,张从训,未知,唐朝
9301,李继忠,未知,唐朝
9302,李顷,未知,唐朝
9303,周光辅,未知,唐朝
9304,罗周敬,未知,唐朝
9305,郑琮,未知,唐朝
9306,姚顗,未知,唐朝
9307,吕琦,未知,唐朝
9308,梁文矩,未知,唐朝
9309,史圭,未知,唐朝
9310,裴皞,未知,唐朝
9311,吴承范,未知,唐朝
9312,卢导,未知,唐朝
9313,郑韬光,未知,唐朝
9314,王权,未知,唐朝
9315,韩恽,未知,唐朝
9316,李怿,未知,唐朝
9317,卢质,未知,唐朝
9318,李专美,未知,唐朝
9319,卢詹,未知,唐朝
9320,崔棁,未知,唐朝
9321,薛融,未知,唐朝
9322,曹国珍,未知,唐朝
9323,张仁愿,未知,唐朝
9324,赵熙,未知,唐朝
9325,李遐,未知,唐朝
9326,尹玉羽,未知,唐朝
9327,郑云叟,未知,唐朝
9328,苌从简,未知,唐朝
9329,潘环,未知,唐朝
9330,方太,未知,唐朝
9331,何建,未知,唐朝
9332,张廷蕴,未知,唐朝
9333,郭延鲁,未知,唐朝
9334,郭金海,未知,唐朝
9335,刘处让,未知,唐朝
9336,李琼,未知,唐朝
9337,高汉筠,未知,唐朝
9338,孙彦韬,未知,唐朝
9339,王傅拯,未知,唐朝
9340,秘琼,未知,唐朝
9341,李彦珣,未知,唐朝
9342,皇甫遇,未知,唐朝
9343,梁汉璋,未知,唐朝
9344,白奉进,未知,唐朝
9345,卢顺密,未知,唐朝
9346,周环,未知,唐朝
9347,沈赟,未知,唐朝
9348,翟璋,未知,唐朝
9349,程福赟,未知,唐朝
9350,郭璘,未知,唐朝
9351,孔崇弼,未知,唐朝
9352,陈保极,未知,唐朝
9353,张继祚,未知,唐朝
9354,郑阮,未知,唐朝
9355,胡饶,未知,唐朝
9356,刘遂清,未知,唐朝
9357,房暠,未知,唐朝
9358,孟承诲,未知,唐朝
9359,刘继勋,未知,唐朝
9360,郑受益,未知,唐朝
9361,程逊,未知,唐朝
9362,郑玄素,未知,唐朝
9363,马重绩,未知,唐朝
9364,陈玄,未知,唐朝
9365,范延光,未知,唐朝
9366,张从宾,未知,唐朝
9367,张延播,未知,唐朝
9368,杨光远,未知,唐朝
9369,庐文进,未知,唐朝
9370,李金全,未知,唐朝
9371,安重荣,未知,唐朝
9372,安从进,未知,唐朝
9373,赵德钧,未知,唐朝
9374,张砺,未知,唐朝
9375,萧翰,未知,唐朝
9376,刘晞,未知,唐朝
9377,崔廷勋,未知,唐朝
9378,刘崇,未知,唐朝
9379,苏逢吉,未知,唐朝
9380,史弘肇,未知,唐朝
9381,杨邠,未知,唐朝
9382,刘铢,未知,唐朝
9383,聂文进,未知,唐朝
9384,后赞,未知,唐朝
9385,郭允明,未知,唐朝
9386,王周,未知,唐朝
9387,刘审交,未知,唐朝
9388,武汉球,未知,唐朝
9389,张瓘,未知,唐朝
9390,李殷,未知,唐朝
9391,刘在明,未知,唐朝
9392,马万,未知,唐朝
9393,李彦从,未知,唐朝
9394,郭谨,未知,唐朝
9395,皇甫立,未知,唐朝
9396,白再荣,未知,唐朝
9397,张鹏,未知,唐朝
9398,李洪建,未知,唐朝
9399,阎晋卿,未知,唐朝
9400,李崧,未知,唐朝
9401,李鏻,未知,唐朝
9402,龙敏,未知,唐朝
9403,刘鼎,未知,唐朝
9404,任延皓,未知,唐朝
9405,杜重威,未知,唐朝
9406,郭守愿,未知,唐朝
9407,郭奉超,未知,唐朝
9408,郭逊,未知,唐朝
9409,柴守礼,未知,唐朝
9410,郑仁诲,未知,唐朝
9411,扈载,未知,唐朝
9412,高行周,未知,唐朝
9413,安审琦,未知,唐朝
9414,安审晖,未知,唐朝
9415,安审信,未知,唐朝
9416,张彦成,未知,唐朝
9417,安叔千,未知,唐朝
9418,宋彦筠,未知,唐朝
9419,王殷,未知,唐朝
9420,何福进,未知,唐朝
9421,刘词,未知,唐朝
9422,王进,未知,唐朝
9423,史彦超,未知,唐朝
9424,史懿,未知,唐朝
9425,王令温,未知,唐朝
9426,李怀忠,未知,唐朝
9427,白文珂,未知,唐朝
9428,白延遇,未知,唐朝
9429,唐景思,未知,唐朝
9430,赵晖,未知,唐朝
9431,王守恩,未知,唐朝
9432,孔知浚,未知,唐朝
9433,王继弘,未知,唐朝
9434,冯晖,未知,唐朝
9435,高允权,未知,唐朝
9436,折从阮,未知,唐朝
9437,王饶,未知,唐朝
9438,孙方谏,未知,唐朝
9439,卢文纪,未知,唐朝
9440,马裔孙,未知,唐朝
9441,苏禹圭,未知,唐朝
9442,景范,未知,唐朝
9443,薛仁谦,未知,唐朝
9444,萧愿,未知,唐朝
9445,卢损,未知,唐朝
9446,裴羽,未知,唐朝
9447,段希尧,未知,唐朝
9448,司徒诩,未知,唐朝
9449,边蔚,未知,唐朝
9450,王敏,未知,唐朝
9451,常思,未知,唐朝
9452,翟光邺,未知,唐朝
9453,曹英,未知,唐朝
9454,李彦頵,未知,唐朝
9455,李建崇,未知,唐朝
9456,王重裔,未知,唐朝
9457,孙汉英,未知,唐朝
9458,许迁,未知,唐朝
9459,齐藏珍,未知,唐朝
9460,王环,未知,唐朝
9461,张彦超,未知,唐朝
9462,张颖,未知,唐朝
9463,刘仁赡,未知,唐朝
9464,阎弘鲁,未知,唐朝
9465,崔周度,未知,唐朝
9466,刘皞,未知,唐朝
9467,张沆,未知,唐朝
9468,张可复,未知,唐朝
9469,于德辰,未知,唐朝
9470,申文炳,未知,唐朝
9471,刘衮,未知,唐朝
9472,贾纬,未知,唐朝
9473,赵延义,未知,唐朝
9474,沈遘,未知,唐朝
9475,李知损,未知,唐朝
9476,孙晟,未知,唐朝
9477,张源德,未知,唐朝
9478,翟进宗,未知,唐朝
9479,张万迪,未知,唐朝
9480,沈斌,未知,唐朝
9481,郑遨,未知,唐朝
9482,张荐明,未知,唐朝
9483,石昂,未知,唐朝
9484,李自伦,未知,唐朝
9485,周匝,未知,唐朝
9486,敬新磨,未知,唐朝
9487,景进,未知,唐朝
9488,史彦琼,未知,唐朝
9489,李从曮,未知,唐朝
9490,李从昶,未知,唐朝
9491,李茂勋,未知,唐朝
9492,李仁福,未知,唐朝
9493,李仁达,未知,唐朝
9494,李彝超,未知,唐朝
9495,李彝兴,未知,唐朝
9496,韩逊,未知,唐朝
9497,高万兴,未知,唐朝
9498,高允韬,未知,唐朝
9499,韩洙,未知,唐朝
9500,卢光稠,未知,唐朝
9501,谭全播,未知,唐朝
9502,朱宣,未知,唐朝
9503,李彦威,未知,唐朝
9504,裴迪,未知,唐朝
9505,韦震,未知,唐朝
9506,孔循,未知,唐朝
9507,张篯,未知,唐朝
9508,刘景岩,未知,唐朝
9509,卢文进,未知,唐朝
9510,王弘贽,未知,唐朝
9511,皇甫晖,未知,唐朝
9512,娄继英,未知,唐朝
9513,马胤孙,未知,唐朝
9514,崔居俭,未知,唐朝
9515,何泽,未知,唐朝
9516,王松,未知,唐朝
9517,李昪,未知,唐朝
9518,王宗弼,未知,唐朝
9519,王宗寿,未知,唐朝
9520,钱佐,未知,唐朝
9521,钱倧,未知,唐朝
9522,王鏻,未知,唐朝
9523,王曦,未知,唐朝
9524,刘承钧,未知,唐朝
9525,李祝,未知,唐朝
9526,朱友贞,未知,唐朝
9527,刘承祐,未知,唐朝
9528,朱全昱,未知,唐朝
9529,朱存,未知,唐朝
9530,朱友裕,未知,唐朝
9531,朱友文,未知,唐朝
9532,朱友孜,未知,唐朝
9533,朱友圭,未知,唐朝
9534,朱友璋,未知,唐朝
9535,朱友雍,未知,唐朝
9536,朱友徽,未知,唐朝
9537,李存乂,未知,唐朝
9538,李存霸,未知,唐朝
9539,李存渥,未知,唐朝
9540,李存纪,未知,唐朝
9541,李存确,未知,唐朝
9542,李存美,未知,唐朝
9543,李存礼,未知,唐朝
9544,李从荣,未知,唐朝
9545,李从益,未知,唐朝
9546,李继岌,未知,唐朝
9547,李重美,未知,唐朝
9548,石敬威,未知,唐朝
9549,石敬晖,未知,唐朝
9550,石重英,未知,唐朝
9551,石重进,未知,唐朝
9552,石重胤,未知,唐朝
9553,石重信,未知,唐朝
9554,石重乂,未知,唐朝
9555,石重杲,未知,唐朝
9556,刘信,未知,唐朝
9557,刘承训,未知,唐朝
9558,刘承勋,未知,唐朝
9559,郭侗,未知,唐朝
9560,郭信,未知,唐朝
9561,柴宗谊,未知,唐朝
9562,柴宗让,未知,唐朝
9563,柴熙谨,未知,唐朝
9564,柴熙诲,未知,唐朝
9565,慕容彦超,未知,唐朝
9566,耶律德光,绿文,唐朝
9567,李适之,未知,唐朝
9568,焦遂,未知,唐朝
9569,李琎,未知,唐朝
9570,祖君彦,未知,唐朝
9571,高开道,未知,唐朝
9572,朱粲,未知,唐朝
9573,张善安,未知,唐朝
9574,刘季真,未知,唐朝
9575,赵文恪,未知,唐朝
9576,李思行,未知,唐朝
9577,李高迁,未知,唐朝
9578,姜宝谊,未知,唐朝
9579,许世绪,未知,唐朝
9580,刘师立,未知,唐朝
9581,刘义节,未知,唐朝
9582,钱九陇,未知,唐朝
9583,樊兴,未知,唐朝
9584,庞卿恽,未知,唐朝
9585,张长逊,未知,唐朝
9586,张平高,未知,唐朝
9587,李安远,未知,唐朝
9588,马三宝,未知,唐朝
9589,李孟尝,未知,唐朝
9590,元仲文,未知,唐朝
9591,秦行师,未知,唐朝
9592,张大素,未知,唐朝
9593,张大安,未知,唐朝
9594,唐次,未知,唐朝
9595,唐扶,未知,唐朝
9596,唐持,未知,唐朝
9597,唐彦谦,未知,唐朝
9598,刘崇龟,未知,唐朝
9599,刘崇望,未知,唐朝
9600,刘崇鲁,未知,唐朝
9601,许绍,未知,唐朝
9602,许智仁,未知,唐朝
9603,许圉师,未知,唐朝
9604,许钦寂,未知,唐朝
9605,许钦明,未知,唐朝
9606,程知节,未知,唐朝
9607,丘和,未知,唐朝
9608,丘行恭,未知,唐朝
9609,丘神绩,未知,唐朝
9610,温大雅,未知,唐朝
9611,温佶,未知,唐朝
9612,温造,未知,唐朝
9613,温璋,未知,唐朝
9614,温彦博,未知,唐朝
9615,温廷筠,未知,唐朝
9616,温廷皓,未知,唐朝
9617,温大有,未知,唐朝
9618,李袭志,未知,唐朝
9619,李袭誉,未知,唐朝
9620,姜抃,未知,唐朝
9621,姜行本,未知,唐朝
9622,姜皎,未知,唐朝
9623,姜庆初,未知,唐朝
9624,姜晦,未知,唐朝
9625,崔善为,未知,唐朝
9626,李嗣真,未知,唐朝
9627,阚棱,未知,唐朝
9628,王雄诞,未知,唐朝
9629,张士贵,未知,唐朝
9630,李子和,未知,唐朝
9631,苑君璋,未知,唐朝
9632,王君廓,未知,唐朝
9633,杨贵妃,未知,唐朝
9634,韦德妃,未知,唐朝
9635,李茂,未知,唐朝
9636,李巨,未知,唐朝
9637,李则之,未知,唐朝
9638,李璄,未知,唐朝
9639,李之芳,未知,唐朝
9640,李象古,未知,唐朝
9641,李道古,未知,唐朝
9642,朱玫,未知,唐朝
9643,李客师,未知,唐朝
9644,李令问,未知,唐朝
9645,李彦芳,未知,唐朝
9646,李敬业,未知,唐朝
9647,薛万均,未知,唐朝
9648,薛万彻,未知,唐朝
9649,薛万淑,未知,唐朝
9650,薛万备,未知,唐朝
9651,盛彦师,未知,唐朝
9652,卢祖尚,未知,唐朝
9653,刘世让,未知,唐朝
9654,李君羡,未知,唐朝
9655,高俭,未知,唐朝
9656,高履行,未知,唐朝
9657,高真行,未知,唐朝
9658,高重,未知,唐朝
9659,窦威,未知,唐朝
9660,窦轨,未知,唐朝
9661,窦琮,未知,唐朝
9662,窦静,未知,唐朝
9663,窦诞,未知,唐朝
9664,窦琎,未知,唐朝
9665,窦德玄,未知,唐朝
9666,房遗爱,未知,唐朝
9667,杜淹,未知,唐朝
9668,杜楚客,未知,唐朝
9669,杜元颖,未知,唐朝
9670,杜审权,未知,唐朝
9671,杜让能,未知,唐朝
9672,杜彦林,未知,唐朝
9673,杜弘徽,未知,唐朝
9674,魏谟,未知,唐朝
9675,王圭,未知,唐朝
9676,王旭,未知,唐朝
9677,薛收,未知,唐朝
9678,薛元超,未知,唐朝
9679,薛元敬,未知,唐朝
9680,薛伯阳,未知,唐朝
9681,马周,未知,唐朝
9682,马载,未知,唐朝
9683,韦挺,未知,唐朝
9684,韦待价,未知,唐朝
9685,韦武,未知,唐朝
9686,韦万石,未知,唐朝
9687,李安仁,未知,唐朝
9688,李安静,未知,唐朝
9689,李大亮,未知,唐朝
9690,李道裕,未知,唐朝
9691,李迥秀,未知,唐朝
9692,戴胄,未知,唐朝
9693,戴至德,未知,唐朝
9694,乐彦玮,未知,唐朝
9695,崔仁师,未知,唐朝
9696,崔湜,未知,唐朝
9697,崔论,未知,唐朝
9698,崔涤,未知,唐朝
9699,崔澄,未知,唐朝
9700,杨思训,未知,唐朝
9701,杨睿交,未知,唐朝
9702,杨执柔,未知,唐朝
9703,杨师道,未知,唐朝
9704,封伦,未知,唐朝
9705,郑善果,未知,唐朝
9706,郑元璹,未知,唐朝
9707,权万纪,未知,唐朝
9708,权怀恩,未知,唐朝
9709,阎知微,未知,唐朝
9710,阎用之,未知,唐朝
9711,蒋俨,未知,唐朝
9712,韦弘机,未知,唐朝
9713,韦岳子,未知,唐朝
9714,姜师度,未知,唐朝
9715,强循,未知,唐朝
9716,张知謇,未知,唐朝
9717,萧嗣业,未知,唐朝
9718,萧嵩,未知,唐朝
9719,萧复,未知,唐朝
9720,萧华,未知,唐朝
9721,萧俯,未知,唐朝
9722,萧杰,未知,唐朝
9723,萧俶,未知,唐朝
9724,萧仿,未知,唐朝
9725,萧廪,未知,唐朝
9726,萧遘,未知,唐朝
9727,萧蘧,未知,唐朝
9728,萧定,未知,唐朝
9729,岑文本,未知,唐朝
9730,岑长倩,未知,唐朝
9731,岑羲,未知,唐朝
9732,姚珽,未知,唐朝
9733,颜相时,未知,唐朝
9734,邓世隆,未知,唐朝
9735,顾胤,未知,唐朝
9736,李仁实,未知,唐朝
9737,马嘉运,未知,唐朝
9738,令狐峘,未知,唐朝
9739,苏世长,未知,唐朝
9740,苏良嗣,未知,唐朝
9741,苏弁,未知,唐朝
9742,韦云起,未知,唐朝
9743,韦方质,未知,唐朝
9744,孙伏伽,未知,唐朝
9745,张玄素,未知,唐朝
9746,于志宁,未知,唐朝
9747,于休烈,未知,唐朝
9748,于敖,未知,唐朝
9749,于琮,未知,唐朝
9750,庞严,未知,唐朝
9751,高季辅,未知,唐朝
9752,张行成,未知,唐朝
9753,张昌宗,未知,唐朝
9754,祖孝孙,未知,唐朝
9755,长孙敞,未知,唐朝
9756,长孙操,未知,唐朝
9757,长孙诠,未知,唐朝
9758,褚璆,未知,唐朝
9759,韩瑗,未知,唐朝
9760,来济,未知,唐朝
9761,来恒,未知,唐朝
9762,李义琰,未知,唐朝
9763,李巢,未知,唐朝
9764,李义琛,未知,唐朝
9765,杜正伦,未知,唐朝
9766,杜求仁,未知,唐朝
9767,杜咸,未知,唐朝
9768,崔知温,未知,唐朝
9769,崔知悌,未知,唐朝
9770,高智周,未知,唐朝
9771,郭正一,未知,唐朝
9772,赵弘智,未知,唐朝
9773,来章,未知,唐朝
9774,崔敦礼,未知,唐朝
9775,杨弘礼,未知,唐朝
9776,杨弘武,未知,唐朝
9777,杨元亨,未知,唐朝
9778,杨元禧,未知,唐朝
9779,卢承庆,未知,唐朝
9780,卢齐卿,未知,唐朝
9781,刘祥道,未知,唐朝
9782,刘齐贤,未知,唐朝
9783,刘从一,未知,唐朝
9784,李元素,未知,唐朝
9785,刘德威,未知,唐朝
9786,刘审礼,未知,唐朝
9787,刘延景,未知,唐朝
9788,刘易从,未知,唐朝
9789,刘升,未知,唐朝
9790,刘延嗣,未知,唐朝
9791,孙处约,未知,唐朝
9792,孙佺,未知,唐朝
9793,赵仁本,未知,唐朝
9794,邢文伟,未知,唐朝
9795,高子贡,未知,唐朝
9796,傅仁均,未知,唐朝
9797,傅弈,未知,唐朝
9798,吕才,未知,唐朝
9799,吕方毅,未知,唐朝
9800,王无竞,未知,唐朝
9801,赵元,未知,唐朝
9802,裴光庭,未知,唐朝
9803,裴稹,未知,唐朝
9804,裴倩,未知,唐朝
9805,裴均,未知,唐朝
9806,崔义玄,未知,唐朝
9807,崔神基,未知,唐朝
9808,崔神庆,未知,唐朝
9809,崔琳,未知,唐朝
9810,杨再思,未知,唐朝
9811,杨季昭,未知,唐朝
9812,窦怀贞,未知,唐朝
9813,窦兢,未知,唐朝
9814,宗楚客,未知,唐朝
9815,宗晋卿,未知,唐朝
9816,纪处讷,未知,唐朝
9817,祝钦明,未知,唐朝
9818,郭山恽,未知,唐朝
9819,王玙,未知,唐朝
9820,郭孝恪,未知,唐朝
9821,张延师,未知,唐朝
9822,王方翼,未知,唐朝
9823,薛讷,未知,唐朝
9824,薛嵩,未知,唐朝
9825,薛平,未知,唐朝
9826,薛从,未知,唐朝
9827,薛雄,未知,唐朝
9828,程务挺,未知,唐朝
9829,赵道兴,未知,唐朝
9830,王孝杰,未知,唐朝
9831,唐休璟,未知,唐朝
9832,张敬忠,未知,唐朝
9833,王晙,未知,唐朝
9834,王义方,未知,唐朝
9835,员半千,未知,唐朝
9836,石抱忠,未知,唐朝
9837,韩思彦,未知,唐朝
9838,韩琬,未知,唐朝
9839,苏安恒,未知,唐朝
9840,薛登,未知,唐朝
9841,王求礼,未知,唐朝
9842,柳亨,未知,唐朝
9843,柳范,未知,唐朝
9844,柳奭,未知,唐朝
9845,柳涣,未知,唐朝
9846,柳泽,未知,唐朝
9847,冯元常,未知,唐朝
9848,冯元淑,未知,唐朝
9849,蒋钦绪,未知,唐朝
9850,蒋沇,未知,唐朝
9851,蒋清,未知,唐朝
9852,唐绍,未知,唐朝
9853,唐皎,未知,唐朝
9854,张文瓘,未知,唐朝
9855,张文琮,未知,唐朝
9856,张锡,未知,唐朝
9857,张文收,未知,唐朝
9858,徐有功,未知,唐朝
9859,徐彦若,未知,唐朝
9860,崔融,未知,唐朝
9861,崔从,未知,唐朝
9862,崔能,未知,唐朝
9863,崔彦曾,未知,唐朝
9864,崔慎由,未知,唐朝
9865,崔安潜,未知,唐朝
9866,张光辅,未知,唐朝
9867,史务滋,未知,唐朝
9868,崔元综,未知,唐朝
9869,周允元,未知,唐朝
9870,狄光嗣,未知,唐朝
9871,狄兼谟,未知,唐朝
9872,王方庆,未知,唐朝
9873,郝处俊,未知,唐朝
9874,郝象贤,未知,唐朝
9875,朱敬则,未知,唐朝
9876,朱仁轨,未知,唐朝
9877,王綝,未知,唐朝
9878,王俌,未知,唐朝
9879,王遂,未知,唐朝
9880,王抟,未知,唐朝
9881,韦思谦,未知,唐朝
9882,韦承庆,未知,唐朝
9883,韦嗣立,未知,唐朝
9884,韦恒,未知,唐朝
9885,韦济,未知,唐朝
9886,韦弘景,未知,唐朝
9887,陆元方,未知,唐朝
9888,陆象先,未知,唐朝
9889,陆景倩,未知,唐朝
9890,陆景融,未知,唐朝
9891,陆希声,未知,唐朝
9892,陆余庆,未知,唐朝
9893,陆璪,未知,唐朝
9894,王及善,未知,唐朝
9895,李日知,未知,唐朝
9896,杜景佺,未知,唐朝
9897,李怀远,未知,唐朝
9898,李景伯,未知,唐朝
9899,李彭年,未知,唐朝
9900,裴炎,未知,唐朝
9901,裴伷先,未知,唐朝
9902,刘祎之,未知,唐朝
9903,郭翰,未知,唐朝
9904,魏玄同,未知,唐朝
9905,魏恬,未知,唐朝
9906,李昭德,未知,唐朝
9907,吉顼,未知,唐朝
9908,张廷圭,未知,唐朝
9909,韦凑,未知,唐朝
9910,韦见素,未知,唐朝
9911,韦谔,未知,唐朝
9912,韦顗,未知,唐朝
9913,韦知人,未知,唐朝
9914,韦维,未知,唐朝
9915,韦虚心,未知,唐朝
9916,韦虚舟,未知,唐朝
9917,韦绳,未知,唐朝
9918,韩思复,未知,唐朝
9919,韩朝宗,未知,唐朝
9920,韩佽,未知,唐朝
9921,宋务光,未知,唐朝
9922,辛替否,未知,唐朝
9923,裴潾,未知,唐朝
9924,张皋,未知,唐朝
9925,李中敏,未知,唐朝
9926,李款,未知,唐朝
9927,李甘,未知,唐朝
9928,武平一,未知,唐朝
9929,李乂,未知,唐朝
9930,贾曾,未知,唐朝
9931,白敏中,未知,唐朝
9932,薛季昶,未知,唐朝
9933,杨元琰,未知,唐朝
9934,杨仲昌,未知,唐朝
9935,敬晖,未知,唐朝
9936,崔涣,未知,唐朝
9937,崔纵,未知,唐朝
9938,崔碣,未知,唐朝
9939,袁高,未知,唐朝
9940,刘幽求,未知,唐朝
9941,钟绍京,未知,唐朝
9942,崔日用,未知,唐朝
9943,崔日知,未知,唐朝
9944,张暐,未知,唐朝
9945,王毛仲,未知,唐朝
9946,李守德,未知,唐朝
9947,魏元忠,未知,唐朝
9948,韦安石,未知,唐朝
9949,韦陟,未知,唐朝
9950,韦斌,未知,唐朝
9951,韦抗,未知,唐朝
9952,韦叔夏,未知,唐朝
9953,韦绦,未知,唐朝
9954,萧至忠,未知,唐朝
9955,韦巨源,未知,唐朝
9956,赵彦昭,未知,唐朝
9957,和逢尧,未知,唐朝
9958,姚弈,未知,唐朝
9959,姚合,未知,唐朝
9960,姚勖,未知,唐朝
9961,宋浑,未知,唐朝
9962,苏瑰,未知,唐朝
9963,苏颋,未知,唐朝
9964,苏诜,未知,唐朝
9965,苏震,未知,唐朝
9966,苏干,未知,唐朝
9967,张均,未知,唐朝
9968,张垍,未知,唐朝
9969,陈希烈,未知,唐朝
9970,魏知古,未知,唐朝
9971,卢怀慎,未知,唐朝
9972,卢奂,未知,唐朝
9973,李元纮,未知,唐朝
9974,杜暹,未知,唐朝
9975,杜鸿渐,未知,唐朝
9976,张拯,未知,唐朝
9977,张仲方,未知,唐朝
9978,韩休,未知,唐朝
9979,韩皋,未知,唐朝
9980,韩洄,未知,唐朝
9981,李季卿,未知,唐朝
9982,张延赏,未知,唐朝
9983,张弘靖,未知,唐朝
9984,张文规,未知,唐朝
9985,张次宗,未知,唐朝
9986,张嘉佑,未知,唐朝
9987,源干曜,未知,唐朝
9988,源光裕,未知,唐朝
9989,源洧,未知,唐朝
9990,裴佶,未知,唐朝
9991,苏珦,未知,唐朝
9992,尹思贞,未知,唐朝
9993,毕构,未知,唐朝
9994,李杰,未知,唐朝
9995,郑惟忠,未知,唐朝
9996,王志愔,未知,唐朝
9997,许景先,未知,唐朝
9998,潘好礼,未知,唐朝
9999,倪若水,未知,唐朝
10000,席豫,未知,唐朝
10001,齐抗,未知,唐朝
10002,裴守真,未知,唐朝
10003,裴子余,未知,唐朝
10004,裴行立,未知,唐朝
10005,崔沔,未知,唐朝
10006,卢从愿,未知,唐朝
10007,李朝隐,未知,唐朝
10008,王丘,未知,唐朝
10009,严挺之,未知,唐朝
10010,严澈,未知,唐朝
10011,裴漼,未知,唐朝
10012,裴谞,未知,唐朝
10013,裴胄,未知,唐朝
10014,阳峤,未知,唐朝
10015,宋庆礼,未知,唐朝
10016,杨玚,未知,唐朝
10017,崔隐甫,未知,唐朝
10018,李尚隐,未知,唐朝
10019,解琬,未知,唐朝
10020,马怀素,未知,唐朝
10021,褚无量,未知,唐朝
10022,刘子玄,未知,唐朝
10023,刘贶,未知,唐朝
10024,刘滋,未知,唐朝
10025,刘浃,未知,唐朝
10026,刘敦儒,未知,唐朝
10027,刘餗,未知,唐朝
10028,刘迥,未知,唐朝
10029,刘秩,未知,唐朝
10030,刘迅,未知,唐朝
10031,元行冲,未知,唐朝
10032,吴兢,未知,唐朝
10033,蒋乂,未知,唐朝
10034,蒋系,未知,唐朝
10035,蒋曙,未知,唐朝
10036,蒋伸,未知,唐朝
10037,蒋偕,未知,唐朝
10038,柳芳,未知,唐朝
10039,柳登,未知,唐朝
10040,柳璟,未知,唐朝
10041,柳冕,未知,唐朝
10042,沈既济,未知,唐朝
10043,沈传师,未知,唐朝
10044,沈询,未知,唐朝
10045,郭虔瓘,未知,唐朝
10046,郭知运,未知,唐朝
10047,郭英杰,未知,唐朝
10048,郭英乂,未知,唐朝
10049,贾师顺,未知,唐朝
10050,张守圭,未知,唐朝
10051,张献诚,未知,唐朝
10052,张献恭,未知,唐朝
10053,张煦,未知,唐朝
10054,张献甫,未知,唐朝
10055,王忠嗣,未知,唐朝
10056,牛仙客,未知,唐朝
10057,宇文融,未知,唐朝
10058,韦坚,未知,唐朝
10059,杨慎矜,未知,唐朝
10060,王鉷,未知,唐朝
10061,王准,未知,唐朝
10062,卢铉,未知,唐朝
10063,哥舒曜,未知,唐朝
10064,李汇,未知,唐朝
10065,李光进,未知,唐朝
10066,郝廷玉,未知,唐朝
10067,李国臣,未知,唐朝
10068,白孝德,未知,唐朝
10069,张伯仪,未知,唐朝
10070,白元光,未知,唐朝
10071,陈利贞,未知,唐朝
10072,侯仲庄,未知,唐朝
10073,柏良器,未知,唐朝
10074,乌承玼,未知,唐朝
10075,郭曜,未知,唐朝
10076,郭晞,未知,唐朝
10077,郭承嘏,未知,唐朝
10078,郭暧,未知,唐朝
10079,郭钊,未知,唐朝
10080,郭鏦,未知,唐朝
10081,郭铦,未知,唐朝
10082,郭曙,未知,唐朝
10083,郭幼明,未知,唐朝
10084,郭昕,未知,唐朝
10085,梁崇义,未知,唐朝
10086,李怀光,未知,唐朝
10087,马璘,未知,唐朝
10088,李抱玉,未知,唐朝
10089,李缄,未知,唐朝
10090,路嗣恭,未知,唐朝
10091,路应,未知,唐朝
10092,路恕,未知,唐朝
10093,房管,未知,唐朝
10094,房孺复,未知,唐朝
10095,房启,未知,唐朝
10096,房式,未知,唐朝
10097,张镐,未知,唐朝
10098,王屿,未知,唐朝
10099,李国祯,未知,唐朝
10100,李泌,未知,唐朝
10101,李繁,未知,唐朝
10102,崔圆,未知,唐朝
10103,苗晋卿,未知,唐朝
10104,苗粲,未知,唐朝
10105,裴冕,未知,唐朝
10106,裴遵庆,未知,唐朝
10107,裴向,未知,唐朝
10108,裴寅,未知,唐朝
10109,裴枢,未知,唐朝
10110,吕諲,未知,唐朝
10111,崔光远,未知,唐朝
10112,邓景山,未知,唐朝
10113,崔器,未知,唐朝
10114,赵国珍,未知,唐朝
10115,崔瓘,未知,唐朝
10116,敬括,未知,唐朝
10117,韦元甫,未知,唐朝
10118,魏少游,未知,唐朝
10119,卫伯玉,未知,唐朝
10120,李承,未知,唐朝
10121,李澄,未知,唐朝
10122,韩全义,未知,唐朝
10123,卢从史,未知,唐朝
10124,高霞寓,未知,唐朝
10125,李麟,未知,唐朝
10126,杨绾,未知,唐朝
10127,崔佑甫,未知,唐朝
10128,崔植,未知,唐朝
10129,崔倰,未知,唐朝
10130,柳浑,未知,唐朝
10131,柳识,未知,唐朝
10132,韦处厚,未知,唐朝
10133,路隋,未知,唐朝
10134,畅璀,未知,唐朝
10135,李齐物,未知,唐朝
10136,李复,未知,唐朝
10137,李若水,未知,唐朝
10138,李国贞,未知,唐朝
10139,李岘,未知,唐朝
10140,韦伦,未知,唐朝
10141,薛珏,未知,唐朝
10142,薛存庆,未知,唐朝
10143,崔汉衡,未知,唐朝
10144,王翃,未知,唐朝
10145,王正雅,未知,唐朝
10146,王凝,未知,唐朝
10147,徐申,未知,唐朝
10148,郗士美,未知,唐朝
10149,辛秘,未知,唐朝
10150,来瑱,未知,唐朝
10151,裴茙,未知,唐朝
10152,周智光,未知,唐朝
10153,侯希逸,未知,唐朝
10154,崔宁,未知,唐朝
10155,崔蠡,未知,唐朝
10156,崔荛,未知,唐朝
10157,崔黯,未知,唐朝
10158,严砺,未知,唐朝
10159,卓英璘,未知,唐朝
10160,王昂,未知,唐朝
10161,李少良,未知,唐朝
10162,郇谟,未知,唐朝
10163,王缙,未知,唐朝
10164,黎干,未知,唐朝
10165,庾准,未知,唐朝
10166,严郢,未知,唐朝
10167,窦申,未知,唐朝
10168,吴通玄,未知,唐朝
10169,李栖筠,未知,唐朝
10170,李德修,未知,唐朝
10171,李墉,未知,唐朝
10172,李磎,未知,唐朝
10173,王思礼,未知,唐朝
10174,鲁炅,未知,唐朝
10175,王难得,未知,唐朝
10176,王用,未知,唐朝
10177,辛云京,未知,唐朝
10178,辛京杲,未知,唐朝
10179,辛旻,未知,唐朝
10180,冯河清,未知,唐朝
10181,姚况,未知,唐朝
10182,李芃,未知,唐朝
10183,李叔明,未知,唐朝
10184,曲环,未知,唐朝
10185,王虔休,未知,唐朝
10186,卢群,未知,唐朝
10187,卢士玫,未知,唐朝
10188,薛崿,未知,唐朝
10189,令狐彰,未知,唐朝
10190,令狐建,未知,唐朝
10191,令狐通,未知,唐朝
10192,令狐运,未知,唐朝
10193,田神功,未知,唐朝
10194,田神玉,未知,唐朝
10195,李正己,未知,唐朝
10196,李师古,未知,唐朝
10197,李师道,未知,唐朝
10198,李洧,未知,唐朝
10199,田承嗣,未知,唐朝
10200,田绪,未知,唐朝
10201,田季安,未知,唐朝
10202,张孝忠,未知,唐朝
10203,张茂宗,未知,唐朝
10204,张茂和,未知,唐朝
10205,张茂昭,未知,唐朝
10206,张克勤,未知,唐朝
10207,李惟岳,未知,唐朝
10208,李惟诚,未知,唐朝
10209,李惟简,未知,唐朝
10210,李元本,未知,唐朝
10211,王士真,未知,唐朝
10212,王承宗,未知,唐朝
10213,王承元,未知,唐朝
10214,王士清,未知,唐朝
10215,王士平,未知,唐朝
10216,王士则,未知,唐朝
10217,王廷凑,未知,唐朝
10218,王元逵,未知,唐朝
10219,王绍鼎,未知,唐朝
10220,刘怦,未知,唐朝
10221,刘济,未知,唐朝
10222,刘总,未知,唐朝
10223,刘澭,未知,唐朝
10224,程日华,未知,唐朝
10225,程怀直,未知,唐朝
10226,程权,未知,唐朝
10227,李全略,未知,唐朝
10228,李同捷,未知,唐朝
10229,裴夷直,未知,唐朝
10230,陈楚,未知,唐朝
10231,康日知,未知,唐朝
10232,康志睦,未知,唐朝
10233,康承训,未知,唐朝
10234,田廷玠,未知,唐朝
10235,田弘正,未知,唐朝
10236,田布,未知,唐朝
10237,田群,未知,唐朝
10238,田牟,未知,唐朝
10239,牛元翼,未知,唐朝
10240,傅良弼,未知,唐朝
10241,李寰,未知,唐朝
10242,刘晏,未知,唐朝
10243,刘暹,未知,唐朝
10244,刘潼,未知,唐朝
10245,于颀,未知,唐朝
10246,第五琦,未知,唐朝
10247,班宏,未知,唐朝
10248,王绍,未知,唐朝
10249,李巽,未知,唐朝
10250,李揆,未知,唐朝
10251,常衮,未知,唐朝
10252,赵憬,未知,唐朝
10253,崔造,未知,唐朝
10254,齐映,未知,唐朝
10255,卢迈,未知,唐朝
10256,关播,未知,唐朝
10257,刘玄佐,未知,唐朝
10258,刘士宁,未知,唐朝
10259,刘士干,未知,唐朝
10260,李万荣,未知,唐朝
10261,董晋,未知,唐朝
10262,董溪,未知,唐朝
10263,陆长源,未知,唐朝
10264,刘全谅,未知,唐朝
10265,李忠臣,未知,唐朝
10266,吴少诚,未知,唐朝
10267,吴少阳,未知,唐朝
10268,袁滋,未知,唐朝
10269,赵宗儒,未知,唐朝
10270,窦易直,未知,唐朝
10271,张镒,未知,唐朝
10272,李涵,未知,唐朝
10273,陈少游,未知,唐朝
10274,姚令言,未知,唐朝
10275,张光晟,未知,唐朝
10276,源休,未知,唐朝
10277,乔琳,未知,唐朝
10278,张涉,未知,唐朝
10279,蒋镇,未知,唐朝
10280,洪经纶,未知,唐朝
10281,彭偃,未知,唐朝
10282,姜公辅,未知,唐朝
10283,武儒衡,未知,唐朝
10284,李绛,未知,唐朝
10285,李璋,未知,唐朝
10286,宋申锡,未知,唐朝
10287,段秀实,未知,唐朝
10288,段伯伦,未知,唐朝
10289,段嶷,未知,唐朝
10290,段文楚,未知,唐朝
10291,段珂,未知,唐朝
10292,刘海宾,未知,唐朝
10293,李愿,未知,唐朝
10294,李听,未知,唐朝
10295,李琢,未知,唐朝
10296,王佖,未知,唐朝
10297,马燧,未知,唐朝
10298,马畅,未知,唐朝
10299,马炫,未知,唐朝
10300,浑瑊,未知,唐朝
10301,浑镐,未知,唐朝
10302,浑鐬,未知,唐朝
10303,杨朝晟,未知,唐朝
10304,尚可孤,未知,唐朝
10305,戴休颜,未知,唐朝
10306,阳惠元,未知,唐朝
10307,阳旻,未知,唐朝
10308,李元谅,未知,唐朝
10309,韩游瑰,未知,唐朝
10310,贾隐林,未知,唐朝
10311,杜希全,未知,唐朝
10312,尉迟胜,未知,唐朝
10313,邢君牙,未知,唐朝
10314,张敬则,未知,唐朝
10315,贾耽,未知,唐朝
10316,韦皋,未知,唐朝
10317,韦聿,未知,唐朝
10318,韦正贯,未知,唐朝
10319,张建封,未知,唐朝
10320,张愔,未知,唐朝
10321,严震,未知,唐朝
10322,严撰,未知,唐朝
10323,韩弘,未知,唐朝
10324,韩公武,未知,唐朝
10325,韩充,未知,唐朝
10326,李质,未知,唐朝
10327,鲍防,未知,唐朝
10328,李自良,未知,唐朝
10329,李说,未知,唐朝
10330,萧昕,未知,唐朝
10331,薛播,未知,唐朝
10332,薛公达,未知,唐朝
10333,樊泽,未知,唐朝
10334,樊宗师,未知,唐朝
10335,杜亚,未知,唐朝
10336,王纬,未知,唐朝
10337,吴凑,未知,唐朝
10338,吴士矩,未知,唐朝
10339,郑权,未知,唐朝
10340,陆亘,未知,唐朝
10341,卢坦,未知,唐朝
10342,阎济美,未知,唐朝
10343,柳晟,未知,唐朝
10344,崔戎,未知,唐朝
10345,崔雍,未知,唐朝
10346,刘太真,未知,唐朝
10347,邵说,未知,唐朝
10348,于邵,未知,唐朝
10349,崔元翰,未知,唐朝
10350,于公异,未知,唐朝
10351,吕渭,未知,唐朝
10352,吕温,未知,唐朝
10353,吕恭,未知,唐朝
10354,吕俭,未知,唐朝
10355,吕让,未知,唐朝
10356,孟简,未知,唐朝
10357,刘乃,未知,唐朝
10358,刘伯刍,未知,唐朝
10359,刘宽夫,未知,唐朝
10360,刘端夫,未知,唐朝
10361,刘允章,未知,唐朝
10362,李若初,未知,唐朝
10363,卢征,未知,唐朝
10364,郑元,未知,唐朝
10365,杜兼,未知,唐朝
10366,裴玢,未知,唐朝
10367,薛伾,未知,唐朝
10368,杨凭,未知,唐朝
10369,杨凝,未知,唐朝
10370,杨敬之,未知,唐朝
10371,徐晦,未知,唐朝
10372,潘孟阳,未知,唐朝
10373,崔元略,未知,唐朝
10374,崔铉,未知,唐朝
10375,崔沆,未知,唐朝
10376,崔元受,未知,唐朝
10377,崔元式,未知,唐朝
10378,崔元儒,未知,唐朝
10379,张荐,未知,唐朝
10380,张读,未知,唐朝
10381,赵涓,未知,唐朝
10382,赵博宣,未知,唐朝
10383,李纾,未知,唐朝
10384,郑云逵,未知,唐朝
10385,徐岱,未知,唐朝
10386,王仲舒,未知,唐朝
10387,庾敬休,未知,唐朝
10388,姚南仲,未知,唐朝
10389,李程,未知,唐朝
10390,韦温,未知,唐朝
10391,萧佑,未知,唐朝
10392,独孤及,未知,唐朝
10393,独孤朗,未知,唐朝
10394,独孤郁,未知,唐朝
10395,独孤庠,未知,唐朝
10396,顾少连,未知,唐朝
10397,韦夏卿,未知,唐朝
10398,韦瓘,未知,唐朝
10399,段平仲,未知,唐朝
10400,吕元膺,未知,唐朝
10401,许孟容,未知,唐朝
10402,许季同,未知,唐朝
10403,薛廷老,未知,唐朝
10404,薛保逊,未知,唐朝
10405,薛昭纬,未知,唐朝
10406,李逊,未知,唐朝
10407,李方玄,未知,唐朝
10408,李建,未知,唐朝
10409,李讷,未知,唐朝
10410,孔巢父,未知,唐朝
10411,孔戣,未知,唐朝
10412,孔纬,未知,唐朝
10413,孔戡,未知,唐朝
10414,孔戢,未知,唐朝
10415,孔温业,未知,唐朝
10416,穆宁,未知,唐朝
10417,穆赞,未知,唐朝
10418,穆质,未知,唐朝
10419,穆员,未知,唐朝
10420,崔邠,未知,唐朝
10421,崔郾,未知,唐朝
10422,崔鄯,未知,唐朝
10423,崔郸,未知,唐朝
10424,柳子华,未知,唐朝
10425,柳公绰,未知,唐朝
10426,柳仲郢,未知,唐朝
10427,柳璞,未知,唐朝
10428,柳圭,未知,唐朝
10429,柳璧,未知,唐朝
10430,柳玭,未知,唐朝
10431,柳公度,未知,唐朝
10432,柳公器,未知,唐朝
10433,杨于陵,未知,唐朝
10434,杨景复,未知,唐朝
10435,杨嗣复,未知,唐朝
10436,杨绍复,未知,唐朝
10437,杨师复,未知,唐朝
10438,马摠,未知,唐朝
10439,归崇敬,未知,唐朝
10440,归登,未知,唐朝
10441,归融,未知,唐朝
10442,奚陟,未知,唐朝
10443,崔衍,未知,唐朝
10444,卢景亮,未知,唐朝
10445,王源中,未知,唐朝
10446,薛苹,未知,唐朝
10447,薛膺,未知,唐朝
10448,卫次公,未知,唐朝
10449,卫洙,未知,唐朝
10450,薛戎,未知,唐朝
10451,薛放,未知,唐朝
10452,张正甫,未知,唐朝
10453,张毅夫,未知,唐朝
10454,胡证,未知,唐朝
10455,丁公着,未知,唐朝
10456,崔弘礼,未知,唐朝
10457,崔玄亮,未知,唐朝
10458,殷侑,未知,唐朝
10459,殷盈孙,未知,唐朝
10460,王彦威,未知,唐朝
10461,郑余庆,未知,唐朝
10462,郑浣,未知,唐朝
10463,郑允谟,未知,唐朝
10464,郑茂谌,未知,唐朝
10465,郑处诲,未知,唐朝
10466,郑从谠,未知,唐朝
10467,郑珣瑜,未知,唐朝
10468,郑覃,未知,唐朝
10469,郑裔绰,未知,唐朝
10470,郑朗,未知,唐朝
10471,杜黄裳,未知,唐朝
10472,高郢,未知,唐朝
10473,郑絪,未知,唐朝
10474,郑秪德,未知,唐朝
10475,郑颢,未知,唐朝
10476,权璩,未知,唐朝
10477,崔群,未知,唐朝
10478,路泌,未知,唐朝
10479,路随,未知,唐朝
10480,杜式方,未知,唐朝
10481,杜悰,未知,唐朝
10482,杜孺休,未知,唐朝
10483,杜慆,未知,唐朝
10484,杜顗,未知,唐朝
10485,李汉,未知,唐朝
10486,令狐绪,未知,唐朝
10487,令狐滈,未知,唐朝
10488,令狐涣,未知,唐朝
10489,令狐定,未知,唐朝
10490,卢杞,未知,唐朝
10491,卢元辅,未知,唐朝
10492,白志贞,未知,唐朝
10493,崔损,未知,唐朝
10494,韦渠牟,未知,唐朝
10495,李齐运,未知,唐朝
10496,皇甫镈,未知,唐朝
10497,皇甫镛,未知,唐朝
10498,王播,未知,唐朝
10499,王炎,未知,唐朝
10500,王镣,未知,唐朝
10501,王起,未知,唐朝
10502,王龟,未知,唐朝
10503,王荛,未知,唐朝
10504,韦执宜,未知,唐朝
10505,王伾,未知,唐朝
10506,韩厨,未知,唐朝
10507,陈谏,未知,唐朝
10508,凌准,未知,唐朝
10509,韩泰,未知,唐朝
10510,陆质,未知,唐朝
10511,宇文籍,未知,唐朝
10512,韦辞,未知,唐朝
10513,程异,未知,唐朝
10514,杜胜,未知,唐朝
10515,裴垍,未知,唐朝
10516,李藩,未知,唐朝
10517,韦贯之,未知,唐朝
10518,韦澳,未知,唐朝
10519,韦绶,未知,唐朝
10520,韦纁,未知,唐朝
10521,萧祜,未知,唐朝
10522,高崇文,未知,唐朝
10523,高承简,未知,唐朝
10524,伊慎,未知,唐朝
10525,朱忠亮,未知,唐朝
10526,刘昌裔,未知,唐朝
10527,范希朝,未知,唐朝
10528,王锷,未知,唐朝
10529,王稷,未知,唐朝
10530,阎巨源,未知,唐朝
10531,孟元阳,未知,唐朝
10532,王栖曜,未知,唐朝
10533,刘昌,未知,唐朝
10534,刘士泾,未知,唐朝
10535,赵昌,未知,唐朝
10536,李景略,未知,唐朝
10537,任迪简,未知,唐朝
10538,张万福,未知,唐朝
10539,高固,未知,唐朝
10540,郝玼,未知,唐朝
10541,段佐,未知,唐朝
10542,史敬奉,未知,唐朝
10543,李光颜,未知,唐朝
10544,乌重胤,未知,唐朝
10545,石洪,未知,唐朝
10546,李珙,未知,唐朝
10547,王沛,未知,唐朝
10548,王逢,未知,唐朝
10549,董重质,未知,唐朝
10550,杨元卿,未知,唐朝
10551,杨延宗,未知,唐朝
10552,曹华,未知,唐朝
10553,高瑀,未知,唐朝
10554,刘悟,未知,唐朝
10555,刘从谏,未知,唐朝
10556,刘稹,未知,唐朝
10557,刘沔,未知,唐朝
10558,石雄,未知,唐朝
10559,李翛,未知,唐朝
10560,于頔,未知,唐朝
10561,于季友,未知,唐朝
10562,王智兴,未知,唐朝
10563,王晏平,未知,唐朝
10564,王晏宰,未知,唐朝
10565,杜羔,未知,唐朝
10566,杜中立,未知,唐朝
10567,范传正,未知,唐朝
10568,裴识,未知,唐朝
10569,裴撰,未知,唐朝
10570,裴让,未知,唐朝
10571,裴谂,未知,唐朝
10572,李逢吉,未知,唐朝
10573,牛僧儒,未知,唐朝
10574,牛蔚,未知,唐朝
10575,牛徽,未知,唐朝
10576,牛丛,未知,唐朝
10577,杨授,未知,唐朝
10578,杨煚,未知,唐朝
10579,杨损,未知,唐朝
10580,杨技,未知,唐朝
10581,杨拭,未知,唐朝
10582,杨撝,未知,唐朝
10583,窦常,未知,唐朝
10584,窦庠,未知,唐朝
10585,窦巩,未知,唐朝
10586,刘栖楚,未知,唐朝
10587,张又新,未知,唐朝
10588,杨虞卿,未知,唐朝
10589,杨汉公,未知,唐朝
10590,杨汝士,未知,唐朝
10591,张宿,未知,唐朝
10592,熊望,未知,唐朝
10593,柏耆,未知,唐朝
10594,唐衢,未知,唐朝
10595,刘乂,未知,唐朝
10596,钱徽,未知,唐朝
10597,钱可复,未知,唐朝
10598,崔咸,未知,唐朝
10599,韦表微,未知,唐朝
10600,高釴,未知,唐朝
10601,高铢,未知,唐朝
10602,高锴,未知,唐朝
10603,高湘,未知,唐朝
10604,冯宿,未知,唐朝
10605,冯定,未知,唐朝
10606,冯审,未知,唐朝
10607,李虞仲,未知,唐朝
10608,卢简辞,未知,唐朝
10609,卢简能,未知,唐朝
10610,卢知猷,未知,唐朝
10611,卢弘正,未知,唐朝
10612,卢简求,未知,唐朝
10613,卢嗣业,未知,唐朝
10614,高少逸,未知,唐朝
10615,高元裕,未知,唐朝
10616,高璩,未知,唐朝
10617,封敖,未知,唐朝
10618,郑熏,未知,唐朝
10619,敬晦,未知,唐朝
10620,韦博,未知,唐朝
10621,李景让,未知,唐朝
10622,李景温,未知,唐朝
10623,王涯,未知,唐朝
10624,贾餗,未知,唐朝
10625,舒元舆,未知,唐朝
10626,王璠,未知,唐朝
10627,郭行余,未知,唐朝
10628,韩约,未知,唐朝
10629,罗立言,未知,唐朝
10630,李孝本,未知,唐朝
10631,顾师邕,未知,唐朝
10632,李贞素,未知,唐朝
10633,李烨,未知,唐朝
10634,李延吉,未知,唐朝
10635,崔嘏,未知,唐朝
10636,丁柔立,未知,唐朝
10637,陈夷行,未知,唐朝
10638,李让夷,未知,唐朝
10639,曹确,未知,唐朝
10640,刘助,未知,唐朝
10641,吴汝纳,未知,唐朝
10642,李回,未知,唐朝
10643,李固言,未知,唐朝
10644,李珏,未知,唐朝
10645,崔珙,未知,唐朝
10646,崔涓,未知,唐朝
10647,崔管,未知,唐朝
10648,崔璪,未知,唐朝
10649,崔玙,未知,唐朝
10650,崔澹,未知,唐朝
10651,崔远,未知,唐朝
10652,崔球,未知,唐朝
10653,萧邺,未知,唐朝
10654,郑肃,未知,唐朝
10655,郑洎,未知,唐朝
10656,郑仁表,未知,唐朝
10657,卢商,未知,唐朝
10658,卢钧,未知,唐朝
10659,卢简方,未知,唐朝
10660,韦琮,未知,唐朝
10661,周墀,未知,唐朝
10662,裴休,未知,唐朝
10663,刘瑑,未知,唐朝
10664,夏侯孜,未知,唐朝
10665,赵隐,未知,唐朝
10666,裴坦,未知,唐朝
10667,裴贽,未知,唐朝
10668,郑延昌,未知,唐朝
10669,卢光启,未知,唐朝
10670,韦贻范,未知,唐朝
10671,毕諴,未知,唐朝
10672,崔彦昭,未知,唐朝
10673,刘邺,未知,唐朝
10674,豆卢瑑,未知,唐朝
10675,赵光裔,未知,唐朝
10676,赵光胤,未知,唐朝
10677,赵骘,未知,唐朝
10678,张裼,未知,唐朝
10679,张济美,未知,唐朝
10680,张贻宪,未知,唐朝
10681,陆扆,未知,唐朝
10682,郑綮,未知,唐朝
10683,朱朴,未知,唐朝
10684,孙偓,未知,唐朝
10685,韩偓,未知,唐朝
10686,韩仪,未知,唐朝
10687,马植,未知,唐朝
10688,杨收,未知,唐朝
10689,杨鉅,未知,唐朝
10690,杨鏻,未知,唐朝
10691,杨发,未知,唐朝
10692,杨假,未知,唐朝
10693,杨严,未知,唐朝
10694,杨注,未知,唐朝
10695,路岩,未知,唐朝
10696,韦保衡,未知,唐朝
10697,庐携,未知,唐朝
10698,王徽,未知,唐朝
10699,韦昭度,未知,唐朝
10700,崔昭纬,未知,唐朝
10701,刘崇谟,未知,唐朝
10702,周宝,未知,唐朝
10703,王处存,未知,唐朝
10704,王郜,未知,唐朝
10705,邓处讷,未知,唐朝
10706,陈儒,未知,唐朝
10707,刘巨容,未知,唐朝
10708,赵德諲,未知,唐朝
10709,杨守亮,未知,唐朝
10710,杨晟,未知,唐朝
10711,顾彦朗,未知,唐朝
10712,顾彦晖,未知,唐朝
10713,朱克融,未知,唐朝
10714,李载义,未知,唐朝
10715,杨志诚,未知,唐朝
10716,张仲武,未知,唐朝
10717,张直方,未知,唐朝
10718,张允伸,未知,唐朝
10719,张公素,未知,唐朝
10720,李全忠,未知,唐朝
10721,李匡威,未知,唐朝
10722,李匡筹,未知,唐朝
10723,史宪诚,未知,唐朝
10724,史孝章,未知,唐朝
10725,史宪忠,未知,唐朝
10726,何进滔,未知,唐朝
10727,何弘敬,未知,唐朝
10728,韩允忠,未知,唐朝
10729,韩简,未知,唐朝
10730,乐彦祯,未知,唐朝
10731,乐从训,未知,唐朝
10732,罗弘信,未知,唐朝
10733,罗威,未知,唐朝
10734,王重荣,未知,唐朝
10735,王珙,未知,唐朝
10736,诸葛爽,未知,唐朝
10737,秦彦,未知,唐朝
10738,王敬武,未知,唐朝
10739,孟迁,未知,唐朝
10740,高仁厚,未知,唐朝
10741,赵珝,未知,唐朝
10742,刘建锋,未知,唐朝
10743,刘汉宏,未知,唐朝
10744,审邽,未知,唐朝
10745,刘知谦,未知,唐朝
10746,史大柰,未知,唐朝
10747,冯盎,未知,唐朝
10748,冯智戴,未知,唐朝
10749,冯子猷,未知,唐朝
10750,契苾明,未知,唐朝
10751,泉男生,未知,唐朝
10752,泉献诚,未知,唐朝
10753,李多祚,未知,唐朝
10754,论弓仁,未知,唐朝
10755,论惟贞,未知,唐朝
10756,李勉,未知,唐朝
10757,李夷简,未知,唐朝
10758,李廓,未知,唐朝
10759,李石,未知,唐朝
10760,夏侯端,未知,唐朝
10761,刘感,未知,唐朝
10762,常达,未知,唐朝
10763,敬君弘,未知,唐朝
10764,冯立,未知,唐朝
10765,谢叔方,未知,唐朝
10766,成三郎,未知,唐朝
10767,尹元贞,未知,唐朝
10768,俞文俊,未知,唐朝
10769,燕钦融,未知,唐朝
10770,吕子臧,未知,唐朝
10771,马元规,未知,唐朝
10772,王行敏,未知,唐朝
10773,卢士睿,未知,唐朝
10774,李玄通,未知,唐朝
10775,张道源,未知,唐朝
10776,张楚金,未知,唐朝
10777,李育德,未知,唐朝
10778,李公逸,未知,唐朝
10779,张善相,未知,唐朝
10780,高睿,未知,唐朝
10781,高仲舒,未知,唐朝
10782,安金藏,未知,唐朝
10783,王同皎,未知,唐朝
10784,王潜,未知,唐朝
10785,吴保安,未知,唐朝
10786,李憕,未知,唐朝
10787,李源,未知,唐朝
10788,李彭,未知,唐朝
10789,卢弈,未知,唐朝
10790,张介然,未知,唐朝
10791,崔无诐,未知,唐朝
10792,颜泉明,未知,唐朝
10793,颜春卿,未知,唐朝
10794,薛愿,未知,唐朝
10795,贾循,未知,唐朝
10796,雷万春,未知,唐朝
10797,姚訚,未知,唐朝
10798,程千里,未知,唐朝
10799,袁光廷,未知,唐朝
10800,庞坚,未知,唐朝
10801,蔡廷玉,未知,唐朝
10802,邵真,未知,唐朝
10803,符令奇,未知,唐朝
10804,符璘,未知,唐朝
10805,孟华,未知,唐朝
10806,张伾,未知,唐朝
10807,甄济,未知,唐朝
10808,周曾,未知,唐朝
10809,石演芬,未知,唐朝
10810,吴溆,未知,唐朝
10811,高沐,未知,唐朝
10812,贾直言,未知,唐朝
10813,辛谠,未知,唐朝
10814,黄碣,未知,唐朝
10815,孙揆,未知,唐朝
10816,元德秀,未知,唐朝
10817,权皋,未知,唐朝
10818,何蕃,未知,唐朝
10819,李知本,未知,唐朝
10820,张志宽,未知,唐朝
10821,刘君良,未知,唐朝
10822,王君操,未知,唐朝
10823,王少玄,未知,唐朝
10824,任敬臣,未知,唐朝
10825,支叔才,未知,唐朝
10826,程袁师,未知,唐朝
10827,武弘度,未知,唐朝
10828,宋思礼,未知,唐朝
10829,郑潜曜,未知,唐朝
10830,元让,未知,唐朝
10831,裴敬彝,未知,唐朝
10832,梁文贞,未知,唐朝
10833,沈季诠,未知,唐朝
10834,许伯会,未知,唐朝
10835,陈集原,未知,唐朝
10836,陆南金,未知,唐朝
10837,陆赵璧,未知,唐朝
10838,张琇,未知,唐朝
10839,张瑝,未知,唐朝
10840,侯知道,未知,唐朝
10841,许法慎,未知,唐朝
10842,林攒,未知,唐朝
10843,陈饶奴,未知,唐朝
10844,王博武,未知,唐朝
10845,万敬儒,未知,唐朝
10846,章全益,未知,唐朝
10847,罗让,未知,唐朝
10848,朱桃椎,未知,唐朝
10849,田游岩,未知,唐朝
10850,史德义,未知,唐朝
10851,孟诜,未知,唐朝
10852,王友贞,未知,唐朝
10853,王希夷,未知,唐朝
10854,李元恺,未知,唐朝
10855,卫大经,未知,唐朝
10856,王守慎,未知,唐朝
10857,徐仁纪,未知,唐朝
10858,孙处玄,未知,唐朝
10859,武攸绪,未知,唐朝
10860,白履忠,未知,唐朝
10861,王远知,未知,唐朝
10862,卢鸿,未知,唐朝
10863,吴筠,未知,唐朝
10864,刘道合,未知,唐朝
10865,秦系,未知,唐朝
10866,张志和,未知,唐朝
10867,孔述睿,未知,唐朝
10868,孔敏行,未知,唐朝
10869,崔觐,未知,唐朝
10870,韦仁寿,未知,唐朝
10871,陈君宾,未知,唐朝
10872,张允济,未知,唐朝
10873,李桐客,未知,唐朝
10874,李素立,未知,唐朝
10875,李至远,未知,唐朝
10876,李畬,未知,唐朝
10877,薛大鼎,未知,唐朝
10878,贾敦颐,未知,唐朝
10879,李君球,未知,唐朝
10880,杨德干,未知,唐朝
10881,田仁会,未知,唐朝
10882,田归道,未知,唐朝
10883,韦机,未知,唐朝
10884,裴怀古,未知,唐朝
10885,李浚,未知,唐朝
10886,杨茂谦,未知,唐朝
10887,韦景骏,未知,唐朝
10888,李惠登,未知,唐朝
10889,罗珦,未知,唐朝
10890,韦丹,未知,唐朝
10891,韦宙,未知,唐朝
10892,韦岫,未知,唐朝
10893,卢弘宣,未知,唐朝
10894,薛元赏,未知,唐朝
10895,何易于,未知,唐朝
10896,徐文远,未知,唐朝
10897,陆德明,未知,唐朝
10898,曹宪,未知,唐朝
10899,颜游秦,未知,唐朝
10900,欧阳通,未知,唐朝
10901,朱子奢,未知,唐朝
10902,张士衡,未知,唐朝
10903,贾大隐,未知,唐朝
10904,贾公彦,未知,唐朝
10905,李玄植,未知,唐朝
10906,张后胤,未知,唐朝
10907,盖文懿,未知,唐朝
10908,谷那律,未知,唐朝
10909,谷从政,未知,唐朝
10910,萧德言,未知,唐朝
10911,许叔牙,未知,唐朝
10912,许子儒,未知,唐朝
10913,敬播,未知,唐朝
10914,刘伯庄,未知,唐朝
10915,秦景通,未知,唐朝
10916,刘讷言,未知,唐朝
10917,罗道琮,未知,唐朝
10918,郎余令,未知,唐朝
10919,郎余庆,未知,唐朝
10920,徐齐聃,未知,唐朝
10921,徐峤,未知,唐朝
10922,沈伯仪,未知,唐朝
10923,路敬淳,未知,唐朝
10924,路敬潜,未知,唐朝
10925,王元感,未知,唐朝
10926,王绍宗,未知,唐朝
10927,彭景直,未知,唐朝
10928,卢粲,未知,唐朝
10929,尹知章,未知,唐朝
10930,张齐贤,未知,唐朝
10931,柳冲,未知,唐朝
10932,殷践猷,未知,唐朝
10933,孔若思,未知,唐朝
10934,孔季诩,未知,唐朝
10935,孔至,未知,唐朝
10936,陈贞节,未知,唐朝
10937,施敬本,未知,唐朝
10938,卢履冰,未知,唐朝
10939,王仲丘,未知,唐朝
10940,康子元,未知,唐朝
10941,尹愔,未知,唐朝
10942,陆坚,未知,唐朝
10943,郑钦说,未知,唐朝
10944,郑克钧,未知,唐朝
10945,卢撰,未知,唐朝
10946,啖助,未知,唐朝
10947,韦彤,未知,唐朝
10948,陈京,未知,唐朝
10949,畅当,未知,唐朝
10950,林蕴,未知,唐朝
10951,韦公肃,未知,唐朝
10952,许康佐,未知,唐朝
10953,孔绍安,未知,唐朝
10954,袁朗,未知,唐朝
10955,袁谊,未知,唐朝
10956,袁承序,未知,唐朝
10957,袁利贞,未知,唐朝
10958,贺德仁,未知,唐朝
10959,庾抱,未知,唐朝
10960,崔信明,未知,唐朝
10961,郑世翼,未知,唐朝
10962,刘胤之,未知,唐朝
10963,刘延佑,未知,唐朝
10964,刘藏器,未知,唐朝
10965,刘知柔,未知,唐朝
10966,张蕴古,未知,唐朝
10967,张昌龄,未知,唐朝
10968,崔铣,未知,唐朝
10969,孟利贞,未知,唐朝
10970,杜易简,未知,唐朝
10971,董思恭,未知,唐朝
10972,元思敬,未知,唐朝
10973,王剧,未知,唐朝
10974,王助,未知,唐朝
10975,邓玄挺,未知,唐朝
10976,元万顷,未知,唐朝
10977,元正,未知,唐朝
10978,元义方,未知,唐朝
10979,元季方,未知,唐朝
10980,乔知之,未知,唐朝
10981,范履冰,未知,唐朝
10982,周思茂,未知,唐朝
10983,胡楚宾,未知,唐朝
10984,韦元旦,未知,唐朝
10985,刘允济,未知,唐朝
10986,尹元凯,未知,唐朝
10987,富嘉谟,未知,唐朝
10988,吴少微,未知,唐朝
10989,王浣,未知,唐朝
10990,刘宪,未知,唐朝
10991,孙逖,未知,唐朝
10992,孙成,未知,唐朝
10993,孙简,未知,唐朝
10994,裴旻,未知,唐朝
10995,郑虔,未知,唐朝
10996,萧颖士,未知,唐朝
10997,萧存,未知,唐朝
10998,陆据,未知,唐朝
10999,柳并,未知,唐朝
11000,苏源明,未知,唐朝
11001,梁肃,未知,唐朝
11002,李华,未知,唐朝
11003,李翰,未知,唐朝
11004,欧阳秬,未知,唐朝
11005,吴武陵,未知,唐朝
11006,吴通微,未知,唐朝
11007,薛逢,未知,唐朝
11008,李拯,未知,唐朝
11009,李巨川,未知,唐朝
11010,薛颐,未知,唐朝
11011,宋侠,未知,唐朝
11012,袁天纲,未知,唐朝
11013,袁客师,未知,唐朝
11014,张憬藏,未知,唐朝
11015,金梁凤,未知,唐朝
11016,明崇俨,未知,唐朝
11017,尚献甫,未知,唐朝
11018,严善思,未知,唐朝
11019,杜生,未知,唐朝
11020,罗思远,未知,唐朝
11021,姜抚,未知,唐朝
11022,桑道茂,未知,唐朝
11023,普寂,未知,唐朝
11024,义福,未知,唐朝
11025,窦德明,未知,唐朝
11026,武士棱,未知,唐朝
11027,武攸暨,未知,唐朝
11028,武士逸,未知,唐朝
11029,武懿宗,未知,唐朝
11030,王仁皎,未知,唐朝
11031,王守一,未知,唐朝
11032,郑光,未知,唐朝
11033,窦觎,未知,唐朝
11034,王子颜,未知,唐朝
11035,杨思勖,未知,唐朝
11036,窦文场,未知,唐朝
11037,霍仙鸣,未知,唐朝
11038,刘贞亮,未知,唐朝
11039,马存亮,未知,唐朝
11040,严遵美,未知,唐朝
11041,王守澄,未知,唐朝
11042,刘克明,未知,唐朝
11043,杨复恭,未知,唐朝
11044,张彦弘,未知,唐朝
11045,索元礼,未知,唐朝
11046,来子珣,未知,唐朝
11047,周兴,未知,唐朝
11048,傅游艺,未知,唐朝
11049,侯思止,未知,唐朝
11050,万国俊,未知,唐朝
11051,王弘义,未知,唐朝
11052,郭弘霸,未知,唐朝
11053,姚绍之,未知,唐朝
11054,周利贞,未知,唐朝
11055,吉温,未知,唐朝
11056,罗希奭,未知,唐朝
11057,毛若虚,未知,唐朝
11058,敬羽,未知,唐朝
11059,裴升,未知,唐朝
11060,毕曜,未知,唐朝
11061,田怀谏,未知,唐朝
11062,田缙,未知,唐朝
11063,何全暤,未知,唐朝
11064,韩允中,未知,唐朝
11065,王绍懿,未知,唐朝
11066,史元忠,未知,唐朝
11067,程怀信,未知,唐朝
11068,邓维恭,未知,唐朝
11069,李佐之,未知,唐朝
11070,李师晦,未知,唐朝
11071,李丕,未知,唐朝
11072,蒋玄晖,未知,唐朝
11073,张廷范,未知,唐朝
11074,氐叔琮,未知,唐朝
11075,陈敬瑄,未知,唐朝
11076,高尚,未知,唐朝
11077,孙孝哲,未知,唐朝
11078,李孝基,未知,唐朝
11079,李神符,未知,唐朝
11080,李叔良,未知,唐朝
11081,李琛,未知,唐朝
11082,李瑗,未知,唐朝
11083,李道玄,未知,唐朝
11084,李博乂,未知,唐朝
11085,李真,未知,唐朝
11086,李祎,未知,唐朝
11087,李亮,未知,唐朝
11088,李元昌,未知,唐朝
11089,李元亨,未知,唐朝
11090,李元方,未知,唐朝
11091,李元礼,未知,唐朝
11092,李元嘉,未知,唐朝
11093,李元则,未知,唐朝
11094,李元懿,未知,唐朝
11095,李元轨,未知,唐朝
11096,李元庆,未知,唐朝
11097,李元裕,未知,唐朝
11098,李元名,未知,唐朝
11099,李灵夔,未知,唐朝
11100,李元祥,未知,唐朝
11101,李元晓,未知,唐朝
11102,李恪,未知,唐朝
11103,李千里,未知,唐朝
11104,李玮,未知,唐朝
11105,李琨,未知,唐朝
11106,李祗,未知,唐朝
11107,李巘,未知,唐朝
11108,李泰,未知,唐朝
11109,李愔,未知,唐朝
11110,李恽,未知,唐朝
11111,李贞,未知,唐朝
11112,李冲,未知,唐朝
11113,李慎,未知,唐朝
11114,李嚣,未知,唐朝
11115,李简,未知,唐朝
11116,李明,未知,唐朝
11117,李皋,未知,唐朝
11118,李孝,未知,唐朝
11119,李璆,未知,唐朝
11120,李承采,未知,唐朝
11121,李重福,未知,唐朝
11122,李瑀,未知,唐朝
11123,李撝,未知,唐朝
11124,李范,未知,唐朝
11125,李珍,未知,唐朝
11126,李知柔,未知,唐朝
11127,李隆悌,未知,唐朝
11128,李瑶,未知,唐朝
11129,李琬,未知,唐朝
11130,李琚,未知,唐朝
11131,李一,未知,唐朝
11132,李璲,未知,唐朝
11133,李璬,未知,唐朝
11134,李璘,未知,唐朝
11135,李瑁,未知,唐朝
11136,李玢,未知,唐朝
11137,李环,未知,唐朝
11138,李瑝,未知,唐朝
11139,李玼,未知,唐朝
11140,李圭,未知,唐朝
11141,李瑱,未知,唐朝
11142,李璇,未知,唐朝
11143,李璥,未知,唐朝
11144,李系,未知,唐朝
11145,李佖,未知,唐朝
11146,李仅,未知,唐朝
11147,李僩,未知,唐朝
11148,李侹,未知,唐朝
11149,李荣,未知,唐朝
11150,李僙,未知,唐朝
11151,李倕,未知,唐朝
11152,李偲,未知,唐朝
11153,李佋,未知,唐朝
11154,李逾,未知,唐朝
11155,李迥,未知,唐朝
11156,李造,未知,唐朝
11157,李谊,未知,唐朝
11158,李谌,未知,唐朝
11159,李谅,未知,唐朝
11160,李详,未知,唐朝
11161,李謜,未知,唐朝
11162,李谦,未知,唐朝
11163,李经,未知,唐朝
11164,李纵,未知,唐朝
11165,李绸,未知,唐朝
11166,李总,未知,唐朝
11167,李约,未知,唐朝
11168,李结,未知,唐朝
11169,李缃,未知,唐朝
11170,李絿,未知,唐朝
11171,李绮,未知,唐朝
11172,李绾,未知,唐朝
11173,李缮,未知,唐朝
11174,李纮,未知,唐朝
11175,李宁,未知,唐朝
11176,李悰,未知,唐朝
11177,李忻,未知,唐朝
11178,李憬,未知,唐朝
11179,李凑,未知,唐朝
11180,李溶,未知,唐朝
11181,李普,未知,唐朝
11182,李休复,未知,唐朝
11183,李成美,未知,唐朝
11184,李永,未知,唐朝
11185,李渼,未知,唐朝
11186,李泾,未知,唐朝
11187,李滋,未知,唐朝
11188,李沂,未知,唐朝
11189,李佾,未知,唐朝
11190,李保,未知,唐朝
11191,李倚,未知,唐朝
11192,李祤,未知,唐朝
11193,武皇后,未知,唐朝
11194,公孙武达,未知,唐朝
11195,尉迟敬德,未知,唐朝
11196,徐贤妃,未知,唐朝
11197,刘皇后,未知,唐朝
11198,杨皇后,未知,唐朝
11199,吴太后,未知,唐朝
11200,独孤皇后,未知,唐朝
11201,沈太后,未知,唐朝
11202,郑太后,未知,唐朝
11203,萧太后,未知,唐朝
11204,韦太后,未知,唐朝
11205,宋若昭,未知,唐朝
11206,郭贵妃,未知,唐朝
11207,晁太后,未知,唐朝
11208,郭淑妃,未知,唐朝
11209,李延伯,未知,唐朝
11210,李峘,未知,唐朝
11211,李淑,未知,唐朝
11212,李下玉,未知,唐朝
11213,宣城公主,未知,唐朝
11214,李令月,未知,唐朝
11215,李裹儿,未知,唐朝
11216,李季姜,未知,唐朝
11217,昭怀公主,未知,唐朝
11218,李华庄,未知,唐朝
11219,李持盈,未知,唐朝
11220,永穆公主,绿文,唐朝
11221,新昌公主,未知,唐朝
11222,临晋公主,绿文,唐朝
11223,卫国公主,未知,唐朝
11224,真阳公主,未知,唐朝
11225,信成公主,未知,唐朝
11226,楚国公主,未知,唐朝
11227,普康公主,未知,唐朝
11228,昌乐公主,未知,唐朝
11229,永宁公主,绿文,唐朝
11230,宋国公主,未知,唐朝
11231,齐国公主,未知,唐朝
11232,咸宜公主,未知,唐朝
11233,宜春公主,未知,唐朝
11234,广宁公主,绿文,唐朝
11235,太华公主,未知,唐朝
11236,寿光公主,未知,唐朝
11237,乐城公主,未知,唐朝
11238,新平公主,未知,唐朝
11239,寿安公主,未知,唐朝
11240,李虫娘,未知,唐朝
11241,宿国公主,未知,唐朝
11242,萧国公主,未知,唐朝
11243,和政公主,未知,唐朝
11244,郯国公主,未知,唐朝
11245,纪国公主,未知,唐朝
11246,永和公主,未知,唐朝
11247,郜国公主,未知,唐朝
11248,灵仙公主,未知,唐朝
11249,永清公主,未知,唐朝
11250,昭懿公主,未知,唐朝
11251,华阳公主,未知,唐朝
11252,玉清公主,未知,唐朝
11253,嘉丰公主,未知,唐朝
11254,太和公主,未知,唐朝
11255,庄懿公主,未知,唐朝
11256,玉虚公主,未知,唐朝
11257,普宁公主,未知,唐朝
11258,义清公主,未知,唐朝
11259,西平公主,未知,唐朝
11260,章宁公主,未知,唐朝
11261,贞穆公主,未知,唐朝
11262,宪穆公主,未知,唐朝
11263,庄穆公主,未知,唐朝
11264,临真公主,绿文,唐朝
11265,永阳公主,未知,唐朝
11266,文安公主,未知,唐朝
11267,襄穆公主,未知,唐朝
11268,义川公主,未知,唐朝
11269,宜都公主,未知,唐朝
11270,晋平公主,未知,唐朝
11271,汉阳公主,未知,唐朝
11272,李畅,未知,唐朝
11273,恭靖公主,未知,唐朝
11274,西河公主,未知,唐朝
11275,云安公主,未知,唐朝
11276,浔阳公主,未知,唐朝
11277,虢国公主,未知,唐朝
11278,平恩公主,未知,唐朝
11279,邵阳公主,未知,唐朝
11280,惠康公主,未知,唐朝
11281,温仪公主,未知,唐朝
11282,庄淑公主,未知,唐朝
11283,陈留公主,未知,唐朝
11284,真宁公主,未知,唐朝
11285,真源公主,未知,唐朝
11286,永顺公主,未知,唐朝
11287,永安公主,未知,唐朝
11288,义宁公主,未知,唐朝
11289,贵乡公主,未知,唐朝
11290,义丰公主,未知,唐朝
11291,延安公主,未知,唐朝
11292,金堂公主,未知,唐朝
11293,清源公主,未知,唐朝
11294,饶阳公主,未知,唐朝
11295,义昌公主,未知,唐朝
11296,天长公主,未知,唐朝
11297,宁国公主,未知,唐朝
11298,兴唐公主,未知,唐朝
11299,朗宁公主,未知,唐朝
11300,光化公主,未知,唐朝
11301,寿春公主,未知,唐朝
11302,延庆公主,未知,唐朝
11303,静乐公主,未知,唐朝
11304,乐温公主,未知,唐朝
11305,万寿公主,未知,唐朝
11306,永福公主,未知,唐朝
11307,恭怀公主,未知,唐朝
11308,广德公主,未知,唐朝
11309,义和公主,未知,唐朝
11310,饶安公主,未知,唐朝
11311,盛唐公主,未知,唐朝
11312,平原公主,未知,唐朝
11313,唐阳公主,未知,唐朝
11314,庄肃公主,未知,唐朝
11315,丰阳公主,未知,唐朝
11316,文懿公主,未知,唐朝
11317,安化公主,未知,唐朝
11318,昌元公主,未知,唐朝
11319,昌宁公主,未知,唐朝
11320,金华公主,未知,唐朝
11321,仁寿公主,未知,唐朝
11322,唐兴公主,未知,唐朝
11323,永平公主,未知,唐朝
11324,信都公主,未知,唐朝
11325,德清公主,未知,唐朝
11326,太康公主,未知,唐朝
11327,永明公主,未知,唐朝
11328,宇文士及,未知,唐朝
11329,司马才章,未知,唐朝
11330,豆卢钦望,未知,唐朝
11331,荔非元礼,未知,唐朝
11332,野诗良辅,未知,唐朝
11333,阿史那苏尼失,未知,唐朝
11334,阿史那忠,未知,唐朝
11335,执失思力,未知,唐朝
11336,黑齿常之,未知,唐朝
11337,乙弗弘礼,未知,唐朝
11338,独孤怀恩,未知,唐朝
11339,吐突承璀,未知,唐朝
11340,长孙无垢,蓝文,唐朝
11341,韦香儿,未知,唐朝
11342,唐高祖太穆皇后,绿文,唐朝
11343,太宗文德皇后,绿文,唐朝
11344,高宗废后,绿文,唐朝
11345,中宗和思皇后,绿文,唐朝
11346,中宗韦皇后,绿文,唐朝
11347,睿宗肃明皇后,绿文,唐朝
11348,睿宗昭成皇后,绿文,唐朝
11349,玄宗废后,绿文,唐朝
11350,玄宗贞顺皇后,绿文,唐朝
11351,玄宗元献皇后,绿文,唐朝
11352,肃宗张皇后,绿文,唐朝
11353,肃宗章敬皇后,绿文,唐朝
11354,代宗睿真皇后,绿文,唐朝
11355,代宗贞懿皇后,绿文,唐朝
11356,德宗昭德皇后,绿文,唐朝
11357,顺宗庄宪皇后,绿文,唐朝
11358,宪宗懿安皇后,绿文,唐朝
11359,宪宗孝明皇后,绿文,唐朝
11360,穆宗恭僖皇后,绿文,唐朝
11361,穆宗贞献皇后,绿文,唐朝
11362,穆宗宣懿皇后,绿文,唐朝
11363,宣宗元昭皇后,绿文,唐朝
11364,懿宗惠安皇后,绿文,唐朝
11365,昭宗积善皇后,绿文,唐朝
11366,同安公主,绿文,唐朝
11367,长沙公主,绿文,唐朝
11368,襄阳公主,绿文,唐朝
11369,平阳昭公主,绿文,唐朝
11370,高密公主,绿文,唐朝
11371,万春公主,绿文,唐朝
11372,房陵公主,绿文,唐朝
11373,九江公主,绿文,唐朝
11374,南昌公主,绿文,唐朝
11375,安平公主,绿文,唐朝
11376,淮南公主,绿文,唐朝
11377,真定公主,绿文,唐朝
11378,衡阳公主,绿文,唐朝
11379,丹阳公主,绿文,唐朝
11380,千金公主,绿文,唐朝
11381,常乐公主,绿文,唐朝
11382,汝南公主,绿文,唐朝
11383,南平公主,绿文,唐朝
11384,遂安公主,绿文,唐朝
11385,长乐公主,绿文,唐朝
11386,豫章公主,绿文,唐朝
11387,比景公主,绿文,唐朝
11388,普安公主,绿文,唐朝
11389,东阳公主,绿文,唐朝
11390,临川公主,绿文,唐朝
11391,清河公主,绿文,唐朝
11392,兰陵公主,绿文,唐朝
11393,晋安公主,绿文,唐朝
11394,安康公主,绿文,唐朝
11395,新兴公主,绿文,唐朝
11396,城阳公主,绿文,唐朝
11397,合浦公主,绿文,唐朝
11398,金山公主,绿文,唐朝
11399,晋阳公主,绿文,唐朝
11400,新城公主,绿文,唐朝
11401,义阳公主,绿文,唐朝
11402,高安公主,绿文,唐朝
11403,安定思公主,绿文,唐朝
11404,太平公主,绿文,唐朝
11405,新都公主,绿文,唐朝
11406,宜城公主,绿文,唐朝
11407,定安公主,绿文,唐朝
11408,长宁公主,绿文,唐朝
11409,永寿公主,绿文,唐朝
11410,永泰公主,绿文,唐朝
11411,安乐公主,绿文,唐朝
11412,成安公主,绿文,唐朝
11413,寿昌公主,绿文,唐朝
11414,安兴公主,绿文,唐朝
11415,荆山公主,绿文,唐朝
11416,淮阳公主,绿文,唐朝
11417,代国公主,绿文,唐朝
11418,凉国公主,绿文,唐朝
11419,薛国公主,绿文,唐朝
11420,鄎国公主,绿文,唐朝
11421,金仙公主,绿文,唐朝
11422,玉真公主,绿文,唐朝
11423,霍国公主,绿文,唐朝
11424,淑慧公主,绿文,唐朝
11425,常芬公主,绿文,唐朝
11426,孝昌公主,绿文,唐朝
11427,唐昌公主,绿文,唐朝
11428,灵昌公主,绿文,唐朝
11429,上仙公主,绿文,唐朝
11430,怀思公主,绿文,唐朝
11431,晋国公主,绿文,唐朝
11432,李世勣,蓝文,唐朝
11433,谭意歌,未知,唐朝
11434,霍小玉,未知,唐朝
11435,玉箫,未知,唐朝
11436,裴兴奴,未知,唐朝
11437,敫桂英,未知,唐朝
11438,灼灼,未知,唐朝
11439,李娃,未知,唐朝
11440,章台柳,未知,唐朝
11441,颜令宾,未知,唐朝
11442,王幼玉,未知,唐朝
11443,关盼盼,未知,唐朝
11444,郑举举,未知,唐朝
11445,薛楚儿,未知,唐朝
11446,李季兰,未知,唐朝
11447,红红,未知,唐朝
11448,董源,蓝文,五代十国
11449,冯道,绿文,五代十国
11450,范质,绿色,五代十国
11451,刘海,紫武,五代十国
11452,李克用,绿武,五代十国
11453,石恪,绿文,五代十国
11454,王彦超,蓝武,五代十国
11455,花蕊夫人,绿文,五代十国
11456,徐锴,绿文,五代十国
11457,黄荃,绿文,五代十国
11458,顾闳中,绿文,五代十国
11459,刘言,绿武,五代十国
11460,刘昫,绿文,五代十国
11461,李从厚,绿文,五代十国
11462,李从珂,绿文,五代十国
11463,李教,绿色,五代十国
11464,李琰,绿武,五代十国
11465,李聿,绿武,五代十国
11466,李茂贞,绿色,五代十国
11467,李霓,绿色,五代十国
11468,马殷,绿武,五代十国
11469,钱俶,绿色,五代十国
11470,钱镠,绿武,五代十国
11471,沈汾,绿文,五代十国
11472,王朴,绿色,五代十国
11473,伍乔,绿色,五代十国
11474,王审知,绿武,五代十国
11475,王全斌,绿武,五代十国
11476,杨凝式,绿色,五代十国
11477,朱全忠,绿色,五代十国
11478,赞宁,绿色,五代十国
11479,赵干,绿色,五代十国
11480,冯延巳,绿文,五代十国
11481,刘仁恭,绿色,五代十国
11482,刘守光,绿色,五代十国
11483,刘承佑,绿武,五代十国
11484,刘旻,绿武,五代十国
11485,刘晟,绿色,五代十国
11486,刘玉娘,绿文,五代十国
11487,刘玢,绿武,五代十国
11488,刘知远,绿武,五代十国
11489,刘继元,绿武,五代十国
11490,刘继恩,绿色,五代十国
11491,刘赟,绿色,五代十国
11492,刘鋹,绿色,五代十国
11493,刘钧,绿武,五代十国
11494,刘隐,绿文,五代十国
11495,刘龑,绿色,五代十国
11496,周保权,绿色,五代十国
11497,周文矩,绿色,五代十国
11498,周行逢,绿武,五代十国
11499,孟昶,绿色,五代十国
11500,孟知祥,绿色,五代十国
11501,周薇,绿色,五代十国
11502,巨然,绿色,五代十国
11503,张彦泽,蓝武,五代十国
11504,张汉思,绿武,五代十国
11505,张泌,绿文,五代十国
11506,徐温,绿色,五代十国
11507,朱友珪,绿色,五代十国
11508,朱文进,绿色,五代十国
11509,李嗣源,绿色,五代十国
11510,李存勖,紫武,五代十国
11511,李守贞,绿武,五代十国
11512,李昉,绿文,五代十国
11513,杨渥,绿色,五代十国
11514,杨溥,绿武,五代十国
11515,杨隆演,绿武,五代十国
11516,柴宗训,绿色,五代十国
11517,柴荣,绿武,五代十国
11518,王延政,绿色,五代十国
11519,王延曦,绿色,五代十国
11520,王延翰,绿色,五代十国
11521,王延钧,绿色,五代十国
11522,王建,绿色,五代十国
11523,王景崇,绿武,五代十国
11524,王继鹏,绿武,五代十国
11525,王衍,绿色,五代十国
11526,王逵,绿色,五代十国
11527,留从效,绿色,五代十国
11528,留绍镃,绿色,五代十国
11529,石敬瑭,蓝武,五代十国
11530,石重贵,绿武,五代十国
11531,谭峭,紫武,五代十国
11532,孝惠皇后,绿文,五代十国
11533,贯休,绿色,五代十国
11534,赵弘殷,绿武,五代十国
11535,赵思绾,绿色,五代十国
11536,郭从谦,绿色,五代十国
11537,郭威,绿色,五代十国
11538,郭无为,绿文,五代十国
11539,郭璟,绿色,五代十国
11540,郭简,绿武,五代十国
11541,郭蕴,绿色,五代十国
11542,郭谌,绿武,五代十国
11543,钱元瓘,绿色,五代十国
11544,钱弘佐,绿武,五代十国
11545,钱弘倧,绿武,五代十国
11546,陈洪进,绿色,五代十国
11547,马希声,绿色,五代十国
11548,马希崇,绿色,五代十国
11549,马希广,绿武,五代十国
11550,马希范,绿色,五代十国
11551,马希萼,绿色,五代十国
11552,高从诲,绿色,五代十国
11553,高保勖,绿武,五代十国
11554,高保融,绿武,五代十国
11555,高季兴,绿色,五代十国
11556,高继冲,绿武,五代十国
11557,高怀德,未知,五代十国
11558,潘美,未知,五代十国
11559,贺皇后,未知,五代十国
11560,钱弘俶,未知,五代十国
11561,许可琼,未知,五代十国
11562,林仁肇,未知,五代十国
11563,李璟,未知,五代十国
11564,朱黯,未知,五代十国
11565,朱茂琳,未知,五代十国
11566,朱信,未知,五代十国
11567,朱诚,未知,五代十国
11568,朱邪执宜,未知,五代十国
11569,李国昌,未知,五代十国
11570,李亶,未知,五代十国
11571,石璟,未知,五代十国
11572,石彬,未知,五代十国
11573,石昱,未知,五代十国
11574,石绍雍,未知,五代十国
11575,刘湍,未知,五代十国
11576,刘昂,未知,五代十国
11577,刘僎,未知,五代十国
11578,刘琠事,未知,五代十国
11579,郭宗训,未知,五代十国
11580,钱沛,未知,五代十国
11581,钱宙,未知,五代十国
11582,钱宽,未知,五代十国
11583,王延羲,未知,五代十国
11584,马筠,未知,五代十国
11585,马正,未知,五代十国
11586,马元丰,未知,五代十国
11587,杨渭,未知,五代十国
11588,徐知诰,未知,五代十国
11589,李超,未知,五代十国
11590,刘安仁,未知,五代十国
11591,刘谦,未知,五代十国
11592,刘岩,未知,五代十国
11593,孟佚,未知,五代十国
11594,孟察,未知,五代十国
11595,孟道,未知,五代十国
11596,宋文通,未知,五代十国
11597,张遇贤,未知,五代十国
11598,徐仲雅,未知,五代十国
11599,韩熙载,未知,五代十国
11600,李弘皋,未知,五代十国
11601,潘佑,未知,五代十国
11602,拓跋恒,未知,五代十国
11603,小周后,未知,五代十国
11604,韩通,未知,五代十国
11605,李筠,未知,五代十国
11606,李重进,未知,五代十国
11607,李仲寓,未知,五代十国
11608,李从善,未知,五代十国
11609,李从誧,未知,五代十国
11610,李季操,未知,五代十国
11611,舒元,未知,五代十国
11612,冯谧,未知,五代十国
11613,周惟简,未知,五代十国
11614,孟仁贽,未知,五代十国
11615,孟仁裕,未知,五代十国
11616,孟仁操,未知,五代十国
11617,伊审征,未知,五代十国
11618,韩保正,未知,五代十国
11619,王昭远,未知,五代十国
11620,赵崇韬,未知,五代十国
11621,高彦俦,未知,五代十国
11622,赵彦韬,未知,五代十国
11623,龙景昭,未知,五代十国
11624,幸寅逊,未知,五代十国
11625,李廷圭,未知,五代十国
11626,李昊,未知,五代十国
11627,毋守素,未知,五代十国
11628,欧阳迥,未知,五代十国
11629,钱惟浚,未知,五代十国
11630,钱惟治,未知,五代十国
11631,钱惟济,未知,五代十国
11632,钱昱,未知,五代十国
11633,钱俨,未知,五代十国
11634,孙承佑,未知,五代十国
11635,沈承礼,未知,五代十国
11636,龚澄枢,未知,五代十国
11637,李托,未知,五代十国
11638,薛崇誉,未知,五代十国
11639,藩崇彻,未知,五代十国
11640,卫融,未知,五代十国
11641,赵文度,未知,五代十国
11642,高保寅,未知,五代十国
11643,孙光宪,未知,五代十国
11644,梁延嗣,未知,五代十国
11645,李观象,未知,五代十国
11646,张文表,未知,五代十国
11647,陈文显,未知,五代十国
11648,陈文颢,未知,五代十国
11649,陈文顗,未知,五代十国
11650,陈文顼,未知,五代十国
11651,皇甫继勋,未知,五代十国
11652,花见羞,未知,五代十国
11653,李三娘,未知,五代十国
11654,黄惠姑,未知,五代十国
11655,陈金凤,未知,五代十国
11656,李春燕,未知,五代十国
11657,宋福金,未知,五代十国
11658,周娥皇,未知,五代十国
11659,周女英,未知,五代十国
11660,周嘉敏,未知,五代十国
11661,金飞山,未知,五代十国
11662,梁文惠皇后,绿文,五代十国
11663,太祖元贞皇后,绿文,五代十国
11664,唐贞简皇后,绿文,五代十国
11665,庄宗神闵敬皇后,绿文,五代十国
11666,和武宪皇后,绿文,五代十国
11667,昭懿皇后,绿文,五代十国
11668,宣宪皇后,绿文,五代十国
11669,废帝皇后,绿文,五代十国
11670,晋高祖皇后,绿文,五代十国
11671,出帝皇后,绿文,五代十国
11672,汉高祖皇后,绿文,五代十国
11673,周圣穆皇后,绿文,五代十国
11674,世宗贞惠皇后,绿文,五代十国
11675,宣懿皇后,绿文,五代十国
11676,孝宗成穆郭皇后,绿文,宋朝
11677,刘筠,未知,宋朝
11678,赵匡胤,紫武,宋朝
11679,岳飞,紫武,宋朝
11680,毕升,蓝文！,宋朝
11681,范宽,蓝色,宋朝
11682,李修元,蓝文,宋朝
11683,宋江,蓝武,宋朝
11684,包拯,蓝文,宋朝
11685,范仲淹,蓝文,宋朝
11686,王安石,蓝文,宋朝
11687,苏轼,蓝文,宋朝
11688,司马光,蓝文,宋朝
11689,韩世忠,绿武,宋朝
11690,杨廷昭,蓝色,宋朝
11691,杨业,蓝武!,宋朝
11692,清水祖师,绿文,宋朝
11693,林默娘,绿文,宋朝
11694,丘处机,蓝武,宋朝
11695,秦桧,绿文,宋朝
11696,文天祥,蓝文,宋朝
11697,赖布衣,绿文,宋朝
11698,张择端,绿色,宋朝
11699,陈傅良,绿文,宋朝
11700,程颢,绿文,宋朝
11701,陈旉,绿文,宋朝
11702,蔡京,绿文,宋朝
11703,陈抟,绿色,宋朝
11704,杜衍,绿色,宋朝
11705,范成大,绿色,宋朝
11706,方腊,蓝武,宋朝
11707,郭熙,绿色,宋朝
11708,桂万荣,绿文,宋朝
11709,黄震,绿文,宋朝
11710,胡三省,绿色,宋朝
11711,洪遵,绿色,宋朝
11712,姜夔,绿文,宋朝
11713,李公麟,绿色,宋朝
11714,陆曮,绿文,宋朝
11715,李师师,绿文,宋朝
11716,梁楷,绿色,宋朝
11717,李心传,绿色,宋朝
11718,刘娥,绿文,宋朝
11719,刘攽,绿文,宋朝
11720,陆九渊,绿文,宋朝
11721,茅子元,绿文,宋朝
11722,牧溪,绿文,宋朝
11723,元佑,绿色,宋朝
11724,梅尧臣,绿色,宋朝
11725,米芾,绿色,宋朝
11726,马麟,绿文,宋朝
11727,马远,绿色,宋朝
11728,钱乙,蓝文!,宋朝
11729,沈焕,绿色,宋朝
11730,邵雍,绿色,宋朝
11731,王希孟,绿色,宋朝
11732,文同,绿色,宋朝
11733,王溥,绿色,宋朝
11734,谢枋得,绿文,宋朝
11735,袁韶,绿文,宋朝
11736,苏辙,蓝文,宋朝
11737,欧阳修,蓝文！,宋朝
11738,李纲,绿色,宋朝
11739,狄青,蓝武,宋朝
11740,呼延赞,蓝色,宋朝
11741,种师道,绿武,宋朝
11742,喻皓,绿文,宋朝
11743,杨时,绿文,宋朝
11744,杨辉,绿色,宋朝
11745,周敦颐,绿色,宋朝
11746,周侗,绿武,宋朝
11747,张伯端,绿文,宋朝
11748,朱淑真,绿色,宋朝
11749,刘玉,绿文,宋朝
11750,岳银瓶,绿色,宋朝
11751,罗从彦,绿文,宋朝
11752,朱熹,绿文,宋朝
11753,童贯,绿色,宋朝
11754,寇准,蓝文,宋朝
11755,陈亮,绿文,宋朝
11756,李舜举,绿色,宋朝
11757,王彦,绿武,宋朝
11758,谢道清,绿色,宋朝
11759,杨信,绿武,宋朝
11760,杨文广,绿色,宋朝
11761,侬智高,绿武,宋朝
11762,吴棫,绿色,宋朝
11763,张浚,绿武,宋朝
11764,折太君,绿武,宋朝
11765,周密,绿文,宋朝
11766,陈景元,绿色,宋朝
11767,陈允平,绿文,宋朝
11768,陈东,绿文,宋朝
11769,程颐,绿色,宋朝
11770,陈大震,绿色,宋朝
11771,邓符协,绿色,宋朝
11772,戴表元,绿色,宋朝
11773,杜充,绿武,宋朝
11774,费衮,绿色,宋朝
11775,傅行简,绿文,宋朝
11776,勾龙爽,绿文,宋朝
11777,郭京,绿武,宋朝
11778,徐梦莘,绿色,宋朝
11779,胡沂,绿文,宋朝
11780,胡仔,绿色,宋朝
11781,黄潜善,绿色,宋朝
11782,韩忠彦,绿文,宋朝
11783,徐无党,绿文,宋朝
11784,何蘧,绿文,宋朝
11785,胡安国,绿色,宋朝
11786,胡宏,绿文,宋朝
11787,许洞,绿文,宋朝
11788,贺铸,绿色,宋朝
11789,江瑞友,绿文,宋朝
11790,蒋捷,绿文,宋朝
11791,吕好问,绿色,宋朝
11792,吕希哲,绿色,宋朝
11793,吕大器,绿色,宋朝
11794,梁师成,绿色,宋朝
11795,李彦,绿文,宋朝
11796,吕本中,绿色,宋朝
11797,李迪,绿色,宋朝
11798,徐子平,绿色,宋朝
11799,刘羲叟,绿色,宋朝
11800,刘恕,绿色,宋朝
11801,吕颐浩,绿色,宋朝
11802,吕祖谦,绿色,宋朝
11803,李成,绿色,宋朝
11804,李唐,绿文,宋朝
11805,李诫,绿色,宋朝
11806,林升,绿文,宋朝
11807,林逋,绿文,宋朝
11808,柳永,绿文,宋朝
11809,陆文圭,绿色,宋朝
11810,马和之,绿文,宋朝
11811,米友仁,绿色,宋朝
11812,欧阳澈,绿文,宋朝
11813,潘鲠,绿文,宋朝
11814,潘阆,绿文,宋朝
11815,秦九韶,绿文,宋朝
11816,石介,绿色,宋朝
11817,宋敏求,绿文,宋朝
11818,吴缜,绿色,宋朝
11819,魏泰,绿色,宋朝
11820,吴琚,绿色,宋朝
11821,王继恩,绿文,宋朝
11822,王黼,绿文,宋朝
11823,汪伯彦,蓝文,宋朝
11824,王灼,绿色,宋朝
11825,王诜,绿色,宋朝
11826,宣缯,绿文,宋朝
11827,萧照,绿文,宋朝
11828,高俅,绿文,宋朝
11829,牛皋,绿色,宋朝
11830,袁甫,绿色,宋朝
11831,叶梦鼎,绿色,宋朝
11832,严用和,绿文,宋朝
11833,严仁,绿文,宋朝
11834,严羽,绿文,宋朝
11835,叶适,绿色,宋朝
11836,晏殊,绿文,宋朝
11837,晏几道,绿文,宋朝
11838,杨万里,绿文,宋朝
11839,张耒,绿色,宋朝
11840,郑樵,绿色,宋朝
11841,钱易,绿色,宋朝
11842,朱勔,绿文,宋朝
11843,张天骥,绿色,宋朝
11844,赵德芳,绿色,宋朝
11845,赵德昭,绿文,宋朝
11846,赵伯驹,绿文,宋朝
11847,严蕊,绿文,宋朝
11848,唐仲友,绿色,宋朝
11849,孙复,绿色,宋朝
11850,张俊,绿武,宋朝
11851,张先,绿文,宋朝
11852,张君房,绿文,宋朝
11853,张思训,绿文,宋朝
11854,张无梦,绿文,宋朝
11855,张栻,绿色,宋朝
11856,张载,绿色,宋朝
11857,晁公武,绿色,宋朝
11858,晁冲之,绿文,宋朝
11859,李侗,绿色,宋朝
11860,李栋,绿色,宋朝
11861,李邦彦,绿色,宋朝
11862,程大昌,绿色,宋朝
11863,苏东坡,蓝文,宋朝
11864,宋四家,未知,宋朝
11865,陈谧,未知,宋朝
11866,方山京,未知,宋朝
11867,胡瑷,未知,宋朝
11868,胡瑗,未知,宋朝
11869,江端友,未知,宋朝
11870,济公,未知,宋朝
11871,梁灏,未知,宋朝
11872,梁固,未知,宋朝
11873,莫子纯,未知,宋朝
11874,妈祖,未知,宋朝
11875,孙应时,未知,宋朝
11876,史渐,未知,宋朝
11877,史守之,未知,宋朝
11878,舒璘,未知,宋朝
11879,史弥忠,未知,宋朝
11880,史弥坚,未知,宋朝
11881,史诏,未知,宋朝
11882,史宇之,未知,宋朝
11883,唐琬,未知,宋朝
11884,吴淑,未知,宋朝
11885,余晦,未知,宋朝
11886,饶延年,未知,宋朝
11887,袁燮,未知,宋朝
11888,余天锡,未知,宋朝
11889,饶子仪,未知,宋朝
11890,饶鲁,未知,宋朝
11891,杨简,未知,宋朝
11892,杨岐方会,蓝文,宋朝
11893,乐史,未知,宋朝
11894,何去非,未知,宋朝
11895,吕端,未知,宋朝
11896,吕蒙正,未知,宋朝
11897,富弼,绿文,宋朝
11898,曹利用,未知,宋朝
11899,石守信,未知,宋朝
11900,种谔,未知,宋朝
11901,章惇,未知,宋朝
11902,蒲寿庚,未知,宋朝
11903,赵世将,未知,宋朝
11904,赵从郁,未知,宋朝
11905,赵令譮,未知,宋朝
11906,赵续,未知,宋朝
11907,赵子偁,未知,宋朝
11908,赵师渊,未知,宋朝
11909,赵希滤,未知,宋朝
11910,赵惟吉,未知,宋朝
11911,赵惟宪,未知,宋朝
11912,赵普,未知,宋朝
11913,陈文龙,未知,宋朝
11914,饶干,未知,宋朝
11915,王小波,未知,宋朝
11916,报马仔,未知,宋朝
11917,天后宝诞,未知,宋朝
11918,李建中,绿文,宋朝
11919,宋徽宗,未知,宋朝
11920,李常,未知,宋朝
11921,刘斧,未知,宋朝
11922,楼钥,未知,宋朝
11923,李昴英,绿文,宋朝
11924,李焘,绿文,宋朝
11925,李沆,未知,宋朝
11926,马端临,绿文,宋朝
11927,王尧臣,未知,宋朝
11928,王应麟,绿文,宋朝
11929,王禹偁,未知,宋朝
11930,周邦彦,未知,宋朝
11931,真德秀,未知,宋朝
11932,曾慥,未知,宋朝
11933,周去飞,未知,宋朝
11934,张元干,未知,宋朝
11935,李廌,未知,宋朝
11936,洪刍,绿文,宋朝
11937,吕南公,绿文,宋朝
11938,吕大防,绿色,宋朝
11939,魏野,绿文,宋朝
11940,袁陟,未知,宋朝
11941,张俞,绿文,宋朝
11942,张雍,绿文,宋朝
11943,袁毂,未知,宋朝
11944,曾宏正,未知,宋朝
11945,朱敦儒,未知,宋朝
11946,曹彬,绿武,宋朝
11947,郭逵,未知,宋朝
11948,韩琦,紫文!,宋朝
11949,郦琼,未知,宋朝
11950,陶弼,未知,宋朝
11951,王审琦,未知,宋朝
11952,辛弃疾,未知,宋朝
11953,虞允文,未知,宋朝
11954,张叔夜,未知,宋朝
11955,种世衡,未知,宋朝
11956,种家将,未知,宋朝
11957,马知节,未知,宋朝
11958,北续,未知,宋朝
11959,岳家军,未知,宋朝
11960,岳王庙,未知,宋朝
11961,岳续,未知,宋朝
11962,满江红,未知,宋朝
11963,杨幺,未知,宋朝
11964,许希,绿文,宋朝
11965,范祖禹,绿文,宋朝
11966,徐天麟,未知,宋朝
11967,吕夏卿,未知,宋朝
11968,王明清,绿文,宋朝
11969,薛居正,未知,宋朝
11970,尹起莘,未知,宋朝
11971,刘永年,蓝武,宋朝
11972,李道纯,蓝文,宋朝
11973,林灵素,蓝文,宋朝
11974,王文卿,蓝文,宋朝
11975,白玉蟾,蓝文,宋朝
11976,定光古佛,蓝文,宋朝
11977,志磬,未知,宋朝
11978,释怀深,未知,宋朝
11979,普庵印肃,未知,宋朝
11980,六贼,未知,宋朝
11981,陈舜俞,蓝文,宋朝
11982,蔡攸,未知,宋朝
11983,程祁,未知,宋朝
11984,陈与义,未知,宋朝
11985,强至,绿文,宋朝
11986,陈瓘,绿武,宋朝
11987,蔡卞,绿文,宋朝
11988,蔡襄,绿文,宋朝
11989,冯起,绿色,宋朝
11990,丰稷,绿文,宋朝
11991,丰存芳,未知,宋朝
11992,范镇,绿文,宋朝
11993,范纯仁,绿文,宋朝
11994,葛胜仲,绿文,宋朝
11995,高滔滔,未知,宋朝
11996,胡宿,绿文,宋朝
11997,晁说之,绿文,宋朝
11998,晁逈,未知,宋朝
11999,胡纮,绿文,宋朝
12000,韩侂胄,绿文,宋朝
12001,洪皓,绿文,宋朝
12002,洪迈,蓝文,宋朝
12003,蒋之奇,绿文,宋朝
12004,龚明之,未知,宋朝
12005,郭从义,未知,宋朝
12006,郭印,未知,宋朝
12007,高闶,未知,宋朝
12008,高斯得,未知,宋朝
12009,孔文仲,未知,宋朝
12010,孔宜,未知,宋朝
12011,楼异,未知,宋朝
12012,吕陶,未知,宋朝
12013,吕公着,未知,宋朝
12014,楼常,未知,宋朝
12015,楼光,未知,宋朝
12016,林希逸,未知,宋朝
12017,楼郁,未知,宋朝
12018,刘豫,未知,宋朝
12019,吕大忠,未知,宋朝
12020,李光,未知,宋朝
12021,吕大钧,未知,宋朝
12022,吕惠卿,未知,宋朝
12023,李易,未知,宋朝
12024,李正民,未知,宋朝
12025,李颖士,未知,宋朝
12026,孟宾于,未知,宋朝
12027,彭汝砺,未知,宋朝
12028,幸夤逊,未知,宋朝
12029,史弥远,未知,宋朝
12030,孙抗,未知,宋朝
12031,宋白,未知,宋朝
12032,沈辽,未知,宋朝
12033,滕子京,未知,宋朝
12034,孙觌,未知,宋朝
12035,沈继祖,未知,宋朝
12036,史嵩之,未知,宋朝
12037,宋慈,未知,宋朝
12038,苏舜钦,未知,宋朝
12039,田锡,未知,宋朝
12040,唐庚,未知,宋朝
12041,王辟之,未知,宋朝
12042,王谠,未知,宋朝
12043,翁彦约,未知,宋朝
12044,汪大猷,未知,宋朝
12045,吴秉信,未知,宋朝
12046,王次翁,未知,宋朝
12047,王钦若,未知,宋朝
12048,文彦博,未知,宋朝
12049,韦骧,未知,宋朝
12050,王雱,未知,宋朝
12051,王铚,未知,宋朝
12052,徐积,未知,宋朝
12053,夏竦,未知,宋朝
12054,余靖,未知,宋朝
12055,朱昂,未知,宋朝
12056,赵抃,未知,宋朝
12057,朱彧,未知,宋朝
12058,张方平,未知,宋朝
12059,赵蕃,未知,宋朝
12060,张咏,未知,宋朝
12061,朱翌,未知,宋朝
12062,赵鼎臣,未知,宋朝
12063,钟谟,未知,宋朝
12064,张公庠,未知,宋朝
12065,赵汝愚,未知,宋朝
12066,赵粹中,未知,宋朝
12067,周模,未知,宋朝
12068,阮阅,未知,宋朝
12069,张表臣,未知,宋朝
12070,朱胜非,未知,宋朝
12071,郑虎臣,未知,宋朝
12072,曾公亮,未知,宋朝
12073,郑清之,未知,宋朝
12074,张孝祥,未知,宋朝
12075,曾布,未知,宋朝
12076,赵汝适,未知,宋朝
12077,黄篪,未知,宋朝
12078,王安国,未知,宋朝
12079,张焘,未知,宋朝
12080,杜醇,未知,宋朝
12081,王说,未知,宋朝
12082,王致,未知,宋朝
12083,袁章,未知,宋朝
12084,杨适,未知,宋朝
12085,葛天民,未知,宋朝
12086,刘松年,未知,宋朝
12087,屈鼎,未知,宋朝
12088,许道宁,未知,宋朝
12089,赵孟坚,未知,宋朝
12090,夏圭,未知,宋朝
12091,郭忠恕,未知,宋朝
12092,宋迪,未知,宋朝
12093,宋恭帝,未知,宋朝
12094,赵旉,未知,宋朝
12095,宋仁宗,未知,宋朝
12096,宋光宗,未知,宋朝
12097,宋哲宗,未知,宋朝
12098,宋续,未知,宋朝
12099,宋太宗,未知,宋朝
12100,宋孝宗,未知,宋朝
12101,宋宁宗,未知,宋朝
12102,宋度宗,未知,宋朝
12103,宋理宗,未知,宋朝
12104,宋真宗,未知,宋朝
12105,宋神宗,未知,宋朝
12106,宋端宗,未知,宋朝
12107,宋英宗,未知,宋朝
12108,宋钦宗,未知,宋朝
12109,宋高宗,未知,宋朝
12110,赵昺,未知,宋朝
12111,刘贤妃,绿文,宋朝
12112,韦贤妃,绿文,宋朝
12113,懿肃贵妃王氏,绿文,宋朝
12114,杨淑妃,绿文,宋朝
12115,林贤妃,绿文,宋朝
12116,沈贵妃,绿文,宋朝
12117,潘贤妃,绿文,宋朝
12118,邢秉懿,未知,宋朝
12119,元佑皇后,绿文,宋朝
12120,李宸妃,绿文,宋朝
12121,陈皇后,绿文,宋朝
12122,赵训,未知,宋朝
12123,赵子淔,未知,宋朝
12124,赵子崧,未知,宋朝
12125,赵子栎,未知,宋朝
12126,赵子砥,未知,宋朝
12127,赵子昼,未知,宋朝
12128,赵子潚,未知,宋朝
12129,赵希言,未知,宋朝
12130,赵希怿,未知,宋朝
12131,赵士珸,未知,宋朝
12132,赵士皘,未知,宋朝
12133,赵不弃,未知,宋朝
12134,赵不尤,未知,宋朝
12135,赵善俊,未知,宋朝
12136,赵善誉,未知,宋朝
12137,赵汝述,未知,宋朝
12138,赵叔近,未知,宋朝
12139,赵叔向,未知,宋朝
12140,赵彦倓,未知,宋朝
12141,赵彦橚,未知,宋朝
12142,赵彦逾,未知,宋朝
12143,范旻,未知,宋朝
12144,范杲,未知,宋朝
12145,王祚,未知,宋朝
12146,魏仁浦,未知,宋朝
12147,魏咸信,未知,宋朝
12148,魏昭亮,未知,宋朝
12149,石保兴,未知,宋朝
12150,石元孙,未知,宋朝
12151,石保吉,未知,宋朝
12152,王承衍,未知,宋朝
12153,王克臣,未知,宋朝
12154,王承衎,未知,宋朝
12155,韩重赟,未知,宋朝
12156,韩崇训,未知,宋朝
12157,韩崇业,未知,宋朝
12158,张令铎,未知,宋朝
12159,罗彦瓌,未知,宋朝
12160,王彦升,未知,宋朝
12161,韩伦,未知,宋朝
12162,韩令坤,未知,宋朝
12163,符彦卿,未知,宋朝
12164,符昭愿,未知,宋朝
12165,符昭寿,未知,宋朝
12166,王廷义,未知,宋朝
12167,郭承佑,未知,宋朝
12168,李洪信,未知,宋朝
12169,李洪义,未知,宋朝
12170,武行德,未知,宋朝
12171,杨承信,未知,宋朝
12172,侯章,未知,宋朝
12173,折德扆,未知,宋朝
12174,折御勋,未知,宋朝
12175,折御卿,未知,宋朝
12176,折克行,未知,宋朝
12177,冯继业,未知,宋朝
12178,王承美,未知,宋朝
12179,李继周,未知,宋朝
12180,孙行友,未知,宋朝
12181,孙全照,未知,宋朝
12182,侯益,未知,宋朝
12183,侯仁矩,未知,宋朝
12184,侯延广,未知,宋朝
12185,侯仁宝,未知,宋朝
12186,张从恩,未知,宋朝
12187,扈彦珂,未知,宋朝
12188,薛怀让,未知,宋朝
12189,赵赞,未知,宋朝
12190,李继勋,未知,宋朝
12191,药元福,未知,宋朝
12192,赵晁,未知,宋朝
12193,赵延溥,未知,宋朝
12194,郭崇,未知,宋朝
12195,杨廷璋,未知,宋朝
12196,宋偓,未知,宋朝
12197,向拱,未知,宋朝
12198,张永德,未知,宋朝
12199,王凯,未知,宋朝
12200,康延泽,未知,宋朝
12201,王继涛,未知,宋朝
12202,高彦晖,未知,宋朝
12203,赵安易,未知,宋朝
12204,吴廷祚,未知,宋朝
12205,吴元辅,未知,宋朝
12206,吴元载,未知,宋朝
12207,吴元扆,未知,宋朝
12208,李崇矩,未知,宋朝
12209,李继昌,未知,宋朝
12210,王仁赡,未知,宋朝
12211,楚昭辅,未知,宋朝
12212,李处耘,未知,宋朝
12213,李继隆,未知,宋朝
12214,李继和,未知,宋朝
12215,曹璨,未知,宋朝
12216,曹玮,未知,宋朝
12217,曹琮,未知,宋朝
12218,张美,未知,宋朝
12219,郭守文,未知,宋朝
12220,尹崇珂,未知,宋朝
12221,刘廷让,未知,宋朝
12222,袁继忠,未知,宋朝
12223,崔彦进,未知,宋朝
12224,张廷翰,未知,宋朝
12225,曹翰,未知,宋朝
12226,杨嗣,未知,宋朝
12227,杨赞,未知,宋朝
12228,党进,未知,宋朝
12229,李汉琼,未知,宋朝
12230,刘遇,未知,宋朝
12231,米信,未知,宋朝
12232,田重进,未知,宋朝
12233,刘廷翰,未知,宋朝
12234,崔翰,未知,宋朝
12235,郭琼,未知,宋朝
12236,陈承昭,未知,宋朝
12237,李万超,未知,宋朝
12238,白重赞,未知,宋朝
12239,王仁镐,未知,宋朝
12240,陈思让,未知,宋朝
12241,陈若拙,未知,宋朝
12242,焦继勋,未知,宋朝
12243,焦守节,未知,宋朝
12244,刘重进,未知,宋朝
12245,袁彦,未知,宋朝
12246,祁廷训,未知,宋朝
12247,张铎,未知,宋朝
12248,张禹圭,未知,宋朝
12249,李万全,未知,宋朝
12250,田景咸,未知,宋朝
12251,王晖,未知,宋朝
12252,李谷,未知,宋朝
12253,昝居润,未知,宋朝
12254,窦贞固,未知,宋朝
12255,李涛,未知,宋朝
12256,李仲容,未知,宋朝
12257,李浣,未知,宋朝
12258,王易简,未知,宋朝
12259,赵上交,未知,宋朝
12260,赵曮,未知,宋朝
12261,张铸,未知,宋朝
12262,边归谠,未知,宋朝
12263,刘温叟,未知,宋朝
12264,刘几,未知,宋朝
12265,刘涛,未知,宋朝
12266,边光范,未知,宋朝
12267,刘载,未知,宋朝
12268,程羽,未知,宋朝
12269,窦仪,未知,宋朝
12270,窦俨,未知,宋朝
12271,窦偁,未知,宋朝
12272,吕余庆,未知,宋朝
12273,刘熙古,未知,宋朝
12274,刘蒙正,未知,宋朝
12275,刘蒙叟,未知,宋朝
12276,石熙载,未知,宋朝
12277,石中立,未知,宋朝
12278,薛惟吉,未知,宋朝
12279,沈伦,未知,宋朝
12280,沈继宗,未知,宋朝
12281,卢亿,未知,宋朝
12282,卢多逊,未知,宋朝
12283,宋琪,未知,宋朝
12284,宋雄,未知,宋朝
12285,李宗讷,未知,宋朝
12286,李宗谔,未知,宋朝
12287,李昭述,未知,宋朝
12288,张宗诲,未知,宋朝
12289,贾黄中,未知,宋朝
12290,钱若水,未知,宋朝
12291,钱若冲,未知,宋朝
12292,苏易简,未知,宋朝
12293,郭贽,未知,宋朝
12294,李至,未知,宋朝
12295,辛仲甫,未知,宋朝
12296,王沔,未知,宋朝
12297,温仲舒,未知,宋朝
12298,王化基,未知,宋朝
12299,王举正,未知,宋朝
12300,王举元,未知,宋朝
12301,王诏,未知,宋朝
12302,张宏,未知,宋朝
12303,赵昌言,未知,宋朝
12304,陈恕,未知,宋朝
12305,魏羽,未知,宋朝
12306,刘昌言,未知,宋朝
12307,张洎,未知,宋朝
12308,柴禹锡,未知,宋朝
12309,张逊,未知,宋朝
12310,杨守一,未知,宋朝
12311,赵镕,未知,宋朝
12312,周莹,未知,宋朝
12313,王继英,未知,宋朝
12314,李惟清,未知,宋朝
12315,陶谷,未知,宋朝
12316,扈蒙,未知,宋朝
12317,王着,未知,宋朝
12318,王佑,未知,宋朝
12319,杨昭俭,未知,宋朝
12320,鱼崇谅,未知,宋朝
12321,张澹,未知,宋朝
12322,高锡,未知,宋朝
12323,高冕,未知,宋朝
12324,颜衎,未知,宋朝
12325,剧可久,未知,宋朝
12326,赵逢,未知,宋朝
12327,苏晓,未知,宋朝
12328,高防,未知,宋朝
12329,冯瓒,未知,宋朝
12330,边珝,未知,宋朝
12331,王明,未知,宋朝
12332,许仲宣,未知,宋朝
12333,杨克让,未知,宋朝
12334,段思恭,未知,宋朝
12335,侯陟,未知,宋朝
12336,李符,未知,宋朝
12337,魏丕,未知,宋朝
12338,董枢,未知,宋朝
12339,马令琮,未知,宋朝
12340,杜汉徽,未知,宋朝
12341,吴虔裕,未知,宋朝
12342,蔡审廷,未知,宋朝
12343,周广,未知,宋朝
12344,石曦,未知,宋朝
12345,张藏英,未知,宋朝
12346,陆万友,未知,宋朝
12347,解晖,未知,宋朝
12348,李韬,未知,宋朝
12349,王晋卿,未知,宋朝
12350,郭廷谓,未知,宋朝
12351,郭延浚,未知,宋朝
12352,郭延泽,未知,宋朝
12353,赵延进,未知,宋朝
12354,辅超,未知,宋朝
12355,荆罕儒,未知,宋朝
12356,荆嗣,未知,宋朝
12357,曹光实,未知,宋朝
12358,曹克明,未知,宋朝
12359,张晖,未知,宋朝
12360,司超,未知,宋朝
12361,李进卿,未知,宋朝
12362,李延渥,未知,宋朝
12363,杨美,未知,宋朝
12364,何继筠,未知,宋朝
12365,何承矩,未知,宋朝
12366,李汉超,未知,宋朝
12367,李守恩,未知,宋朝
12368,郭进,未知,宋朝
12369,牛思进,未知,宋朝
12370,李谦溥,未知,宋朝
12371,李允正,未知,宋朝
12372,姚内斌,未知,宋朝
12373,董遵诲,未知,宋朝
12374,贺惟忠,未知,宋朝
12375,马仁瑀,未知,宋朝
12376,王赞,未知,宋朝
12377,张保续,未知,宋朝
12378,赵玭,未知,宋朝
12379,卢怀忠,未知,宋朝
12380,王继勋,未知,宋朝
12381,丁德裕,未知,宋朝
12382,张延通,未知,宋朝
12383,梁迥,未知,宋朝
12384,田钦祚,未知,宋朝
12385,侯赟,未知,宋朝
12386,王文宝,未知,宋朝
12387,翟守素,未知,宋朝
12388,王侁,未知,宋朝
12389,刘审琼,未知,宋朝
12390,刘褔,未知,宋朝
12391,安守忠,未知,宋朝
12392,孔守正,未知,宋朝
12393,谭延美,未知,宋朝
12394,元达,未知,宋朝
12395,常思德,未知,宋朝
12396,尹继伦,未知,宋朝
12397,薛超,未知,宋朝
12398,丁罕,未知,宋朝
12399,郭密,未知,宋朝
12400,傅思让,未知,宋朝
12401,李斌,未知,宋朝
12402,田仁朗,未知,宋朝
12403,刘保勋,未知,宋朝
12404,滕中正,未知,宋朝
12405,刘蟠,未知,宋朝
12406,孔承恭,未知,宋朝
12407,宋珰,未知,宋朝
12408,袁廓,未知,宋朝
12409,樊知古,未知,宋朝
12410,郭载,未知,宋朝
12411,臧丙,未知,宋朝
12412,徐休复,未知,宋朝
12413,张观,未知,宋朝
12414,陈从信,未知,宋朝
12415,张从吉,未知,宋朝
12416,王继升,未知,宋朝
12417,尹宪,未知,宋朝
12418,王宾,未知,宋朝
12419,安忠,未知,宋朝
12420,姚坦,未知,宋朝
12421,索湘,未知,宋朝
12422,宋太初,未知,宋朝
12423,卢之翰,未知,宋朝
12424,郑文宝,未知,宋朝
12425,王子舆,未知,宋朝
12426,许骧,未知,宋朝
12427,裴庄,未知,宋朝
12428,牛冕,未知,宋朝
12429,张适,未知,宋朝
12430,栾崇吉,未知,宋朝
12431,袁逢吉,未知,宋朝
12432,韩国华,未知,宋朝
12433,何蒙,未知,宋朝
12434,慎知礼,未知,宋朝
12435,慎从吉,未知,宋朝
12436,马全义,未知,宋朝
12437,雷德骧,未知,宋朝
12438,雷孝先,未知,宋朝
12439,雷简夫,未知,宋朝
12440,雷有终,未知,宋朝
12441,王超,未知,宋朝
12442,王德用,未知,宋朝
12443,王继忠,未知,宋朝
12444,傅潜,未知,宋朝
12445,张昭允,未知,宋朝
12446,戴兴,未知,宋朝
12447,王汉忠,未知,宋朝
12448,王能,未知,宋朝
12449,张凝,未知,宋朝
12450,魏能,未知,宋朝
12451,陈兴,未知,宋朝
12452,许均,未知,宋朝
12453,张进,未知,宋朝
12454,李重贵,未知,宋朝
12455,刘用,未知,宋朝
12456,耿全斌,未知,宋朝
12457,周仁美,未知,宋朝
12458,田绍斌,未知,宋朝
12459,王荣,未知,宋朝
12460,杨琼,未知,宋朝
12461,钱守俊,未知,宋朝
12462,徐兴,未知,宋朝
12463,王杲,未知,宋朝
12464,李重诲,未知,宋朝
12465,白守素,未知,宋朝
12466,张思钧,未知,宋朝
12467,王延范,未知,宋朝
12468,毕士安,未知,宋朝
12469,毕仲衍,未知,宋朝
12470,毕仲游,未知,宋朝
12471,李维,未知,宋朝
12472,王旦,未知,宋朝
12473,向敏中,未知,宋朝
12474,林特,未知,宋朝
12475,丁谓,未知,宋朝
12476,夏安期,未知,宋朝
12477,陈尧叟,未知,宋朝
12478,陈尧佐,未知,宋朝
12479,陈渐,未知,宋朝
12480,陈尧咨,未知,宋朝
12481,陈执中,未知,宋朝
12482,刘沆,未知,宋朝
12483,冯拯,未知,宋朝
12484,冯行己,未知,宋朝
12485,冯伸己,未知,宋朝
12486,贾昌朝,未知,宋朝
12487,贾昌衡,未知,宋朝
12488,贾炎,未知,宋朝
12489,梁适,未知,宋朝
12490,梁子美,未知,宋朝
12491,鲁宗道,未知,宋朝
12492,薛奎,未知,宋朝
12493,王曙,未知,宋朝
12494,王益柔,未知,宋朝
12495,蔡齐,未知,宋朝
12496,蔡延庆,未知,宋朝
12497,杨砺,未知,宋朝
12498,宋湜,未知,宋朝
12499,王嗣宗,未知,宋朝
12500,李昌龄,未知,宋朝
12501,赵孚,未知,宋朝
12502,赵安仁,未知,宋朝
12503,赵良规,未知,宋朝
12504,赵君锡,未知,宋朝
12505,陈彭年,未知,宋朝
12506,任中正,未知,宋朝
12507,任中师,未知,宋朝
12508,周起,未知,宋朝
12509,程琳,未知,宋朝
12510,姜遵,未知,宋朝
12511,范雍,未知,宋朝
12512,范子奇,未知,宋朝
12513,范坦,未知,宋朝
12514,赵稹,未知,宋朝
12515,任布,未知,宋朝
12516,高若讷,未知,宋朝
12517,孙沔,未知,宋朝
12518,高琼,未知,宋朝
12519,高继勋,未知,宋朝
12520,高继宣,未知,宋朝
12521,范廷召,未知,宋朝
12522,葛怀敏,未知,宋朝
12523,孙继邺,未知,宋朝
12524,张耆,未知,宋朝
12525,张希一,未知,宋朝
12526,张利一,未知,宋朝
12527,杨崇勋,未知,宋朝
12528,夏守恩,未知,宋朝
12529,夏随,未知,宋朝
12530,夏守赟,未知,宋朝
12531,张玉,未知,宋朝
12532,孙节,未知,宋朝
12533,吴育,未知,宋朝
12534,宋绶,未知,宋朝
12535,宋昌言,未知,宋朝
12536,李若谷,未知,宋朝
12537,李寿朋,未知,宋朝
12538,李复圭,未知,宋朝
12539,王博文,未知,宋朝
12540,王畴,未知,宋朝
12541,王鬷,未知,宋朝
12542,李咨,未知,宋朝
12543,程戡,未知,宋朝
12544,夏侯峤,未知,宋朝
12545,盛度,未知,宋朝
12546,丁度,未知,宋朝
12547,郑戬,未知,宋朝
12548,明镐,未知,宋朝
12549,孙抃,未知,宋朝
12550,田况,未知,宋朝
12551,掌禹锡,未知,宋朝
12552,苏绅,未知,宋朝
12553,王洙,未知,宋朝
12554,王钦臣,未知,宋朝
12555,胥偃,未知,宋朝
12556,柳植,未知,宋朝
12557,聂冠卿,未知,宋朝
12558,冯元,未知,宋朝
12559,赵师民,未知,宋朝
12560,张揆,未知,宋朝
12561,杨安国,未知,宋朝
12562,孙甫,未知,宋朝
12563,谢绛,未知,宋朝
12564,谢景温,未知,宋朝
12565,杨察,未知,宋朝
12566,韩丕,未知,宋朝
12567,师颃,未知,宋朝
12568,张茂直,未知,宋朝
12569,梁颢,未知,宋朝
12570,杨徽之,未知,宋朝
12571,杨澈,未知,宋朝
12572,吕文仲,未知,宋朝
12573,吕佑之,未知,宋朝
12574,潘慎修,未知,宋朝
12575,杜镐,未知,宋朝
12576,查陶,未知,宋朝
12577,查道,未知,宋朝
12578,孔道辅,未知,宋朝
12579,孔宗翰,未知,宋朝
12580,鞠咏,未知,宋朝
12581,刘随,未知,宋朝
12582,曹修古,未知,宋朝
12583,郭劝,未知,宋朝
12584,段少连,未知,宋朝
12585,彭乘,未知,宋朝
12586,嵇颖,未知,宋朝
12587,梅挚,未知,宋朝
12588,司马池,未知,宋朝
12589,司马旦,未知,宋朝
12590,司马朴,未知,宋朝
12591,司马里,未知,宋朝
12592,李及,未知,宋朝
12593,燕肃,未知,宋朝
12594,燕度,未知,宋朝
12595,燕瑛,未知,宋朝
12596,蒋堂,未知,宋朝
12597,刘夔,未知,宋朝
12598,马亮,未知,宋朝
12599,陈希亮,未知,宋朝
12600,狄棐,未知,宋朝
12601,狄遵度,未知,宋朝
12602,郎简,未知,宋朝
12603,孙祖德,未知,宋朝
12604,石扬休,未知,宋朝
12605,祖士衡,未知,宋朝
12606,李垂,未知,宋朝
12607,张洞,未知,宋朝
12608,李仕衡,未知,宋朝
12609,李溥,未知,宋朝
12610,胡则,未知,宋朝
12611,薛颜,未知,宋朝
12612,许元,未知,宋朝
12613,钟离瑾,未知,宋朝
12614,孙冲,未知,宋朝
12615,崔峄,未知,宋朝
12616,田瑜,未知,宋朝
12617,施昌言,未知,宋朝
12618,杨偕,未知,宋朝
12619,王沿,未知,宋朝
12620,王鼎,未知,宋朝
12621,杜杞,未知,宋朝
12622,杨畋,未知,宋朝
12623,周湛,未知,宋朝
12624,徐的,未知,宋朝
12625,姚仲孙,未知,宋朝
12626,陈太素,未知,宋朝
12627,李虚己,未知,宋朝
12628,张傅,未知,宋朝
12629,俞献卿,未知,宋朝
12630,陈从易,未知,宋朝
12631,杨大雅,未知,宋朝
12632,边肃,未知,宋朝
12633,梅询,未知,宋朝
12634,马元方,未知,宋朝
12635,薛田,未知,宋朝
12636,寇瑊,未知,宋朝
12637,杨日严,未知,宋朝
12638,李行简,未知,宋朝
12639,章频,未知,宋朝
12640,陈琰,未知,宋朝
12641,李宥,未知,宋朝
12642,张秉,未知,宋朝
12643,张择行,未知,宋朝
12644,郑向,未知,宋朝
12645,郭稹,未知,宋朝
12646,赵贺,未知,宋朝
12647,高觌,未知,宋朝
12648,袁抗,未知,宋朝
12649,徐起,未知,宋朝
12650,张旨,未知,宋朝
12651,齐廓,未知,宋朝
12652,郑骧,未知,宋朝
12653,王臻,未知,宋朝
12654,鱼周询,未知,宋朝
12655,贾黯,未知,宋朝
12656,李京,未知,宋朝
12657,吴鼎臣,未知,宋朝
12658,吕景初,未知,宋朝
12659,吴及,未知,宋朝
12660,范师道,未知,宋朝
12661,李绚,未知,宋朝
12662,何中立,未知,宋朝
12663,沈邈,未知,宋朝
12664,魏瓘,未知,宋朝
12665,魏琰,未知,宋朝
12666,滕宗谅,未知,宋朝
12667,李防,未知,宋朝
12668,赵湘,未知,宋朝
12669,唐肃,未知,宋朝
12670,唐询,未知,宋朝
12671,张述,未知,宋朝
12672,胡顺之,未知,宋朝
12673,陈贯,未知,宋朝
12674,陈安石,未知,宋朝
12675,范祥,未知,宋朝
12676,范育,未知,宋朝
12677,田京,未知,宋朝
12678,周渭,未知,宋朝
12679,梁鼎,未知,宋朝
12680,范正辞,未知,宋朝
12681,范讽,未知,宋朝
12682,刘师道,未知,宋朝
12683,方偕,未知,宋朝
12684,曹颖叔,未知,宋朝
12685,刘元瑜,未知,宋朝
12686,杨告,未知,宋朝
12687,赵及,未知,宋朝
12688,刘湜,未知,宋朝
12689,仲简,未知,宋朝
12690,杨纮,未知,宋朝
12691,杨伟,未知,宋朝
12692,晁迥,未知,宋朝
12693,薛映,未知,宋朝
12694,谢泌,未知,宋朝
12695,孙何,未知,宋朝
12696,孙仅,未知,宋朝
12697,朱台符,未知,宋朝
12698,戚纶,未知,宋朝
12699,张去华,未知,宋朝
12700,张师德,未知,宋朝
12701,乐黄目,未知,宋朝
12702,柴成务,未知,宋朝
12703,乔维岳,未知,宋朝
12704,王陟,未知,宋朝
12705,董俨,未知,宋朝
12706,魏廷式,未知,宋朝
12707,卢琰,未知,宋朝
12708,宋抟,未知,宋朝
12709,凌策,未知,宋朝
12710,杨覃,未知,宋朝
12711,陈世卿,未知,宋朝
12712,李若拙,未知,宋朝
12713,李绎,未知,宋朝
12714,陈知微,未知,宋朝
12715,上官正,未知,宋朝
12716,卢斌,未知,宋朝
12717,周审玉,未知,宋朝
12718,裴济,未知,宋朝
12719,李继宣,未知,宋朝
12720,张旦,未知,宋朝
12721,王延德,未知,宋朝
12722,常延信,未知,宋朝
12723,程德玄,未知,宋朝
12724,魏震,未知,宋朝
12725,张质,未知,宋朝
12726,杨允恭,未知,宋朝
12727,秦羲,未知,宋朝
12728,谢德权,未知,宋朝
12729,阎日新,未知,宋朝
12730,靳怀德,未知,宋朝
12731,李柬之,未知,宋朝
12732,李肃之,未知,宋朝
12733,李承之,未知,宋朝
12734,李及之,未知,宋朝
12735,李孝寿,未知,宋朝
12736,李孝称,未知,宋朝
12737,王曾,未知,宋朝
12738,王子融,未知,宋朝
12739,张知白,未知,宋朝
12740,庞籍,未知,宋朝
12741,庞恭孙,未知,宋朝
12742,王随,未知,宋朝
12743,章得象,未知,宋朝
12744,吕公绰,未知,宋朝
12745,吕公弼,未知,宋朝
12746,吕公孺,未知,宋朝
12747,张士逊,未知,宋朝
12748,曾孝宽,未知,宋朝
12749,曾孝广,未知,宋朝
12750,曾孝蕴,未知,宋朝
12751,陈升之,未知,宋朝
12752,吴充,未知,宋朝
12753,王琪,未知,宋朝
12754,富绍庭,未知,宋朝
12755,范纯佑,未知,宋朝
12756,范正平,未知,宋朝
12757,范纯礼,未知,宋朝
12758,范纯粹,未知,宋朝
12759,韩亿,未知,宋朝
12760,韩绛,未知,宋朝
12761,韩宗师,未知,宋朝
12762,韩维,未知,宋朝
12763,韩宗武,未知,宋朝
12764,吴奎,未知,宋朝
12765,赵屼,未知,宋朝
12766,唐介,未知,宋朝
12767,唐淑问,未知,宋朝
12768,唐义问,未知,宋朝
12769,邵亢,未知,宋朝
12770,邵必,未知,宋朝
12771,冯京,未知,宋朝
12772,钱景谌,未知,宋朝
12773,钱即,未知,宋朝
12774,钱彦远,未知,宋朝
12775,钱勰,未知,宋朝
12776,钱明逸,未知,宋朝
12777,王拱辰,未知,宋朝
12778,张昪,未知,宋朝
12779,赵概,未知,宋朝
12780,胡宗炎,未知,宋朝
12781,胡宗愈,未知,宋朝
12782,胡宗回,未知,宋朝
12783,欧阳发,未知,宋朝
12784,欧阳棐,未知,宋朝
12785,刘奉世,未知,宋朝
12786,吕溱,未知,宋朝
12787,王靖,未知,宋朝
12788,王震,未知,宋朝
12789,彭思永,未知,宋朝
12790,郑獬,未知,宋朝
12791,陈襄,未知,宋朝
12792,钱公辅,未知,宋朝
12793,吕诲,未知,宋朝
12794,钱顗,未知,宋朝
12795,何郯,未知,宋朝
12796,吴中复,未知,宋朝
12797,吴择仁,未知,宋朝
12798,陈荐,未知,宋朝
12799,王猎,未知,宋朝
12800,孙思恭,未知,宋朝
12801,周孟阳,未知,宋朝
12802,齐恢,未知,宋朝
12803,杨绘,未知,宋朝
12804,刘庠,未知,宋朝
12805,朱京,未知,宋朝
12806,蔚昭敏,未知,宋朝
12807,高化,未知,宋朝
12808,周美,未知,宋朝
12809,阎守恭,未知,宋朝
12810,孟元,未知,宋朝
12811,赵振,未知,宋朝
12812,范恪,未知,宋朝
12813,马怀德,未知,宋朝
12814,安俊,未知,宋朝
12815,向宝,未知,宋朝
12816,石普,未知,宋朝
12817,张孜,未知,宋朝
12818,许怀德,未知,宋朝
12819,李允则,未知,宋朝
12820,刘文质,未知,宋朝
12821,刘涣,未知,宋朝
12822,刘沪,未知,宋朝
12823,赵滋,未知,宋朝
12824,刘兼济,未知,宋朝
12825,任福,未知,宋朝
12826,景泰,未知,宋朝
12827,张岊,未知,宋朝
12828,张君平,未知,宋朝
12829,史方,未知,宋朝
12830,卢鉴,未知,宋朝
12831,李渭,未知,宋朝
12832,王果,未知,宋朝
12833,郭咨,未知,宋朝
12834,田敏,未知,宋朝
12835,侍其曙,未知,宋朝
12836,康德舆,未知,宋朝
12837,张昭远,未知,宋朝
12838,唐垧,未知,宋朝
12839,王安礼,未知,宋朝
12840,李清臣,未知,宋朝
12841,安焘,未知,宋朝
12842,张璪,未知,宋朝
12843,蒲宗孟,未知,宋朝
12844,黄履,未知,宋朝
12845,蔡挺,未知,宋朝
12846,蔡抗,未知,宋朝
12847,王厚,未知,宋朝
12848,王采,未知,宋朝
12849,薛向,未知,宋朝
12850,薛嗣昌,未知,宋朝
12851,常秩,未知,宋朝
12852,邓绾,未知,宋朝
12853,邓洵武,未知,宋朝
12854,李定,未知,宋朝
12855,蹇周辅,未知,宋朝
12856,蹇序辰,未知,宋朝
12857,徐铎,未知,宋朝
12858,王广渊,未知,宋朝
12859,王陶,未知,宋朝
12860,王子韶,未知,宋朝
12861,何正臣,未知,宋朝
12862,陈绎,未知,宋朝
12863,任颛,未知,宋朝
12864,李参,未知,宋朝
12865,郭申锡,未知,宋朝
12866,傅求,未知,宋朝
12867,张景宪,未知,宋朝
12868,窦卞,未知,宋朝
12869,卢士宗,未知,宋朝
12870,钱象先,未知,宋朝
12871,韩璹,未知,宋朝
12872,杜纯,未知,宋朝
12873,杜纮,未知,宋朝
12874,杜常,未知,宋朝
12875,谢麟,未知,宋朝
12876,王宗望,未知,宋朝
12877,王吉甫,未知,宋朝
12878,孙长卿,未知,宋朝
12879,周沆,未知,宋朝
12880,李中师,未知,宋朝
12881,罗拯,未知,宋朝
12882,马仲甫,未知,宋朝
12883,王居卿,未知,宋朝
12884,孙构,未知,宋朝
12885,张诜,未知,宋朝
12886,苏采,未知,宋朝
12887,马从先,未知,宋朝
12888,李大临,未知,宋朝
12889,祖无择,未知,宋朝
12890,程师孟,未知,宋朝
12891,张问,未知,宋朝
12892,苗时中,未知,宋朝
12893,韩贽,未知,宋朝
12894,楚建中,未知,宋朝
12895,张颉,未知,宋朝
12896,卢革,未知,宋朝
12897,卢秉,未知,宋朝
12898,滕元发,未知,宋朝
12899,李师中,未知,宋朝
12900,陆诜,未知,宋朝
12901,陆师闵,未知,宋朝
12902,孙路,未知,宋朝
12903,游师雄,未知,宋朝
12904,穆衍,未知,宋朝
12905,杨佐,未知,宋朝
12906,李兑,未知,宋朝
12907,沈立,未知,宋朝
12908,张掞,未知,宋朝
12909,俞充,未知,宋朝
12910,阎询,未知,宋朝
12911,葛宫,未知,宋朝
12912,张田,未知,宋朝
12913,荣諲,未知,宋朝
12914,李载,未知,宋朝
12915,姚涣,未知,宋朝
12916,朱景,未知,宋朝
12917,朱光庭,未知,宋朝
12918,朱寿隆,未知,宋朝
12919,卢士宏,未知,宋朝
12920,单煦,未知,宋朝
12921,杨仲元,未知,宋朝
12922,余良肱,未知,宋朝
12923,潘夙,未知,宋朝
12924,徐禧,未知,宋朝
12925,李稷,未知,宋朝
12926,高永能,未知,宋朝
12927,沈起,未知,宋朝
12928,刘彝,未知,宋朝
12929,熊本,未知,宋朝
12930,萧注,未知,宋朝
12931,林广,未知,宋朝
12932,司马康,未知,宋朝
12933,吕希纯,未知,宋朝
12934,范百禄,未知,宋朝
12935,苏过,未知,宋朝
12936,苏元老,未知,宋朝
12937,吕大临,未知,宋朝
12938,刘挚,未知,宋朝
12939,王存,未知,宋朝
12940,孙固,未知,宋朝
12941,赵瞻,未知,宋朝
12942,傅尧俞,未知,宋朝
12943,梁焘,未知,宋朝
12944,王岩叟,未知,宋朝
12945,郑雍,未知,宋朝
12946,孙永,未知,宋朝
12947,元绛,未知,宋朝
12948,许将,未知,宋朝
12949,邓润甫,未知,宋朝
12950,林希,未知,宋朝
12951,林旦,未知,宋朝
12952,陆佃,未知,宋朝
12953,吴居厚,未知,宋朝
12954,温益,未知,宋朝
12955,孙觉,未知,宋朝
12956,孙览,未知,宋朝
12957,孔武仲,未知,宋朝
12958,鲜于侁,未知,宋朝
12959,顾临,未知,宋朝
12960,李之纯,未知,宋朝
12961,王觌,未知,宋朝
12962,王俊义,未知,宋朝
12963,马默,未知,宋朝
12964,刘安世,未知,宋朝
12965,邹浩,未知,宋朝
12966,任伯雨,未知,宋朝
12967,陈次升,未知,宋朝
12968,陈师锡,未知,宋朝
12969,彭汝霖,未知,宋朝
12970,彭汝方,未知,宋朝
12971,张庭坚,未知,宋朝
12972,龚夬,未知,宋朝
12973,孙谔,未知,宋朝
12974,陈轩,未知,宋朝
12975,江公望,未知,宋朝
12976,陈佑,未知,宋朝
12977,常安民,未知,宋朝
12978,孙鼛,未知,宋朝
12979,吴时,未知,宋朝
12980,吴师礼,未知,宋朝
12981,王汉之,未知,宋朝
12982,王涣之,未知,宋朝
12983,黄廉,未知,宋朝
12984,盛陶,未知,宋朝
12985,章衡,未知,宋朝
12986,颜复,未知,宋朝
12987,韩川,未知,宋朝
12988,龚鼎臣,未知,宋朝
12989,郑穆,未知,宋朝
12990,席旦,未知,宋朝
12991,乔执中,未知,宋朝
12992,傅楫,未知,宋朝
12993,沈畸,未知,宋朝
12994,萧服,未知,宋朝
12995,徐绩,未知,宋朝
12996,张汝明,未知,宋朝
12997,黄葆光,未知,宋朝
12998,石公弼,未知,宋朝
12999,张克公,未知,宋朝
13000,毛注,未知,宋朝
13001,洪彦升,未知,宋朝
13002,陶节夫,未知,宋朝
13003,毛渐,未知,宋朝
13004,王祖道,未知,宋朝
13005,张庄,未知,宋朝
13006,赵遹,未知,宋朝
13007,郝质,未知,宋朝
13008,窦舜卿,未知,宋朝
13009,刘昌祚,未知,宋朝
13010,卢政,未知,宋朝
13011,燕达,未知,宋朝
13012,姚兕,未知,宋朝
13013,姚雄,未知,宋朝
13014,姚古,未知,宋朝
13015,姚麟,未知,宋朝
13016,杨遂,未知,宋朝
13017,刘舜卿,未知,宋朝
13018,宋守约,未知,宋朝
13019,宋球,未知,宋朝
13020,苗授,未知,宋朝
13021,苗履,未知,宋朝
13022,王君万,未知,宋朝
13023,王赡,未知,宋朝
13024,张守约,未知,宋朝
13025,王文郁,未知,宋朝
13026,周永清,未知,宋朝
13027,刘绍能,未知,宋朝
13028,王光祖,未知,宋朝
13029,李浩,未知,宋朝
13030,和斌,未知,宋朝
13031,和诜,未知,宋朝
13032,刘仲武,未知,宋朝
13033,刘阒,未知,宋朝
13034,郭成,未知,宋朝
13035,张整,未知,宋朝
13036,张蕴,未知,宋朝
13037,王恩,未知,宋朝
13038,杨应询,未知,宋朝
13039,赵隆,未知,宋朝
13040,赵挺之,未知,宋朝
13041,张唐英,未知,宋朝
13042,张商英,未知,宋朝
13043,刘正夫,未知,宋朝
13044,何执中,未知,宋朝
13045,郑居中,未知,宋朝
13046,张康国,未知,宋朝
13047,朱谔,未知,宋朝
13048,刘逵,未知,宋朝
13049,林摅,未知,宋朝
13050,管师仁,未知,宋朝
13051,侯蒙,未知,宋朝
13052,唐恪,未知,宋朝
13053,余深,未知,宋朝
13054,薛昂,未知,宋朝
13055,吴敏,未知,宋朝
13056,王襄,未知,宋朝
13057,赵野,未知,宋朝
13058,曹辅,未知,宋朝
13059,耿南仲,未知,宋朝
13060,何栗,未知,宋朝
13061,孙傅,未知,宋朝
13062,陈过庭,未知,宋朝
13063,聂昌,未知,宋朝
13064,张阁,未知,宋朝
13065,张近,未知,宋朝
13066,郑仅,未知,宋朝
13067,宇文常,未知,宋朝
13068,许几,未知,宋朝
13069,程之邵,未知,宋朝
13070,龚原,未知,宋朝
13071,崔公度,未知,宋朝
13072,蒲卣,未知,宋朝
13073,沈铢,未知,宋朝
13074,沈锡,未知,宋朝
13075,路昌衡,未知,宋朝
13076,谢文瓘,未知,宋朝
13077,陆蕴,未知,宋朝
13078,黄寔,未知,宋朝
13079,姚佑,未知,宋朝
13080,沈积中,未知,宋朝
13081,李伯宗,未知,宋朝
13082,汪澥,未知,宋朝
13083,何常,未知,宋朝
13084,叶祖洽,未知,宋朝
13085,时彦,未知,宋朝
13086,霍端友,未知,宋朝
13087,俞栗,未知,宋朝
13088,蔡薿,未知,宋朝
13089,贾易,未知,宋朝
13090,董敦逸,未知,宋朝
13091,上官均,未知,宋朝
13092,来之邵,未知,宋朝
13093,叶涛,未知,宋朝
13094,杨畏,未知,宋朝
13095,崔台符,未知,宋朝
13096,杨汲,未知,宋朝
13097,吕嘉问,未知,宋朝
13098,李南公,未知,宋朝
13099,董必,未知,宋朝
13100,虞策,未知,宋朝
13101,虞奕,未知,宋朝
13102,郭知章,未知,宋朝
13103,刘拯,未知,宋朝
13104,钱遹,未知,宋朝
13105,石豫,未知,宋朝
13106,左肤,未知,宋朝
13107,许敦仁,未知,宋朝
13108,吴执中,未知,宋朝
13109,吴材,未知,宋朝
13110,宋乔年,未知,宋朝
13111,宋昪,未知,宋朝
13112,强渊明,未知,宋朝
13113,蔡居厚,未知,宋朝
13114,刘嗣明,未知,宋朝
13115,蒋静,未知,宋朝
13116,贾伟节,未知,宋朝
13117,崔鶠,未知,宋朝
13118,张根,未知,宋朝
13119,张朴,未知,宋朝
13120,任谅,未知,宋朝
13121,周常,未知,宋朝
13122,何灌,未知,宋朝
13123,李熙靖,未知,宋朝
13124,谭世绩,未知,宋朝
13125,梅执礼,未知,宋朝
13126,程振,未知,宋朝
13127,刘延庆,未知,宋朝
13128,张枃,未知,宋朝
13129,范宗尹,未知,宋朝
13130,范致虚,未知,宋朝
13131,李孟传,未知,宋朝
13132,许翰,未知,宋朝
13133,许景衡,未知,宋朝
13134,张所,未知,宋朝
13135,陈禾,未知,宋朝
13136,蒋猷,未知,宋朝
13137,刘锜,未知,宋朝
13138,吴玠,未知,宋朝
13139,吴璘,未知,宋朝
13140,吴挺,未知,宋朝
13141,李显忠,未知,宋朝
13142,杨存中,未知,宋朝
13143,郭浩,未知,宋朝
13144,魏胜,未知,宋朝
13145,胡闳休,未知,宋朝
13146,张子盖,未知,宋朝
13147,张宗颜,未知,宋朝
13148,解元,未知,宋朝
13149,曲端,未知,宋朝
13150,王友直,未知,宋朝
13151,李宝,未知,宋朝
13152,成闵,未知,宋朝
13153,赵密,未知,宋朝
13154,刘子羽,未知,宋朝
13155,吕祉,未知,宋朝
13156,胡世将,未知,宋朝
13157,郑刚中,未知,宋朝
13158,白时中,未知,宋朝
13159,徐处仁,未知,宋朝
13160,冯澥,未知,宋朝
13161,王伦,未知,宋朝
13162,汤思退,未知,宋朝
13163,朱倬,未知,宋朝
13164,王纶,未知,宋朝
13165,尹穑,未知,宋朝
13166,王之望,未知,宋朝
13167,徐俯,未知,宋朝
13168,沈与求,未知,宋朝
13169,翟汝文,未知,宋朝
13170,王庶,未知,宋朝
13171,辛炳,未知,宋朝
13172,郑望之,未知,宋朝
13173,洪适,未知,宋朝
13174,张九成,未知,宋朝
13175,廖刚,未知,宋朝
13176,李迨,未知,宋朝
13177,赵开,未知,宋朝
13178,邓肃,未知,宋朝
13179,李邴,未知,宋朝
13180,滕康,未知,宋朝
13181,张守,未知,宋朝
13182,富直柔,未知,宋朝
13183,冯康国,未知,宋朝
13184,常同,未知,宋朝
13185,张致远,未知,宋朝
13186,薛徽言,未知,宋朝
13187,陈渊,未知,宋朝
13188,魏矼,未知,宋朝
13189,潘良贵,未知,宋朝
13190,陈规,未知,宋朝
13191,季陵,未知,宋朝
13192,卢知原,未知,宋朝
13193,卢法原,未知,宋朝
13194,陈桷,未知,宋朝
13195,李朴,未知,宋朝
13196,王庠,未知,宋朝
13197,王衣,未知,宋朝
13198,刘珏,未知,宋朝
13199,胡舜陟,未知,宋朝
13200,沈晦,未知,宋朝
13201,刘一止,未知,宋朝
13202,刘宁止,未知,宋朝
13203,胡交修,未知,宋朝
13204,綦崇礼,未知,宋朝
13205,章谊,未知,宋朝
13206,韩肖胄,未知,宋朝
13207,陈公辅,未知,宋朝
13208,张觷,未知,宋朝
13209,胡松年,未知,宋朝
13210,曹勋,未知,宋朝
13211,李稙,未知,宋朝
13212,韩公裔,未知,宋朝
13213,何铸,未知,宋朝
13214,范同,未知,宋朝
13215,杨愿,未知,宋朝
13216,楼昭,未知,宋朝
13217,薛弼,未知,宋朝
13218,罗汝楫,未知,宋朝
13219,罗愿,未知,宋朝
13220,萧振,未知,宋朝
13221,范如圭,未知,宋朝
13222,吴表臣,未知,宋朝
13223,王居正,未知,宋朝
13224,晏敦复,未知,宋朝
13225,黄龟年,未知,宋朝
13226,程瑀,未知,宋朝
13227,张阐,未知,宋朝
13228,洪拟,未知,宋朝
13229,赵逵,未知,宋朝
13230,黄中,未知,宋朝
13231,孙道夫,未知,宋朝
13232,曾开,未知,宋朝
13233,勾涛,未知,宋朝
13234,李弥逊,未知,宋朝
13235,李弥大,未知,宋朝
13236,陈俊卿,未知,宋朝
13237,辛次膺,未知,宋朝
13238,陈康伯,未知,宋朝
13239,梁克家,未知,宋朝
13240,汪澈,未知,宋朝
13241,叶义问,未知,宋朝
13242,蒋芾,未知,宋朝
13243,叶颙,未知,宋朝
13244,叶衡,未知,宋朝
13245,葛邲,未知,宋朝
13246,钱端礼,未知,宋朝
13247,魏杞,未知,宋朝
13248,周葵,未知,宋朝
13249,施师点,未知,宋朝
13250,萧燧,未知,宋朝
13251,龚茂良,未知,宋朝
13252,刘珙,未知,宋朝
13253,王蔺,未知,宋朝
13254,黄祖舜,未知,宋朝
13255,王大宝,未知,宋朝
13256,金安节,未知,宋朝
13257,王刚中,未知,宋朝
13258,黄洽,未知,宋朝
13259,汪应辰,未知,宋朝
13260,吴芾,未知,宋朝
13261,陈良翰,未知,宋朝
13262,杜莘老,未知,宋朝
13263,周执羔,未知,宋朝
13264,王希吕,未知,宋朝
13265,陈良佑,未知,宋朝
13266,陈橐,未知,宋朝
13267,唐文若,未知,宋朝
13268,谢谔,未知,宋朝
13269,颜师鲁,未知,宋朝
13270,李椿,未知,宋朝
13271,刘仪凤,未知,宋朝
13272,李衡,未知,宋朝
13273,王自中,未知,宋朝
13274,家愿,未知,宋朝
13275,张大经,未知,宋朝
13276,蔡洸,未知,宋朝
13277,莫蒙,未知,宋朝
13278,周淙,未知,宋朝
13279,刘章,未知,宋朝
13280,沈作宾,未知,宋朝
13281,留正,未知,宋朝
13282,胡晋臣,未知,宋朝
13283,赵崇宪,未知,宋朝
13284,彭龟年,未知,宋朝
13285,罗点,未知,宋朝
13286,黄度,未知,宋朝
13287,周南,未知,宋朝
13288,林大中,未知,宋朝
13289,陈骙,未知,宋朝
13290,黄黼,未知,宋朝
13291,詹体仁,未知,宋朝
13292,何澹,未知,宋朝
13293,林栗,未知,宋朝
13294,高文虎,未知,宋朝
13295,陈自强,未知,宋朝
13296,郑丙,未知,宋朝
13297,京镗,未知,宋朝
13298,谢深甫,未知,宋朝
13299,许及之,未知,宋朝
13300,梁汝嘉,未知,宋朝
13301,李大性,未知,宋朝
13302,任希夷,未知,宋朝
13303,徐应龙,未知,宋朝
13304,庄夏,未知,宋朝
13305,王阮,未知,宋朝
13306,方信孺,未知,宋朝
13307,王楠,未知,宋朝
13308,王淮,未知,宋朝
13309,赵雄,未知,宋朝
13310,权邦彦,未知,宋朝
13311,程松,未知,宋朝
13312,陈谦,未知,宋朝
13313,张岩,未知,宋朝
13314,徐谊,未知,宋朝
13315,吴猎,未知,宋朝
13316,项安世,未知,宋朝
13317,薛叔似,未知,宋朝
13318,刘甲,未知,宋朝
13319,杨辅,未知,宋朝
13320,刘光祖,未知,宋朝
13321,余端礼,未知,宋朝
13322,李壁,未知,宋朝
13323,丘崇,未知,宋朝
13324,倪思,未知,宋朝
13325,李蘩,未知,宋朝
13326,郑瑴,未知,宋朝
13327,王庭秀,未知,宋朝
13328,仇悆,未知,宋朝
13329,高登,未知,宋朝
13330,娄寅亮,未知,宋朝
13331,宋汝为,未知,宋朝
13332,吴柔胜,未知,宋朝
13333,游仲鸿,未知,宋朝
13334,王介,未知,宋朝
13335,宋德之,未知,宋朝
13336,杨大全,未知,宋朝
13337,何异,未知,宋朝
13338,刘宰,未知,宋朝
13339,刘爚,未知,宋朝
13340,柴中行,未知,宋朝
13341,张诏,未知,宋朝
13342,毕再遇,未知,宋朝
13343,安丙,未知,宋朝
13344,杨巨源,未知,宋朝
13345,李好义,未知,宋朝
13346,赵方,未知,宋朝
13347,贾涉,未知,宋朝
13348,扈再兴,未知,宋朝
13349,孟宗政,未知,宋朝
13350,汪若海,未知,宋朝
13351,张运,未知,宋朝
13352,柳约,未知,宋朝
13353,李舜臣,未知,宋朝
13354,孙逢吉,未知,宋朝
13355,章颖,未知,宋朝
13356,商飞卿,未知,宋朝
13357,刘颖,未知,宋朝
13358,徐邦宪,未知,宋朝
13359,李宗勉,未知,宋朝
13360,刘黻,未知,宋朝
13361,王居安,未知,宋朝
13362,崔与之,未知,宋朝
13363,许奕,未知,宋朝
13364,陈居仁,未知,宋朝
13365,刘汉弼,未知,宋朝
13366,杜范,未知,宋朝
13367,钱时,未知,宋朝
13368,张虙,未知,宋朝
13369,吕午,未知,宋朝
13370,吕沆,未知,宋朝
13371,吴昌裔,未知,宋朝
13372,汪纲,未知,宋朝
13373,陈宓,未知,宋朝
13374,王霆,未知,宋朝
13375,高定子,未知,宋朝
13376,张忠恕,未知,宋朝
13377,唐璘,未知,宋朝
13378,娄机,未知,宋朝
13379,曹彦约,未知,宋朝
13380,范应铃,未知,宋朝
13381,徐经孙,未知,宋朝
13382,汤璹,未知,宋朝
13383,蒋重珍,未知,宋朝
13384,牟子才,未知,宋朝
13385,朱貔孙,未知,宋朝
13386,杜庶,未知,宋朝
13387,王登,未知,宋朝
13388,杨掞,未知,宋朝
13389,张惟孝,未知,宋朝
13390,陈咸,未知,宋朝
13391,赵汝谈,未知,宋朝
13392,赵汝谠,未知,宋朝
13393,赵希錧,未知,宋朝
13394,赵彦呐,未知,宋朝
13395,赵善湘,未知,宋朝
13396,赵与欢,未知,宋朝
13397,赵愿,未知,宋朝
13398,董槐,未知,宋朝
13399,马廷鸾,未知,宋朝
13400,傅伯成,未知,宋朝
13401,曾三复,未知,宋朝
13402,黄畴若,未知,宋朝
13403,危稹,未知,宋朝
13404,程公许,未知,宋朝
13405,罗必元,未知,宋朝
13406,吴渊,未知,宋朝
13407,余玠,未知,宋朝
13408,汪立信,未知,宋朝
13409,向士璧,未知,宋朝
13410,冷应澄,未知,宋朝
13411,曹叔远,未知,宋朝
13412,曹豳,未知,宋朝
13413,王万,未知,宋朝
13414,马光祖,未知,宋朝
13415,乔行简,未知,宋朝
13416,范钟,未知,宋朝
13417,游似,未知,宋朝
13418,赵葵,未知,宋朝
13419,谢方叔,未知,宋朝
13420,吴潜,未知,宋朝
13421,程元凤,未知,宋朝
13422,江万里,未知,宋朝
13423,王爚,未知,宋朝
13424,章鉴,未知,宋朝
13425,薛极,未知,宋朝
13426,陈贵谊,未知,宋朝
13427,曾从龙,未知,宋朝
13428,郑性之,未知,宋朝
13429,李鸣复,未知,宋朝
13430,邹应龙,未知,宋朝
13431,许应龙,未知,宋朝
13432,林略,未知,宋朝
13433,徐荣叟,未知,宋朝
13434,别之杰,未知,宋朝
13435,刘伯正,未知,宋朝
13436,金渊,未知,宋朝
13437,李性传,未知,宋朝
13438,陈韡,未知,宋朝
13439,崔福,未知,宋朝
13440,王伯大,未知,宋朝
13441,郑采,未知,宋朝
13442,徐清叟,未知,宋朝
13443,王野,未知,宋朝
13444,张磻,未知,宋朝
13445,马天骥,未知,宋朝
13446,朱熠,未知,宋朝
13447,饶虎臣,未知,宋朝
13448,戴庆炣,未知,宋朝
13449,皮龙荣,未知,宋朝
13450,沈炎,未知,宋朝
13451,杨栋,未知,宋朝
13452,姚希得,未知,宋朝
13453,包恢,未知,宋朝
13454,常挺,未知,宋朝
13455,陈宗礼,未知,宋朝
13456,常楙,未知,宋朝
13457,家铉翁,未知,宋朝
13458,李庭芝,未知,宋朝
13459,林勋,未知,宋朝
13460,刘才邵,未知,宋朝
13461,许忻,未知,宋朝
13462,应孟明,未知,宋朝
13463,曾三聘,未知,宋朝
13464,徐侨,未知,宋朝
13465,度正,未知,宋朝
13466,程珌,未知,宋朝
13467,牛大年,未知,宋朝
13468,陈仲微,未知,宋朝
13469,梁成大,未知,宋朝
13470,李知孝,未知,宋朝
13471,吴泳,未知,宋朝
13472,徐范,未知,宋朝
13473,李韶,未知,宋朝
13474,史弥巩,未知,宋朝
13475,陈埙,未知,宋朝
13476,李大同,未知,宋朝
13477,杨大异,未知,宋朝
13478,陆持之,未知,宋朝
13479,徐鹿卿,未知,宋朝
13480,赵逢龙,未知,宋朝
13481,赵汝腾,未知,宋朝
13482,孙梦观,未知,宋朝
13483,洪天锡,未知,宋朝
13484,黄师雍,未知,宋朝
13485,徐元杰,未知,宋朝
13486,孙子秀,未知,宋朝
13487,李伯玉,未知,宋朝
13488,刘应龙,未知,宋朝
13489,潘牥,未知,宋朝
13490,洪芹,未知,宋朝
13491,赵景纬,未知,宋朝
13492,冯去非,未知,宋朝
13493,徐宗仁,未知,宋朝
13494,危昭德,未知,宋朝
13495,陈垲,未知,宋朝
13496,杨文仲,未知,宋朝
13497,陈靖,未知,宋朝
13498,张纶,未知,宋朝
13499,邵晔,未知,宋朝
13500,崔立,未知,宋朝
13501,鲁有开,未知,宋朝
13502,张逸,未知,宋朝
13503,吴遵路,未知,宋朝
13504,赵尚宽,未知,宋朝
13505,高赋,未知,宋朝
13506,韩晋卿,未知,宋朝
13507,叶康直,未知,宋朝
13508,张戬,未知,宋朝
13509,刘绚,未知,宋朝
13510,李吁,未知,宋朝
13511,谢良佐,未知,宋朝
13512,游酢,未知,宋朝
13513,张绎,未知,宋朝
13514,苏昞,未知,宋朝
13515,尹焞,未知,宋朝
13516,黄干,未知,宋朝
13517,李燔,未知,宋朝
13518,张洽,未知,宋朝
13519,陈淳,蓝文,宋朝
13520,李方子,未知,宋朝
13521,黄灏,未知,宋朝
13522,聂崇义,未知,宋朝
13523,邢昺,未知,宋朝
13524,孙奭,未知,宋朝
13525,王昭素,未知,宋朝
13526,孔维,未知,宋朝
13527,崔颂,未知,宋朝
13528,尹拙,未知,宋朝
13529,辛文悦,未知,宋朝
13530,李觉,未知,宋朝
13531,崔颐正,未知,宋朝
13532,崔偓佺,未知,宋朝
13533,李之才,未知,宋朝
13534,胡旦,未知,宋朝
13535,贾同,未知,宋朝
13536,刘颜,未知,宋朝
13537,高弁,未知,宋朝
13538,林概,未知,宋朝
13539,何涉,未知,宋朝
13540,王回,未知,宋朝
13541,周尧卿,未知,宋朝
13542,王当,未知,宋朝
13543,陈旸,未知,宋朝
13544,邵伯温,未知,宋朝
13545,喻樗,未知,宋朝
13546,洪兴祖,未知,宋朝
13547,林之奇,未知,宋朝
13548,林光朝,未知,宋朝
13549,刘子翚,未知,宋朝
13550,蔡元定,未知,宋朝
13551,陆九龄,未知,宋朝
13552,薛季宣,未知,宋朝
13553,戴溪,未知,宋朝
13554,蔡幼学,未知,宋朝
13555,杨泰之,未知,宋朝
13556,范冲,未知,宋朝
13557,朱震,未知,宋朝
13558,胡寅,未知,宋朝
13559,李道传,未知,宋朝
13560,程迥,未知,宋朝
13561,刘清之,未知,宋朝
13562,廖德明,未知,宋朝
13563,汤汉,未知,宋朝
13564,何基,未知,宋朝
13565,王柏,未知,宋朝
13566,叶味道,未知,宋朝
13567,郑起,未知,宋朝
13568,和岘,未知,宋朝
13569,冯吉,未知,宋朝
13570,高頔,未知,宋朝
13571,李度,未知,宋朝
13572,韩溥,未知,宋朝
13573,鞠常,未知,宋朝
13574,宋准,未知,宋朝
13575,罗处约,未知,宋朝
13576,安德裕,未知,宋朝
13577,钱熙,未知,宋朝
13578,陈充,未知,宋朝
13579,黄夷简,未知,宋朝
13580,句中正,未知,宋朝
13581,曾致尧,未知,宋朝
13582,刁衎,未知,宋朝
13583,姚铉,未知,宋朝
13584,洪湛,未知,宋朝
13585,路振,未知,宋朝
13586,崔遵度,未知,宋朝
13587,陈越,未知,宋朝
13588,石延年,未知,宋朝
13589,萧贯,未知,宋朝
13590,尹源,未知,宋朝
13591,黄亢,未知,宋朝
13592,黄鉴,未知,宋朝
13593,杨蟠,未知,宋朝
13594,颜太初,未知,宋朝
13595,江休复,未知,宋朝
13596,章望之,未知,宋朝
13597,孙唐卿,未知,宋朝
13598,杨杰,未知,宋朝
13599,刘泾,未知,宋朝
13600,鲍由,未知,宋朝
13601,黄伯思,未知,宋朝
13602,晁咏之,未知,宋朝
13603,王无咎,未知,宋朝
13604,蔡肇,未知,宋朝
13605,李格非,未知,宋朝
13606,郭祥正,未知,宋朝
13607,刘诜,未知,宋朝
13608,倪涛,未知,宋朝
13609,朱长文,未知,宋朝
13610,刘弇,未知,宋朝
13611,程俱,未知,宋朝
13612,张嵲,未知,宋朝
13613,韩驹,未知,宋朝
13614,熊克,未知,宋朝
13615,张即之,未知,宋朝
13616,康保裔,未知,宋朝
13617,马遂,未知,宋朝
13618,董元亨,未知,宋朝
13619,曹觐,未知,宋朝
13620,孔宗旦,未知,宋朝
13621,赵师旦,未知,宋朝
13622,苏缄,未知,宋朝
13623,秦传序,未知,宋朝
13624,詹良臣,未知,宋朝
13625,江仲明,未知,宋朝
13626,刘韐,未知,宋朝
13627,傅察,未知,宋朝
13628,杨宗闵,未知,宋朝
13629,张克戬,未知,宋朝
13630,张确,未知,宋朝
13631,朱昭,未知,宋朝
13632,史抗,未知,宋朝
13633,孙益,未知,宋朝
13634,霍安国,未知,宋朝
13635,李涓,未知,宋朝
13636,徐揆,未知,宋朝
13637,陈遘,未知,宋朝
13638,赵不试,未知,宋朝
13639,唐重,未知,宋朝
13640,郭忠孝,未知,宋朝
13641,程迪,未知,宋朝
13642,徐徽言,未知,宋朝
13643,向子韶,未知,宋朝
13644,杨邦乂,未知,宋朝
13645,曾怘,未知,宋朝
13646,刘汲,未知,宋朝
13647,吕由诚,未知,宋朝
13648,欧阳珣,未知,宋朝
13649,张忠辅,未知,宋朝
13650,李彦仙,未知,宋朝
13651,邵云,未知,宋朝
13652,吕圆登,未知,宋朝
13653,宋炎,未知,宋朝
13654,赵立,未知,宋朝
13655,王复,未知,宋朝
13656,王忠植,未知,宋朝
13657,唐琦,未知,宋朝
13658,李震,未知,宋朝
13659,陈求道,未知,宋朝
13660,吴安国,未知,宋朝
13661,林冲之,未知,宋朝
13662,林郁,未知,宋朝
13663,林霆,未知,宋朝
13664,滕茂实,未知,宋朝
13665,阎进,未知,宋朝
13666,赵师槚,未知,宋朝
13667,易青,未知,宋朝
13668,胡斌,未知,宋朝
13669,范旺,未知,宋朝
13670,马俊,未知,宋朝
13671,杨震仲,未知,宋朝
13672,史次秦,未知,宋朝
13673,高稼,未知,宋朝
13674,曹友闻,未知,宋朝
13675,陈寅,未知,宋朝
13676,贾子坤,未知,宋朝
13677,刘锐,未知,宋朝
13678,蹇彝,未知,宋朝
13679,陈隆之,未知,宋朝
13680,李诚之,未知,宋朝
13681,秦鉅,未知,宋朝
13682,陈元桂,未知,宋朝
13683,张贵,未知,宋朝
13684,范天顺,未知,宋朝
13685,牛富,未知,宋朝
13686,边居谊,未知,宋朝
13687,陈昭,未知,宋朝
13688,王安节,未知,宋朝
13689,尹玉,未知,宋朝
13690,李芾,未知,宋朝
13691,尹谷,未知,宋朝
13692,杨霆,未知,宋朝
13693,赵卯发,未知,宋朝
13694,唐震,未知,宋朝
13695,赵与檡,未知,宋朝
13696,赵孟锦,未知,宋朝
13697,赵淮,未知,宋朝
13698,赵良淳,未知,宋朝
13699,徐道隆,未知,宋朝
13700,姜才,未知,宋朝
13701,马塈,未知,宋朝
13702,密佑,未知,宋朝
13703,徐应镳,未知,宋朝
13704,邓得遇,未知,宋朝
13705,张珏,未知,宋朝
13706,高敏,未知,宋朝
13707,景思忠,未知,宋朝
13708,景思立,未知,宋朝
13709,王奇,未知,宋朝
13710,庄兴祖,未知,宋朝
13711,郭浒,未知,宋朝
13712,吴革,未知,宋朝
13713,李翼,未知,宋朝
13714,阮骏,未知,宋朝
13715,赵士嶐,未知,宋朝
13716,陈淬,未知,宋朝
13717,黄友,未知,宋朝
13718,郝仲连,未知,宋朝
13719,刘惟辅,未知,宋朝
13720,牛皓,未知,宋朝
13721,魏彦明,未知,宋朝
13722,刘士英,未知,宋朝
13723,翟兴,未知,宋朝
13724,翟进,未知,宋朝
13725,朱跸,未知,宋朝
13726,朱良,未知,宋朝
13727,方允武,未知,宋朝
13728,凌唐佐,未知,宋朝
13729,杨粹中,未知,宋朝
13730,强霓,未知,宋朝
13731,郭撰,未知,宋朝
13732,郭赞,未知,宋朝
13733,吴从龙,未知,宋朝
13734,林空斋,未知,宋朝
13735,黄介,未知,宋朝
13736,王仙,未知,宋朝
13737,吴楚材,未知,宋朝
13738,李成大,未知,宋朝
13739,陶居仁,未知,宋朝
13740,高永年,未知,宋朝
13741,鞠嗣复,未知,宋朝
13742,宋旅,未知,宋朝
13743,丁仲修,未知,宋朝
13744,项德,未知,宋朝
13745,孙昭远,未知,宋朝
13746,曾孝序,未知,宋朝
13747,赵伯振,未知,宋朝
13748,王士言,未知,宋朝
13749,祝公明,未知,宋朝
13750,薛庆,未知,宋朝
13751,孙晖,未知,宋朝
13752,李靓,未知,宋朝
13753,杨照,未知,宋朝
13754,丁元,未知,宋朝
13755,宋昌祚,未知,宋朝
13756,李政,未知,宋朝
13757,姜绶,未知,宋朝
13758,屈坚,未知,宋朝
13759,陈亨祖,未知,宋朝
13760,王拱,未知,宋朝
13761,刘泰,未知,宋朝
13762,孙逢,未知,宋朝
13763,赵俊,未知,宋朝
13764,刘化源,未知,宋朝
13765,胡唐老,未知,宋朝
13766,王俦,未知,宋朝
13767,朱嗣孟,未知,宋朝
13768,郑振,未知,宋朝
13769,孟彦卿,未知,宋朝
13770,高谈,未知,宋朝
13771,连万夫,未知,宋朝
13772,王大寿,未知,宋朝
13773,薛良显,未知,宋朝
13774,唐敏求,未知,宋朝
13775,王师道,未知,宋朝
13776,赵时赏,未知,宋朝
13777,赵希洎,未知,宋朝
13778,刘子荐,未知,宋朝
13779,黄文政,未知,宋朝
13780,吕文信,未知,宋朝
13781,钟季玉,未知,宋朝
13782,耿世安,未知,宋朝
13783,丁黼,未知,宋朝
13784,米立,未知,宋朝
13785,杨寿孙,未知,宋朝
13786,侯畐,未知,宋朝
13787,王孝忠,未知,宋朝
13788,高应松,未知,宋朝
13789,张山翁,未知,宋朝
13790,黄申,未知,宋朝
13791,陈羍,未知,宋朝
13792,萧雷龙,未知,宋朝
13793,宋应龙,未知,宋朝
13794,邹洬,未知,宋朝
13795,刘子俊,未知,宋朝
13796,刘沐,未知,宋朝
13797,彭震龙,未知,宋朝
13798,萧焘夫,未知,宋朝
13799,陈继周,未知,宋朝
13800,张汴,未知,宋朝
13801,吕武,未知,宋朝
13802,巩信,未知,宋朝
13803,萧明哲,未知,宋朝
13804,杜浒,未知,宋朝
13805,林琦,未知,宋朝
13806,萧资,未知,宋朝
13807,除臻,未知,宋朝
13808,金应,未知,宋朝
13809,何时,未知,宋朝
13810,陈子敬,未知,宋朝
13811,刘士昭,未知,宋朝
13812,赵孟垒,未知,宋朝
13813,马伸,未知,宋朝
13814,吕祖俭,未知,宋朝
13815,吕祖泰,未知,宋朝
13816,杨宏中,未知,宋朝
13817,邓若水,未知,宋朝
13818,僧真宝,未知,宋朝
13819,莫谦之,未知,宋朝
13820,徐道明,未知,宋朝
13821,徐承圭,未知,宋朝
13822,刘孝忠,未知,宋朝
13823,齐得一,未知,宋朝
13824,胡仲尧,未知,宋朝
13825,胡仲容,未知,宋朝
13826,陈兢,未知,宋朝
13827,洪文抚,未知,宋朝
13828,易延庆,未知,宋朝
13829,郭琮,未知,宋朝
13830,顾忻,未知,宋朝
13831,朱泰,未知,宋朝
13832,成象,未知,宋朝
13833,陈思道,未知,宋朝
13834,方纲,未知,宋朝
13835,庞天佑,未知,宋朝
13836,祁暐,未知,宋朝
13837,李玭,未知,宋朝
13838,侯义,未知,宋朝
13839,江白,未知,宋朝
13840,杜谊,未知,宋朝
13841,姚宗明,未知,宋朝
13842,朱寿昌,未知,宋朝
13843,侯可,未知,宋朝
13844,申积中,未知,宋朝
13845,郝戭,未知,宋朝
13846,支渐,未知,宋朝
13847,仰忻,未知,宋朝
13848,赵伯深,未知,宋朝
13849,毛洵,未知,宋朝
13850,李筹,未知,宋朝
13851,杨芾,未知,宋朝
13852,陈宗,未知,宋朝
13853,郭义,未知,宋朝
13854,颜诩,未知,宋朝
13855,张伯威,未知,宋朝
13856,蔡定,未知,宋朝
13857,郑绮,未知,宋朝
13858,戚同文,未知,宋朝
13859,种放,未知,宋朝
13860,万适,未知,宋朝
13861,李渎,未知,宋朝
13862,邢敦,未知,宋朝
13863,高怿,未知,宋朝
13864,徐复,未知,宋朝
13865,孔旼,未知,宋朝
13866,何群,未知,宋朝
13867,王樵,未知,宋朝
13868,张愈,未知,宋朝
13869,黄晞,未知,宋朝
13870,周启明,未知,宋朝
13871,代渊,未知,宋朝
13872,陈烈,未知,宋朝
13873,孙侔,未知,宋朝
13874,刘易,未知,宋朝
13875,姜潜,未知,宋朝
13876,连庶,未知,宋朝
13877,章察,未知,宋朝
13878,俞汝尚,未知,宋朝
13879,阳孝本,未知,宋朝
13880,邓考甫,未知,宋朝
13881,吴瑛,未知,宋朝
13882,南安翁,未知,宋朝
13883,苏云卿,未知,宋朝
13884,谯定,未知,宋朝
13885,王忠民,未知,宋朝
13886,刘勉之,未知,宋朝
13887,胡宪,未知,宋朝
13888,郭雍,未知,宋朝
13889,刘愚,未知,宋朝
13890,魏掞之,未知,宋朝
13891,安世通,未知,宋朝
13892,刘庭式,未知,宋朝
13893,巢谷,未知,宋朝
13894,曾叔卿,未知,宋朝
13895,刘永一,未知,宋朝
13896,赵修己,未知,宋朝
13897,王处讷,未知,宋朝
13898,王熙元,未知,宋朝
13899,苗训,未知,宋朝
13900,苗守信,未知,宋朝
13901,马韶,未知,宋朝
13902,楚芝兰,未知,宋朝
13903,韩显符,未知,宋朝
13904,史序,未知,宋朝
13905,周克明,未知,宋朝
13906,刘翰,未知,宋朝
13907,王怀隐,未知,宋朝
13908,赵自化,未知,宋朝
13909,冯文智,未知,宋朝
13910,苏澄隐,未知,宋朝
13911,丁少微,未知,宋朝
13912,赵自然,未知,宋朝
13913,柴通玄,未知,宋朝
13914,甄栖真,未知,宋朝
13915,楚衍,未知,宋朝
13916,僧志言,未知,宋朝
13917,僧怀丙,未知,宋朝
13918,庞安时,未知,宋朝
13919,僧智缘,未知,宋朝
13920,郭天信,未知,宋朝
13921,魏汉津,未知,宋朝
13922,王老志,未知,宋朝
13923,王仔昔,未知,宋朝
13924,皇甫坦,未知,宋朝
13925,王克明,未知,宋朝
13926,孙守荣,未知,宋朝
13927,杜审琦,未知,宋朝
13928,杜审琼,未知,宋朝
13929,杜彦圭,未知,宋朝
13930,杜守元,未知,宋朝
13931,杜审肇,未知,宋朝
13932,杜审进,未知,宋朝
13933,杜彦钧,未知,宋朝
13934,贺令图,未知,宋朝
13935,杨重进,未知,宋朝
13936,刘知信,未知,宋朝
13937,刘承宗,未知,宋朝
13938,刘文裕,未知,宋朝
13939,刘美,未知,宋朝
13940,刘从德,未知,宋朝
13941,刘从广,未知,宋朝
13942,马季良,未知,宋朝
13943,郭崇仁,未知,宋朝
13944,杨景宗,未知,宋朝
13945,符惟忠,未知,宋朝
13946,柴宗庆,未知,宋朝
13947,张尧佐,未知,宋朝
13948,王贻永,未知,宋朝
13949,李昭亮,未知,宋朝
13950,李用和,未知,宋朝
13951,李遵勖,未知,宋朝
13952,李端懿,未知,宋朝
13953,李端愿,未知,宋朝
13954,李评,未知,宋朝
13955,曹佾,未知,宋朝
13956,曹评,未知,宋朝
13957,曹诱,未知,宋朝
13958,曹偕,未知,宋朝
13959,高遵裕,未知,宋朝
13960,高遵惠,未知,宋朝
13961,高士林,未知,宋朝
13962,高公纪,未知,宋朝
13963,高世则,未知,宋朝
13964,向传范,未知,宋朝
13965,向经,未知,宋朝
13966,向宗回,未知,宋朝
13967,向宗良,未知,宋朝
13968,向综,未知,宋朝
13969,张敦礼,未知,宋朝
13970,任泽,未知,宋朝
13971,孟忠厚,未知,宋朝
13972,韦渊,未知,宋朝
13973,钱忱,未知,宋朝
13974,邢焕,未知,宋朝
13975,潘永思,未知,宋朝
13976,吴益,未知,宋朝
13977,吴盖,未知,宋朝
13978,李道,未知,宋朝
13979,郑兴裔,未知,宋朝
13980,杨次山,未知,宋朝
13981,窦神宝,未知,宋朝
13982,王仁睿,未知,宋朝
13983,李神福,未知,宋朝
13984,李神佑,未知,宋朝
13985,刘承规,未知,宋朝
13986,阎承翰,未知,宋朝
13987,秦翰,未知,宋朝
13988,周怀政,未知,宋朝
13989,张崇贵,未知,宋朝
13990,张继能,未知,宋朝
13991,卫绍钦,未知,宋朝
13992,石知颙,未知,宋朝
13993,石全彬,未知,宋朝
13994,邓守恩,未知,宋朝
13995,杨守珍,未知,宋朝
13996,韩守英,未知,宋朝
13997,蓝继宗,未知,宋朝
13998,张惟吉,未知,宋朝
13999,甘昭吉,未知,宋朝
14000,卢守勤,未知,宋朝
14001,王守规,未知,宋朝
14002,张茂则,未知,宋朝
14003,宋用臣,未知,宋朝
14004,王中正,未知,宋朝
14005,石得一,未知,宋朝
14006,梁从吉,未知,宋朝
14007,刘惟简,未知,宋朝
14008,冯世宁,未知,宋朝
14009,高居简,未知,宋朝
14010,程昉,未知,宋朝
14011,苏利涉,未知,宋朝
14012,雷允恭,未知,宋朝
14013,阎文应,未知,宋朝
14014,任守忠,未知,宋朝
14015,邵成章,未知,宋朝
14016,蓝圭,未知,宋朝
14017,康履,未知,宋朝
14018,冯益,未知,宋朝
14019,张去为,未知,宋朝
14020,陈源,未知,宋朝
14021,甘昪,未知,宋朝
14022,王德谦,未知,宋朝
14023,关礼,未知,宋朝
14024,董宋臣,未知,宋朝
14025,杨戬,未知,宋朝
14026,弭德超,未知,宋朝
14027,王继先,未知,宋朝
14028,曾觌,未知,宋朝
14029,龙大渊,未知,宋朝
14030,王抃,未知,宋朝
14031,姜特立,未知,宋朝
14032,谯熙载,未知,宋朝
14033,蔡确,未知,宋朝
14034,吴处厚,未知,宋朝
14035,邢恕,未知,宋朝
14036,安惇,未知,宋朝
14037,蔡翛,未知,宋朝
14038,赵良嗣,未知,宋朝
14039,郭药师,未知,宋朝
14040,万俟离,未知,宋朝
14041,苗傅,未知,宋朝
14042,刘正彦,未知,宋朝
14043,吴曦,未知,宋朝
14044,李全,未知,宋朝
14045,赵元昊,未知,宋朝
14046,完颜亮,未知,宋朝
14047,兀术,未知,宋朝
14048,元宪宗,未知,宋朝
14049,元世祖,未知,宋朝
14050,赵炅,未知,宋朝
14051,赵恒,未知,宋朝
14052,赵祯,未知,宋朝
14053,赵曙,未知,宋朝
14054,赵顼,未知,宋朝
14055,赵佶,未知,宋朝
14056,赵桓,未知,宋朝
14057,赵慎,未知,宋朝
14058,赵惇,未知,宋朝
14059,赵扩,未知,宋朝
14060,赵昀,未知,宋朝
14061,赵祺,未知,宋朝
14062,赵廷美,未知,宋朝
14063,赵元佐,未知,宋朝
14064,赵元僖,未知,宋朝
14065,赵元份,未知,宋朝
14066,赵元杰,未知,宋朝
14067,赵元偓,未知,宋朝
14068,赵元偁,未知,宋朝
14069,赵元俨,未知,宋朝
14070,赵佑,未知,宋朝
14071,赵允让,未知,宋朝
14072,赵颢,未知,宋朝
14073,赵頵,未知,宋朝
14074,赵佖,未知,宋朝
14075,赵俣,未知,宋朝
14076,赵似,未知,宋朝
14077,赵茂,未知,宋朝
14078,赵楷,未知,宋朝
14079,赵枢,未知,宋朝
14080,赵杞,未知,宋朝
14081,赵栩,未知,宋朝
14082,赵棣,未知,宋朝
14083,赵栻,未知,宋朝
14084,赵榛,未知,宋朝
14085,赵谌,未知,宋朝
14086,赵敷,未知,宋朝
14087,赵璩,未知,宋朝
14088,赵愭,未知,宋朝
14089,赵恺,未知,宋朝
14090,赵询,未知,宋朝
14091,赵竑,未知,宋朝
14092,赵是,未知,宋朝
14093,蜀国公主,未知,宋朝
14094,慕容延钊,未知,宋朝
14095,慕容德丰,未知,宋朝
14096,慕容德琛,未知,宋朝
14097,皇甫继明,未知,宋朝
14098,种朴,未知,宋朝
14099,种师中,未知,宋朝
14100,种古,未知,宋朝
14101,种谊,未知,宋朝
14102,宇文昌龄,未知,宋朝
14103,勾龙如渊,未知,宋朝
14104,宇文绍节,未知,宋朝
14105,欧阳守道,未知,宋朝
14106,夏侯嘉正,未知,宋朝
14107,龚楫李,未知,宋朝
14108,司马梦求,未知,宋朝
14109,宇文之邵,未知,宋朝
14110,松江渔翁,未知,宋朝
14111,顺昌山人,未知,宋朝
14112,沙门洪蕴,未知,宋朝
14113,贺兰栖真,未知,宋朝
14114,莎衣道人,未知,宋朝
14115,侯莫陈利用,未知,宋朝
14116,完颜守绪,未知,宋朝
14117,完颜承麟,未知,宋朝
14118,孝穆皇后,绿文,宋朝
14119,孟婵,未知,宋朝
14120,刘清菁,未知,宋朝
14121,吴芍芬,未知,宋朝
14122,李凤娘,未知,宋朝
14123,杨桂枝,未知,宋朝
14124,全玖,未知,宋朝
14125,宋昭宪杜太后,绿文,宋朝
14126,太祖孝惠贺皇后,绿文,宋朝
14127,孝明王皇后,绿文,宋朝
14128,孝章宋皇后,绿文,宋朝
14129,太宗淑德尹皇后,绿文,宋朝
14130,懿德符皇后,绿文,宋朝
14131,明德李皇后,绿文,宋朝
14132,元德李皇后,绿文,宋朝
14133,真宗章怀潘皇后,绿文,宋朝
14134,章穆郭皇后,绿文,宋朝
14135,章献明肃刘皇后,绿文,宋朝
14136,仁宗郭皇后,绿文,宋朝
14137,慈圣光献曹皇后,绿文,宋朝
14138,英宗宣仁圣烈高皇后,绿文,宋朝
14139,神宗钦圣献肃向皇后,绿文,宋朝
14140,钦成朱皇后,绿文,宋朝
14141,钦慈陈皇后,绿文,宋朝
14142,哲宗昭慈孟皇后,绿文,宋朝
14143,昭怀刘皇后,绿文,宋朝
14144,徽宗显恭王皇后,绿文,宋朝
14145,郑皇后,绿文,宋朝
14146,钦宗朱皇后,绿文,宋朝
14147,高宗宪节邢皇后,绿文,宋朝
14148,宪圣慈烈吴皇后,绿文,宋朝
14149,成穆妃,绿文,宋朝
14150,成恭夏皇后,绿文,宋朝
14151,成肃谢皇后,绿文,宋朝
14152,光宗慈懿李皇后,绿文,宋朝
14153,宁宗恭淑韩皇后,绿文,宋朝
14154,恭圣仁烈杨皇后,绿文,宋朝
14155,理宗谢皇后,绿文,宋朝
14156,度宗全皇后,绿文,宋朝
14157,黄文炳,绿武,宋朝
14158,韩侂（tuō）冑,绿文,宋朝
14159,李易安,未知,宋朝
14160,琴操,未知,宋朝
14161,李念奴,未知,宋朝
14162,莘瑶琴,未知,宋朝
14163,王朝云,未知,宋朝
14164,元祐,绿文,宋朝
14165,陈逐,绿色,棋手
14166,阎景实,绿色,棋手
14167,杨希粲,绿色,棋手
14168,滑能,绿色,棋手
14169,朴球,绿色,棋手
14170,杨中隐,绿色,棋手
14171,孙先,绿色,棋手
14172,郭范,绿色,棋手
14173,李百祥,绿色,棋手
14174,朱逸民,绿色,棋手
14175,相礼,绿色,棋手
14176,楼得达,绿色,棋手
14177,赵九成,绿色,棋手
14178,范洪,绿色,棋手
14179,鲍一中,绿色,棋手
14180,程汝亮,绿色,棋手
14181,李釜,绿色,棋手
14182,蔡学海,绿色,棋手
14183,方新,绿色,棋手
14184,苏具瞻,绿色,棋手
14185,郑野雪,绿色,棋手
14186,朱玉亭,绿色,棋手
14187,晏天章,绿色,棋手
14188,严德甫,绿色,棋手
14189,林符卿,绿色,棋手
14190,阎子明,绿色,棋手
14191,弈秋,蓝色,棋手
14192,马绥明,蓝色,棋手
14193,杜夫子,蓝色,棋手
14194,严子卿,蓝色,棋手
14195,周览予,蓝色,棋手
14196,王积薪,绿色,棋手
14197,顾师言,绿色,棋手
14198,贾玄,绿色,棋手
14199,刘仲甫,绿色,棋手
14200,晋士明,绿色,棋手
14201,李逸民,绿色,棋手
14202,施定庵,绿色,棋手
14203,周嫩予,绿色,棋手
14204,汪汉年,绿色,棋手
14205,周东侯,绿色,棋手
14206,程兰如,绿色,棋手
14207,梁魏今,绿色,棋手
14208,薛素素,绿色,棋手
14209,陈致虚,未知,元朝
14210,陈信惠,未知,元朝
14211,程徐,未知,元朝
14212,陈友定,未知,元朝
14213,杜道坚,未知,元朝
14214,傅友德,未知,元朝
14215,郭子兴,未知,元朝
14216,郭侃,未知,元朝
14217,高文秀,未知,元朝
14218,韩性,未知,元朝
14219,胡惟庸,未知,元朝
14220,黄公望,未知,元朝
14221,吉当普,未知,元朝
14222,李冶,未知,元朝
14223,吕思诚,未知,元朝
14224,刘福通,未知,元朝
14225,李善长,未知,元朝
14226,李东垣,未知,元朝
14227,鲁明善,未知,元朝
14228,桑哥,未知,元朝
14229,辛文房,未知,元朝
14230,忻贵妃,绿文,清朝
14231,王冕,未知,元朝
14232,汪大渊,未知,元朝
14233,饶介,未知,元朝
14234,庄肃,未知,元朝
14235,张可久,未知,元朝
14236,张时起,未知,元朝
14237,张三丰,紫武,元朝
14238,一宁,未知,元朝
14239,刘祁,未知,元朝
14240,孟祺,未知,元朝
14241,明升,未知,元朝
14242,朴不花,未知,元朝
14243,莫月鼎,未知,元朝
14244,郑光祖,未知,元朝
14245,郭狗狗,未知,元朝
14246,阴时夫,未知,元朝
14247,韩山童,未知,元朝
14248,黄元吉,未知,元朝
14249,元曲四大家,未知,元朝
14250,杨琏真伽,未知,元朝
14251,杨赛因不花,未知,元朝
14252,东平四杰,未知,元朝
14253,迭里弥实,未知,元朝
14254,周德清,未知,元朝
14255,徐琰,未知,元朝
14256,朱升,未知,元朝
14257,柯九思,未知,元朝
14258,白仁甫,未知,元朝
14259,袁士元,未知,元朝
14260,阎复,未知,元朝
14261,刘伯温,未知,元朝
14262,施耐庵,未知,元朝
14263,袁桷,未知,元朝
14264,吕珍,未知,元朝
14265,李喜喜,未知,元朝
14266,倪文俊,未知,元朝
14267,脱脱,未知,元朝
14268,徐寿辉,未知,元朝
14269,赵普胜,未知,元朝
14270,鲜于枢,未知,元朝
14271,郝经,未知,元朝
14272,元明善,未知,元朝
14273,阿难答,未知,元朝
14274,耶律希亮,未知,元朝
14275,元仁宗,未知,元朝
14276,元宁宗,未知,元朝
14277,元成宗,未知,元朝
14278,元文宗,未知,元朝
14279,元明宗,未知,元朝
14280,元续,未知,元朝
14281,元昭宗,未知,元朝
14282,元武宗,未知,元朝
14283,元英宗,未知,元朝
14284,元顺帝,未知,元朝
14285,天元帝,未知,元朝
14286,元天顺帝,未知,元朝
14287,元泰定帝,未知,元朝
14288,坤帖木儿,未知,元朝
14289,思克卓里图,未知,元朝
14290,成吉思汗,未知,元朝
14291,额勒伯克,未知,元朝
14292,方从义,未知,元朝
14293,高克恭,未知,元朝
14294,钱选,未知,元朝
14295,唐棣,未知,元朝
14296,朱德润,未知,元朝
14297,倪瓒,未知,元朝
14298,元四家,未知,元朝
14299,李衎,未知,元朝
14300,奇皇后,未知,元朝
14301,孛儿帖,未知,元朝
14302,忽兰,未知,元朝
14303,乃马真后,未知,元朝
14304,察必皇后,未知,元朝
14305,岐国公主,未知,元朝
14306,罕秃忽,未知,元朝
14307,秃剌,未知,元朝
14308,孛秃,未知,元朝
14309,霸突鲁,未知,元朝
14310,镇海,未知,元朝
14311,兀鲁台,未知,元朝
14312,吾也而,未知,元朝
14313,速不台,未知,元朝
14314,按竺迩,未知,元朝
14315,畏答儿,未知,元朝
14316,博罗欢,未知,元朝
14317,伯都,未知,元朝
14318,抄思,未知,元朝
14319,别的因,未知,元朝
14320,铁迈赤,未知,元朝
14321,塔海,未知,元朝
14322,按扎儿,未知,元朝
14323,雪不台,未知,元朝
14324,唵木海,未知,元朝
14325,爱鲁,未知,元朝
14326,哈散纳,未知,元朝
14327,布智儿,未知,元朝
14328,阿术鲁,未知,元朝
14329,绍古儿,未知,元朝
14330,抄儿,未知,元朝
14331,纯只海,未知,元朝
14332,怯怯里,未知,元朝
14333,直脱儿,未知,元朝
14334,塔本,未知,元朝
14335,李桢,未知,元朝
14336,速哥,未知,元朝
14337,孟速思,未知,元朝
14338,忽辛,未知,元朝
14339,高智耀,未知,元朝
14340,铁哥,未知,元朝
14341,兀都带,未知,元朝
14342,廉希宪,未知,元朝
14343,廉希贤,未知,元朝
14344,相威,未知,元朝
14345,百家奴,未知,元朝
14346,彻里,未知,元朝
14347,不忽木,未知,元朝
14348,完泽,未知,元朝
14349,岳柱,未知,元朝
14350,囊加歹,未知,元朝
14351,忙兀台,未知,元朝
14352,奥鲁赤,未知,元朝
14353,完者都,未知,元朝
14354,怀都,未知,元朝
14355,拜降,未知,元朝
14356,杭忽思,未知,元朝
14357,玉哇失,未知,元朝
14358,麦里,未知,元朝
14359,探马赤,未知,元朝
14360,拔都儿,未知,元朝
14361,昂吉儿,未知,元朝
14362,沙全,未知,元朝
14363,拜延,未知,元朝
14364,叶仙鼐,未知,元朝
14365,忽剌出,未知,元朝
14366,重喜,未知,元朝
14367,旦只儿,未知,元朝
14368,失里伯,未知,元朝
14369,孛兰奚,未知,元朝
14370,怯烈,未知,元朝
14371,暗伯,未知,元朝
14372,昔都儿,未知,元朝
14373,撒吉思,未知,元朝
14374,昔班,未知,元朝
14375,铁连,未知,元朝
14376,阔阔,未知,元朝
14377,秃忽鲁,未知,元朝
14378,唐仁祖,未知,元朝
14379,刘容,未知,元朝
14380,斡罗思,未知,元朝
14381,铁哥术,未知,元朝
14382,塔里赤,未知,元朝
14383,口儿吉,未知,元朝
14384,忽都,未知,元朝
14385,孛儿速,未知,元朝
14386,阿答赤,未知,元朝
14387,明安,未知,元朝
14388,忽林失,未知,元朝
14389,曷剌,未知,元朝
14390,乞台,未知,元朝
14391,脱因纳,未知,元朝
14392,曲枢,未知,元朝
14393,乃蛮台,未知,元朝
14394,朵儿只,未知,元朝
14395,阿鲁图,未知,元朝
14396,纽的该,未知,元朝
14397,太不花,未知,元朝
14398,庆童,未知,元朝
14399,也速,未知,元朝
14400,纳麟,未知,元朝
14401,自当,未知,元朝
14402,阿荣,未知,元朝
14403,泰不华,未知,元朝
14404,余阙,未知,元朝
14405,答里麻,未知,元朝
14406,星吉,未知,元朝
14407,福寿,未知,元朝
14408,道童,未知,元朝
14409,杨惟中,未知,元朝
14410,张柔,未知,元朝
14411,张弘略,未知,元朝
14412,史天倪,未知,元朝
14413,史楫,未知,元朝
14414,史权,未知,元朝
14415,史天祥,未知,元朝
14416,董文蔚,未知,元朝
14417,董文用,未知,元朝
14418,董文直,未知,元朝
14419,董文忠,未知,元朝
14420,严实,未知,元朝
14421,严忠嗣,未知,元朝
14422,刘伯林,未知,元朝
14423,刘黑马,未知,元朝
14424,刘元振,未知,元朝
14425,刘纬,未知,元朝
14426,刘元礼,未知,元朝
14427,郭宝玉,未知,元朝
14428,郭德海,未知,元朝
14429,石天应,未知,元朝
14430,王荣祖,未知,元朝
14431,何伯祥,未知,元朝
14432,何玮,未知,元朝
14433,李守贤,未知,元朝
14434,李彀,未知,元朝
14435,何实,未知,元朝
14436,张荣,未知,元朝
14437,刘亨安,未知,元朝
14438,王玉,未知,元朝
14439,赵迪,未知,元朝
14440,邸顺,未知,元朝
14441,王善,未知,元朝
14442,王庆端,未知,元朝
14443,杜丰,未知,元朝
14444,田雄,未知,元朝
14445,张拔都,未知,元朝
14446,张奴婢,未知,元朝
14447,张君佐,未知,元朝
14448,赵天锡,未知,元朝
14449,赵贲亨,未知,元朝
14450,张晋亨,未知,元朝
14451,张好古,未知,元朝
14452,王珍,未知,元朝
14453,王文干,未知,元朝
14454,刘通,未知,元朝
14455,刘复亨,未知,元朝
14456,岳存,未知,元朝
14457,岳天祯,未知,元朝
14458,张子良,未知,元朝
14459,张懋,未知,元朝
14460,唐庆,未知,元朝
14461,齐荣显,未知,元朝
14462,石天禄,未知,元朝
14463,刘斌,未知,元朝
14464,刘思敬,未知,元朝
14465,王守道,未知,元朝
14466,王玉汝,未知,元朝
14467,焦德裕,未知,元朝
14468,石天麟,未知,元朝
14469,李邦瑞,未知,元朝
14470,杨奂,未知,元朝
14471,贾居贞,未知,元朝
14472,贾钧,未知,元朝
14473,洪福源,未知,元朝
14474,洪俊奇,未知,元朝
14475,洪万,未知,元朝
14476,洪君祥,未知,元朝
14477,郑鼎,未知,元朝
14478,郑制宜,未知,元朝
14479,李进,未知,元朝
14480,谒只里,未知,元朝
14481,郑温,未知,元朝
14482,汪惟正,未知,元朝
14483,汪良臣,未知,元朝
14484,董士元,未知,元朝
14485,董士选,未知,元朝
14486,刘秉恕,未知,元朝
14487,张文谦,未知,元朝
14488,宋子贞,未知,元朝
14489,商琥,未知,元朝
14490,商琦,未知,元朝
14491,赵良弼,未知,元朝
14492,赵璧,未知,元朝
14493,王磐,未知,元朝
14494,王鹗,未知,元朝
14495,高鸣,未知,元朝
14496,王思廉,未知,元朝
14497,徐世隆,未知,元朝
14498,杨大渊,未知,元朝
14499,杨文安,未知,元朝
14500,李庭,未知,元朝
14501,高兴,未知,元朝
14502,李德辉,未知,元朝
14503,张雄飞,未知,元朝
14504,张德辉,未知,元朝
14505,马亨,未知,元朝
14506,程思廉,未知,元朝
14507,赵炳,未知,元朝
14508,杨恭懿,未知,元朝
14509,杨桓,未知,元朝
14510,杨果,未知,元朝
14511,王构,未知,元朝
14512,魏初,未知,元朝
14513,焦养直,未知,元朝
14514,孟攀麟,未知,元朝
14515,尚野,未知,元朝
14516,李之绍,未知,元朝
14517,张禧,未知,元朝
14518,张弘纲,未知,元朝
14519,贾文备,未知,元朝
14520,解诚,未知,元朝
14521,管如德,未知,元朝
14522,赵匣剌,未知,元朝
14523,周全,未知,元朝
14524,孔元,未知,元朝
14525,朱国宝,未知,元朝
14526,齐秉节,未知,元朝
14527,郭昂,未知,元朝
14528,綦公直,未知,元朝
14529,王綧,未知,元朝
14530,隋世昌,未知,元朝
14531,罗璧,未知,元朝
14532,刘恩,未知,元朝
14533,石高山,未知,元朝
14534,巩彦晖,未知,元朝
14535,蔡珍,未知,元朝
14536,张泰亨,未知,元朝
14537,贺祉,未知,元朝
14538,孟德,未知,元朝
14539,孟义,未知,元朝
14540,郑义,未知,元朝
14541,张荣实,未知,元朝
14542,楚鼎,未知,元朝
14543,樊楫,未知,元朝
14544,段兴智,未知,元朝
14545,信苴福,未知,元朝
14546,王昔剌,未知,元朝
14547,赵宏伟,未知,元朝
14548,张立道,未知,元朝
14549,张庭珍,未知,元朝
14550,张庭瑞,未知,元朝
14551,张惠,未知,元朝
14552,刘好礼,未知,元朝
14553,王国昌,未知,元朝
14554,姜彧,未知,元朝
14555,张础,未知,元朝
14556,吕掞,未知,元朝
14557,谭资荣,未知,元朝
14558,谭澄,未知,元朝
14559,陈天祥,未知,元朝
14560,何荣祖,未知,元朝
14561,陈思济,未知,元朝
14562,秦长卿,未知,元朝
14563,赵与茜,未知,元朝
14564,姚天福,未知,元朝
14565,许国祯,未知,元朝
14566,许扆,未知,元朝
14567,贺仁杰,未知,元朝
14568,贾昔剌,未知,元朝
14569,谢仲温,未知,元朝
14570,高觿,未知,元朝
14571,张九思,未知,元朝
14572,王伯胜,未知,元朝
14573,尚文,未知,元朝
14574,雷膺,未知,元朝
14575,胡祗遹,未知,元朝
14576,王利用,未知,元朝
14577,畅师文,未知,元朝
14578,袁裕,未知,元朝
14579,张昉,未知,元朝
14580,郝彬,未知,元朝
14581,高源,未知,元朝
14582,杨湜,未知,元朝
14583,吴鼎,未知,元朝
14584,梁德圭,未知,元朝
14585,程鉅夫,未知,元朝
14586,邓文原,未知,元朝
14587,曹元用,未知,元朝
14588,齐履谦,未知,元朝
14589,崔斌,未知,元朝
14590,叶李,未知,元朝
14591,燕公楠,未知,元朝
14592,马绍,未知,元朝
14593,郭贯,未知,元朝
14594,刘赓,未知,元朝
14595,郝天挺,未知,元朝
14596,张孔孙,未知,元朝
14597,张圭,未知,元朝
14598,敬俨,未知,元朝
14599,王寿,未知,元朝
14600,王倚,未知,元朝
14601,刘正,未知,元朝
14602,谢让,未知,元朝
14603,韩若愚,未知,元朝
14604,赵师鲁,未知,元朝
14605,刘德温,未知,元朝
14606,秦起宗,未知,元朝
14607,张思明,未知,元朝
14608,吴元圭,未知,元朝
14609,臧梦解,未知,元朝
14610,陆垕,未知,元朝
14611,陈颢,未知,元朝
14612,梁曾,未知,元朝
14613,王约,未知,元朝
14614,王结,未知,元朝
14615,张伯淳,未知,元朝
14616,贺胜,未知,元朝
14617,萧拜住,未知,元朝
14618,赵世延,未知,元朝
14619,孔思晦,未知,元朝
14620,虞盘,未知,元朝
14621,范梈,未知,元朝
14622,黄溍,未知,元朝
14623,柳贯,未知,元朝
14624,吴莱,未知,元朝
14625,张起岩,未知,元朝
14626,宋本,未知,元朝
14627,谢端,未知,元朝
14628,王守诚,未知,元朝
14629,王思诚,未知,元朝
14630,李好文,未知,元朝
14631,李泂,未知,元朝
14632,王都中,未知,元朝
14633,王克敬,未知,元朝
14634,任速哥,未知,元朝
14635,陈思谦,未知,元朝
14636,韩元善,未知,元朝
14637,崔敬,未知,元朝
14638,汪泽民,未知,元朝
14639,干文传,未知,元朝
14640,韩镛,未知,元朝
14641,盖苗,未知,元朝
14642,张桢,未知,元朝
14643,归旸,未知,元朝
14644,陈祖仁,未知,元朝
14645,王逊志,未知,元朝
14646,成遵,未知,元朝
14647,曹鉴,未知,元朝
14648,贾鲁,未知,元朝
14649,逯鲁曾,未知,元朝
14650,贡师泰,未知,元朝
14651,周伯琦,未知,元朝
14652,吴当,未知,元朝
14653,董抟霄,未知,元朝
14654,赵复,未知,元朝
14655,金履祥,未知,元朝
14656,陈栎,未知,元朝
14657,胡一桂,未知,元朝
14658,胡炳文,未知,元朝
14659,黄泽,未知,元朝
14660,萧渼,未知,元朝
14661,韩择,未知,元朝
14662,侯均,未知,元朝
14663,同恕,未知,元朝
14664,安熙,未知,元朝
14665,胡长儒,未知,元朝
14666,熊朋来,未知,元朝
14667,牟应龙,未知,元朝
14668,郑滁孙,未知,元朝
14669,郑陶孙,未知,元朝
14670,陈孚,未知,元朝
14671,冯子振,未知,元朝
14672,董朴,未知,元朝
14673,杨载,未知,元朝
14674,吴师道,未知,元朝
14675,梁益,未知,元朝
14676,周仁荣,未知,元朝
14677,陈旅,未知,元朝
14678,赡思,未知,元朝
14679,许维祯,未知,元朝
14680,许楫,未知,元朝
14681,田滋,未知,元朝
14682,卜天璋,未知,元朝
14683,段直,未知,元朝
14684,谙都剌,未知,元朝
14685,杨景行,未知,元朝
14686,林兴祖,未知,元朝
14687,观音奴,未知,元朝
14688,周自强,未知,元朝
14689,白景亮,未知,元朝
14690,王艮,未知,元朝
14691,卢琦,未知,元朝
14692,邹伯颜,未知,元朝
14693,刘秉直,未知,元朝
14694,许义夫,未知,元朝
14695,李伯温,未知,元朝
14696,李守忠,未知,元朝
14697,李守正,未知,元朝
14698,石圭,未知,元朝
14699,任志,未知,元朝
14700,伯八,未知,元朝
14701,八剌,未知,元朝
14702,不兰奚,未知,元朝
14703,刘天孚,未知,元朝
14704,萧景茂,未知,元朝
14705,张桓,未知,元朝
14706,李黼,未知,元朝
14707,李齐,未知,元朝
14708,褚不华,未知,元朝
14709,喜同,未知,元朝
14710,塔不台,未知,元朝
14711,韩因,未知,元朝
14712,卞琛,未知,元朝
14713,乔彝,未知,元朝
14714,吴德新,未知,元朝
14715,颜瑜,未知,元朝
14716,曹彦可,未知,元朝
14717,王士元,未知,元朝
14718,杨朴,未知,元朝
14719,赵琏,未知,元朝
14720,赵琬,未知,元朝
14721,孙撝,未知,元朝
14722,盛昭,未知,元朝
14723,杨乘,未知,元朝
14724,樊执敬,未知,元朝
14725,哈海赤,未知,元朝
14726,周镗,未知,元朝
14727,谢一鲁,未知,元朝
14728,聂炳,未知,元朝
14729,刘耕孙,未知,元朝
14730,刘焘孙,未知,元朝
14731,俞述祖,未知,元朝
14732,桂完泽,未知,元朝
14733,丑闾,未知,元朝
14734,冯三,未知,元朝
14735,彭庭坚,未知,元朝
14736,王伯颜,未知,元朝
14737,野峻台,未知,元朝
14738,陈君用,未知,元朝
14739,潮海,未知,元朝
14740,魏中立,未知,元朝
14741,闵本,未知,元朝
14742,赵弘毅,未知,元朝
14743,郑玉,未知,元朝
14744,黄冔,未知,元朝
14745,张庸,未知,元朝
14746,丁好礼,未知,元朝
14747,王闰,未知,元朝
14748,郭道卿,未知,元朝
14749,萧道寿,未知,元朝
14750,张闰,未知,元朝
14751,宁猪狗,未知,元朝
14752,樊渊,未知,元朝
14753,赖禄孙,未知,元朝
14754,刘德泉,未知,元朝
14755,朱显,未知,元朝
14756,吴思达,未知,元朝
14757,朱汝谐,未知,元朝
14758,郭回,未知,元朝
14759,赵毓,未知,元朝
14760,胡光远,未知,元朝
14761,陈韶孙,未知,元朝
14762,羊仁,未知,元朝
14763,赵一德,未知,元朝
14764,王思聪,未知,元朝
14765,彻彻,未知,元朝
14766,王荐,未知,元朝
14767,郭全,未知,元朝
14768,杨皞,未知,元朝
14769,丁文忠,未知,元朝
14770,扈铎,未知,元朝
14771,孙秀实,未知,元朝
14772,宗杞,未知,元朝
14773,赵荣,未知,元朝
14774,吴好直,未知,元朝
14775,余丙,未知,元朝
14776,徐钰,未知,元朝
14777,尹莘,未知,元朝
14778,张旺舅,未知,元朝
14779,长寿,未知,元朝
14780,梁外僧,未知,元朝
14781,孙瑾,未知,元朝
14782,张恭,未知,元朝
14783,訾汝道,未知,元朝
14784,王庸,未知,元朝
14785,黄赟,未知,元朝
14786,石明三,未知,元朝
14787,姜兼,未知,元朝
14788,胡伴侣,未知,元朝
14789,王士弘,未知,元朝
14790,何从义,未知,元朝
14791,哈都赤,未知,元朝
14792,高必达,未知,元朝
14793,曾德,未知,元朝
14794,靳昺,未知,元朝
14795,黄道贤,未知,元朝
14796,史彦斌,未知,元朝
14797,张绍祖,未知,元朝
14798,李明德,未知,元朝
14799,魏敬益,未知,元朝
14800,汤霖,未知,元朝
14801,孙抑,未知,元朝
14802,石永,未知,元朝
14803,王克己,未知,元朝
14804,吕佑,未知,元朝
14805,周乐,未知,元朝
14806,杜瑛,未知,元朝
14807,张特立,未知,元朝
14808,杜本,未知,元朝
14809,孙辙,未知,元朝
14810,何中,未知,元朝
14811,武恪,未知,元朝
14812,张宗演,未知,元朝
14813,张与材,未知,元朝
14814,吴全节,未知,元朝
14815,郦希成,未知,元朝
14816,张清志,未知,元朝
14817,萧辅道,未知,元朝
14818,李居寿,未知,元朝
14819,田忠良,未知,元朝
14820,靳德进,未知,元朝
14821,孙威,未知,元朝
14822,孙拱,未知,元朝
14823,李邦宁,未知,元朝
14824,卢世荣,未知,元朝
14825,哈麻,未知,元朝
14826,搠思监,未知,元朝
14827,李鋋,未知,元朝
14828,铁失,未知,元朝
14829,谢太后,未知,元朝
14830,吕文焕,未知,元朝
14831,完颜珣,未知,元朝
14832,李安全,绿文,元朝
14833,李遵顼,绿文,元朝
14834,李晛,未知,元朝
14835,铁穆耳,未知,元朝
14836,和世琜,未知,元朝
14837,图帖睦尔,未知,元朝
14838,懿璘质班,未知,元朝
14839,妥欢贴睦尔,未知,元朝
14840,真金,未知,元朝
14841,甘麻剌,未知,元朝
14842,答剌麻八剌,未知,元朝
14843,完颜允济,未知,元朝
14844,别里古台,未知,元朝
14845,宽彻普化,未知,元朝
14846,帖木儿不花,未知,元朝
14847,阿剌兀思剔吉忽里,未知,元朝
14848,塔塔儿台,未知,元朝
14849,亦力撒合,未知,元朝
14850,立智理威,未知,元朝
14851,札八儿火者,未知,元朝
14852,抹兀答儿,未知,元朝
14853,曷思麦里,未知,元朝
14854,巴而术阿而忒的斤,未知,元朝
14855,虎都铁木禄,未知,元朝
14856,昔里钤部,未知,元朝
14857,槊直腯鲁华,未知,元朝
14858,昔儿吉思,未知,元朝
14859,召烈台抄兀儿,未知,元朝
14860,阔阔不花,未知,元朝
14861,拜延八都鲁,未知,元朝
14862,阿剌瓦而思,未知,元朝
14863,也蒲甘卜,未知,元朝
14864,赵阿哥潘,未知,元朝
14865,苫彻拔都儿,未知,元朝
14866,塔不已儿,未知,元朝
14867,月里麻思,未知,元朝
14868,阿儿思兰,未知,元朝
14869,哈剌亦哈赤北鲁,未知,元朝
14870,塔塔统阿,未知,元朝
14871,岳璘帖穆尔,未知,元朝
14872,忙哥撒儿,未知,元朝
14873,赛典赤·赡思丁,绿文,元朝
14874,纳速剌丁,未知,元朝
14875,布鲁海牙,未知,元朝
14876,来阿八赤,未知,元朝
14877,也速答儿,未知,元朝
14878,阿鲁浑萨理,未知,元朝
14879,伯帖木儿,未知,元朝
14880,亦黑迷失,未知,元朝
14881,步鲁合答,未知,元朝
14882,也罕的斤,未知,元朝
14883,脱力世官,未知,元朝
14884,迦鲁纳答思,未知,元朝
14885,阔里吉思,未知,元朝
14886,也先不花,未知,元朝
14887,塔海帖木儿,未知,元朝
14888,月举连赤海牙,未知,元朝
14889,失剌拔都儿,未知,元朝
14890,阿沙不花,未知,元朝
14891,阿礼海牙,未知,元朝
14892,奕赫抵雅尔丁,未知,元朝
14893,脱烈海牙,未知,元朝
14894,康里脱脱,未知,元朝
14895,马札儿台,未知,元朝
14896,朵尔直班,未知,元朝
14897,别儿怯不花,未知,元朝
14898,铁木儿塔识,未知,元朝
14899,达识帖睦迩,未知,元朝
14900,彻里帖木儿,未知,元朝
14901,小云石海涯,未知,元朝
14902,月鲁帖木儿,未知,元朝
14903,卜颜铁木儿,未知,元朝
14904,亦怜真班,未知,元朝
14905,廉惠山海牙,未知,元朝
14906,月鲁不花,未知,元朝
14907,达礼麻识理,未知,元朝
14908,粘合重山,未知,元朝
14909,耶律秃花,未知,元朝
14910,耶律阿海,未知,元朝
14911,郝和尚拔都,未知,元朝
14912,薛塔剌海,未知,元朝
14913,石抹孛迭儿,未知,元朝
14914,贾塔剌浑,未知,元朝
14915,奥敦世英,未知,元朝
14916,杨杰只哥,未知,元朝
14917,石抹阿辛,未知,元朝
14918,石抹按只,未知,元朝
14919,李忽兰吉,未知,元朝
14920,乌古孙泽,未知,元朝
14921,张万家奴,未知,元朝
14922,鲜卑仲吉,未知,元朝
14923,完颜石柱,未知,元朝
14924,石抹狗狗,未知,元朝
14925,刘哈剌八都鲁,未知,元朝
14926,石抹明里,未知,元朝
14927,申屠致远,未知,元朝
14928,夹谷之奇,未知,元朝
14929,耶律有尚,未知,元朝
14930,尉迟德诚,未知,元朝
14931,杨朵儿只,未知,元朝
14932,孛术鲁翀,未知,元朝
14933,乌古孙良桢,未知,元朝
14934,刘哈剌不花,未知,元朝
14935,石抹宜孙,未知,元朝
14936,迈里古思,未知,元朝
14937,第五居仁,未知,元朝
14938,宇文公谅,未知,元朝
14939,耶律伯坚,未知,元朝
14940,攸哈剌拔都,未知,元朝
14941,耶律忒末,未知,元朝
14942,耶律天佑,未知,元朝
14943,合剌普华,未知,元朝
14944,伯颜不花的斤,未知,元朝
14945,全普庵撒里,未知,元朝
14946,朵里不花,未知,元朝
14947,卜理牙敦,未知,元朝
14948,普颜不花,未知,元朝
14949,柏帖穆尔,未知,元朝
14950,朴赛因不花,未知,元朝
14951,移剌李家奴,未知,元朝
14952,必兰纳识里,未知,元朝
14953,阿老瓦丁,未知,元朝
14954,亦思马因,未知,元朝
14955,铁木迭儿,未知,元朝
14956,阿鲁辉帖木儿,未知,元朝
14957,脱列哥那,未知,元朝
14958,海迷失,未知,元朝
14959,忽都台,未知,元朝
14960,也速儿,未知,元朝
14961,察必,未知,元朝
14962,南必,未知,元朝
14963,失怜答里,未知,元朝
14964,卜鲁罕,未知,元朝
14965,真哥,未知,元朝
14966,阿纳失失里,未知,元朝
14967,速哥八剌,未知,元朝
14968,八不罕,未知,元朝
14969,卜答失里,未知,元朝
14970,答纳失里,未知,元朝
14971,伯颜忽都,未知,元朝
14972,完者忽都,未知,元朝
14973,西夏公主,绿文,元朝
14974,光献翼圣皇后,绿文,元朝
14975,太宗昭慈皇后,绿文,元朝
14976,定宗钦淑皇后,绿文,元朝
14977,宪宗贞节皇后,绿文,元朝
14978,昭睿顺圣皇后,绿文,元朝
14979,南必皇后,绿文,元朝
14980,贞慈静懿皇后,绿文,元朝
14981,卜鲁罕皇后,绿文,元朝
14982,宣慈惠圣皇后,绿文,元朝
14983,速哥失里皇后,绿文,元朝
14984,庄懿慈圣皇后,绿文,元朝
14985,庄静懿圣皇后,绿文,元朝
14986,八不罕皇后,绿文,元朝
14987,裕徽圣皇后,绿文,元朝
14988,八不沙皇后,绿文,元朝
14989,卜答失里皇后,绿文,元朝
14990,答里也忒迷失皇后,绿文,元朝
14991,答纳失里皇后,绿文,元朝
14992,伯颜忽都皇后,绿文,元朝
14993,完者忽都皇后,绿文,元朝
14994,显懿庄圣皇后,绿文,元朝
14995,徽仁裕圣皇后,绿文,元朝
14996,宣懿淑圣皇后,绿文,元朝
14997,照献元圣皇后,绿文,元朝
14998,刘婆惜,未知,元朝
14999,铁木真,紫色,元金
15000,忽必烈,紫武,元金
15001,马致远,绿色,元金
15002,窝阔台,绿武,元金
15003,昭慈,绿色,元金
15004,蒙哥,绿武,元金
15005,铁木耳,绿色,元金
15006,爱育黎拔力八达,绿文,元金
15007,阿剌吉八,绿色,元金
15008,图帖木尔,绿武,元金
15009,阿尼哥,绿色,元金
15010,孛儿台,绿文,元金
15011,孛鲁,绿色,元金
15012,陈友谅,蓝武,元金
15013,答失八都鲁,绿武,元金
15014,方国珍,绿武,元金
15015,郭守敬,蓝文,元金
15016,关汉卿,蓝文,元金
15017,韩林儿,绿色,元金
15018,李璮生,绿武,元金
15019,刘秉忠,绿文,元金
15020,孟珙,绿武,元金
15021,史天泽,绿色,元金
15022,失吉忽秃忽,绿色,元金
15023,拖雷,绿武,元金
15024,兀良合台,绿色,元金
15025,许衡,绿色,元金
15026,玉昔帖木儿,绿色,元金
15027,张弘范,绿色,元金
15028,术赤台,绿色,元金
15029,马祖常,绿文,元金
15030,贵由,绿文,元金
15031,钦淑,绿色,元金
15032,海山,绿武,元金
15033,硕德八剌,绿文,元金
15034,也孙铁木儿,绿文,元金
15035,和世,绿文,元金
15036,懿磷质班,绿色,元金
15037,妥欢帖睦尔,绿色,元金
15038,阿塔海,绿武,元金
15039,阿剌罕,绿色,元金
15040,阿术,绿色,元金
15041,阿里海牙,绿武,元金
15042,阿合马,绿文,元金
15043,阿力麻里,绿色,元金
15044,阿里不哥,绿色,元金
15045,爱薛,绿色,元金
15046,安童,绿色,元金
15047,博尔术,绿武,元金
15048,博尔忽,绿色,元金
15049,孛罗帖木儿,绿武,元金
15050,孛儿只斤和世瓎,绿色,元金
15051,拔都,蓝武,元金
15052,伯颜,绿色,元金
15053,八思巴,绿色,元金
15054,拜住,绿文,元金
15055,白朴,绿文,元金
15056,赤盏合喜,绿武,元金
15057,赤老温,绿色,元金
15058,床兀儿,绿武,元金
15059,察罕帖木儿,绿武,元金
15060,察罕,绿武,元金
15061,察合台,绿武,元金
15062,董俊,绿武,元金
15063,董文炳,绿武,元金
15064,纥石烈牙吾塔,绿色,元金
15065,忽必来,蓝武,元金
15066,合赞,绿色,元金
15067,韩企先,绿文,元金
15068,韩德让,绿文,元金
15069,海都,绿文,元金
15070,哈剌哈孙,绿色,元金
15071,黄道婆,绿色,元金
15072,扩廓帖木儿,绿武,元金
15073,阔端,绿色,元金
15074,李恒,绿武,元金
15075,李孟,绿文,元金
15076,刘国杰,绿武,元金
15077,木华黎,绿色,元金
15078,马黎诺里,绿文,元金
15079,明玉珍,绿色,元金
15080,纽璘,绿武,元金
15081,乃颜,绿武,元金
15082,仆散安贞,绿武,元金
15083,仆散揆,绿武,元金
15084,姚枢,绿色,元金
15085,姚广孝,绿色,元金
15086,术虎高琪,绿文,元金
15087,石抹明安,绿武,元金
15088,石抹也先,绿武,元金
15089,唆都,绿武,元金
15090,苏天爵,绿色,元金
15091,蛇节,绿文,元金
15092,塔出,绿武,元金
15093,土土哈,绿武,元金
15094,陶宗仪,绿色,元金
15095,塔思,绿武,元金
15096,塔察儿,绿武,元金
15097,完颜赛不,绿武,元金
15098,完颜宗辅,绿武,元金
15099,完颜杲,蓝武,元金
15100,完颜合达,绿武,元金
15101,吴澄,绿色,元金
15102,汪世显,绿色,元金
15103,汪德臣,绿武,元金
15104,王文统,绿武,元金
15105,王祯,绿色,元金
15106,王实甫,绿文,元金
15107,武仙,绿色,元金
15108,肖乃台,绿武,元金
15109,信苴日,绿色,元金
15110,牙忽都,绿色,元金
15111,耶律大石,绿色,元金
15112,耶律楚材,绿色,元金
15113,耶律留哥,绿武,元金
15114,耶律阿保机,紫武,元金
15115,燕铁木儿,绿色,元金
15116,虞集,绿色,元金
15117,月赤察儿,绿文,元金
15118,元好问,绿文,元金
15119,者勒蔑,绿色,元金
15120,张士诚,绿武,元金
15121,张留孙,绿文,元金
15122,张养浩,绿色,元金
15123,周达观,绿色,元金
15124,赵孟俯,绿色,元金
15125,钟明亮,绿色,元金
15126,耶律夷列,绿文,元金
15127,朱思本,绿色,元金
15128,齐威王,未知,史记补遗
15129,田忌,未知,史记补遗
15130,黄帝,未知,史记补遗
15131,颛顼,未知,史记补遗
15132,太康,未知,史记补遗
15133,少康,未知,史记补遗
15134,履癸,未知,史记补遗
15135,秦嬴,未知,史记补遗
15136,秦侯,未知,史记补遗
15137,公伯,未知,史记补遗
15138,嬴世父,未知,史记补遗
15139,秦宁公,未知,史记补遗
15140,出子,未知,史记补遗
15141,秦献公,未知,史记补遗
15142,太伯,未知,史记补遗
15143,仲雍,未知,史记补遗
15144,季简,未知,史记补遗
15145,叔达,未知,史记补遗
15146,熊遂,未知,史记补遗
15147,柯相,未知,史记补遗
15148,强鸠夷,未知,史记补遗
15149,柯卢,未知,史记补遗
15150,周繇,未知,史记补遗
15151,屈羽,未知,史记补遗
15152,夷吾,未知,史记补遗
15153,禽处,未知,史记补遗
15154,颇高,未知,史记补遗
15155,句卑,未知,史记补遗
15156,去齐,未知,史记补遗
15157,寿梦,未知,史记补遗
15158,诸樊,未知,史记补遗
15159,季札,未知,史记补遗
15160,余祭,未知,史记补遗
15161,余眛,未知,史记补遗
15162,阖庐,未知,史记补遗
15163,燕缪侯,未知,史记补遗
15164,燕桓公,未知,史记补遗
15165,燕宣公,未知,史记补遗
15166,燕文公,未知,史记补遗
15167,燕简公,未知,史记补遗
15168,燕献公,未知,史记补遗
15169,燕愍公,未知,史记补遗
15170,燕厘公,未知,史记补遗
15171,管叔鲜,未知,史记补遗
15172,季胜,未知,史记补遗
15173,孟增,未知,史记补遗
15174,衡父,未知,史记补遗
15175,李德旺,绿文,西夏
15176,奄父,未知,史记补遗
15177,叔带,未知,史记补遗
15178,赵夙,未知,史记补遗
15179,共孟,未知,史记补遗
15180,赵朔,未知,史记补遗
15181,赵景叔,未知,史记补遗
15182,毕公高,未知,史记补遗
15183,魏武子,未知,史记补遗
15184,魏悼子,未知,史记补遗
15185,魏嬴,未知,史记补遗
15186,魏侈,未知,史记补遗
15187,陈完,未知,史记补遗
15188,孔子慎,未知,史记补遗
15189,孔鲋,未知,史记补遗
15190,孔子襄,未知,史记补遗
15191,陈涉,未知,史记补遗
15192,薄太后,未知,史记补遗
15193,窦太后,未知,史记补遗
15194,王太后,未知,史记补遗
15195,卫皇后,未知,史记补遗
15196,幸夫人,未知,史记补遗
15197,邢夫人,未知,史记补遗
15198,刘戊,未知,史记补遗
15199,刘定国,未知,史记补遗
15200,叔齐,未知,史记补遗
15201,苏代,未知,史记补遗
15202,陈轸,未知,史记补遗
15203,犀首,未知,史记补遗
15204,樗里子,未知,史记补遗
15205,甘茂,未知,史记补遗
15206,穰侯,未知,史记补遗
15207,王离,未知,史记补遗
15208,驺忌,未知,史记补遗
15209,驺衍,未知,史记补遗
15210,淳于髡,未知,史记补遗
15211,荀卿,未知,史记补遗
15212,墨翟,未知,史记补遗
15213,虞卿,未知,史记补遗
15214,范睢,未知,史记补遗
15215,乐闲,未知,史记补遗
15216,乐乘,未知,史记补遗
15217,赵奢,未知,史记补遗
15218,贾生,未知,史记补遗
15219,李由,未知,史记补遗
15220,张偃,未知,史记补遗
15221,魏咎,未知,史记补遗
15222,黥布,未知,史记补遗
15223,田荣,未知,史记补遗
15224,郦寄,未知,史记补遗
15225,周苛,未知,史记补遗
15226,周绁,未知,史记补遗
15227,刘敬,未知,史记补遗
15228,季心,未知,史记补遗
15229,石庆,未知,史记补遗
15230,周文,未知,史记补遗
15231,张叔,未知,史记补遗
15232,田仁,未知,史记补遗
15233,魏其,未知,史记补遗
15234,李息,未知,史记补遗
15235,公孙敖,未知,史记补遗
15236,李沮,未知,史记补遗
15237,李蔡,未知,史记补遗
15238,张次公,未知,史记补遗
15239,赵食其,未知,史记补遗
15240,郭昌,未知,史记补遗
15241,荀彘,未知,史记补遗
15242,刘陵,未知,史记补遗
15243,太史公,未知,史记补遗
15244,孙叔敖,未知,史记补遗
15245,公仪休,未知,史记补遗
15246,石奢,未知,史记补遗
15247,李离,未知,史记补遗
15248,辕固生,未知,史记补遗
15249,韩生,未知,史记补遗
15250,徐生,未知,史记补遗
15251,何以易,未知,史记补遗
15252,减宣,未知,史记补遗
15253,鲁朱家,未知,史记补遗
15254,赵同,未知,史记补遗
15255,优孟,未知,史记补遗
15256,程郑,未知,史记补遗
15257,炎帝,未知,史记补遗
15258,蚩尤,未知,史记补遗
15259,嫘祖,未知,史记补遗
15260,傅说,未知,史记补遗
15261,祖己,未知,史记补遗
15262,召公,未知,史记补遗
15263,徐市,未知,史记补遗
15264,嬴扶苏,未知,史记补遗
15265,姬发,未知,史记补遗
15266,姬诵,未知,史记补遗
15267,姬钊,未知,史记补遗
15268,姬瑕,未知,史记补遗
15269,姬满,未知,史记补遗
15270,姬繄扈,未知,史记补遗
15271,姬囏,未知,史记补遗
15272,姬辟方,未知,史记补遗
15273,姬燮,未知,史记补遗
15274,姬胡,未知,史记补遗
15275,姬静,未知,史记补遗
15276,姬宫涅,未知,史记补遗
15277,姬宫湦,未知,史记补遗
15278,姬宜臼,未知,史记补遗
15279,姬林,未知,史记补遗
15280,姬佗,未知,史记补遗
15281,姬胡齐,未知,史记补遗
15282,姬阆,未知,史记补遗
15283,姬郑,未知,史记补遗
15284,姬壬臣,未知,史记补遗
15285,姬班,未知,史记补遗
15286,姬瑜,未知,史记补遗
15287,姬夷,未知,史记补遗
15288,姬泄心,未知,史记补遗
15289,姬贵,未知,史记补遗
15290,姬猛,未知,史记补遗
15291,姬匄,未知,史记补遗
15292,姬丐,未知,史记补遗
15293,姬仁,未知,史记补遗
15294,姬介,未知,史记补遗
15295,姬去疾,未知,史记补遗
15296,姬叔,未知,史记补遗
15297,姬嵬,未知,史记补遗
15298,姬午,未知,史记补遗
15299,姬骄,未知,史记补遗
15300,姬扁,未知,史记补遗
15301,姬定,未知,史记补遗
15302,姬延,未知,史记补遗
15303,嬴荡,未知,史记补遗
15304,嬴稷,未知,史记补遗
15305,嬴则,未知,史记补遗
15306,嬴柱,未知,史记补遗
15307,嬴子楚,未知,史记补遗
15308,姬哙,未知,史记补遗
15309,姬职,未知,史记补遗
15310,赵浣,未知,史记补遗
15311,赵籍,未知,史记补遗
15312,赵章,未知,史记补遗
15313,赵种,未知,史记补遗
15314,赵雍,未知,史记补遗
15315,赵何,未知,史记补遗
15316,赵丹,未知,史记补遗
15317,赵偃,未知,史记补遗
15318,赵迁,未知,史记补遗
15319,刘礼,未知,史记补遗
15320,刘纯,未知,史记补遗
15321,刘遂,未知,史记补遗
15322,刘襄,未知,史记补遗
15323,刘兴居,未知,史记补遗
15324,刘辟光,未知,史记补遗
15325,刘卬,未知,史记补遗
15326,刘雄渠,未知,史记补遗
15327,刘将闾,未知,史记补遗
15328,刘次景,未知,史记补遗
15329,曹窋,未知,史记补遗
15330,嬴任好,未知,史记补遗
15331,嬴罃,未知,史记补遗
15332,嬴貑,未知,史记补遗
15333,嬴后伯车,未知,史记补遗
15334,嬴悼子,未知,史记补遗
15335,嬴渠梁,未知,史记补遗
15336,嬴驷,未知,史记补遗
15337,嬴政,紫武,史记补遗
15338,嬴胡亥,绿武,史记补遗
15339,余桥疑吾,未知,史记补遗
15340,赵武,未知,史记补遗
15341,赵鞅,未知,史记补遗
15342,赵毋恤,未知,史记补遗
15343,魏绛,未知,史记补遗
15344,魏荼,未知,史记补遗
15345,魏驹,未知,史记补遗
15346,韩厥,未知,史记补遗
15347,韩起,未知,史记补遗
15348,韩须,未知,史记补遗
15349,韩不信,未知,史记补遗
15350,韩庚,未知,史记补遗
15351,韩虎,未知,史记补遗
15352,韩启章,未知,史记补遗
15353,田稚孟夷,未知,史记补遗
15354,田愍孟庄,未知,史记补遗
15355,田须无,未知,史记补遗
15356,田无宇,未知,史记补遗
15357,田乞,未知,史记补遗
15358,田常,未知,史记补遗
15359,田盘,未知,史记补遗
15360,田白,绿色,史记补遗
15361,钩弋夫人,未知,史记补遗
15362,北宫伯子,未知,史记补遗
15363,司马季主,未知,史记补遗
15364,五帝,未知,史记补遗
15365,喾,未知,史记补遗
15366,尧,未知,史记补遗
15367,舜,未知,史记补遗
15368,禹,未知,史记补遗
15369,启,未知,史记补遗
15370,相,未知,史记补遗
15371,予,未知,史记补遗
15372,槐,未知,史记补遗
15373,芒,未知,史记补遗
15374,泄,未知,史记补遗
15375,扃,未知,史记补遗
15376,廑,未知,史记补遗
15377,高宠,绿武,岳飞传
15378,岳云,绿色,岳飞传
15379,陆文龙,蓝武,岳飞传
15380,王佐,绿文,岳飞传
15381,汤怀,绿色,岳飞传
15382,王贵,绿武,岳飞传
15383,张显,绿武,岳飞传
15384,宗泽,绿武,岳飞传
15385,罗延庆,绿武,岳飞传
15386,杨再兴,绿武,岳飞传
15387,梁红玉,绿色,岳飞传
15388,郑怀,绿武,岳飞传
15389,张奎,绿武,岳飞传
15390,哈密蚩,绿色,岳飞传
15391,金弹子,绿色,岳飞传
15392,曹宁,绿色,岳飞传
15393,刘琦,绿色,岳飞传
15394,何元庆,绿武,岳飞传
15395,严成方,绿色,岳飞传
15396,张宪,绿武,岳飞传
15397,张立,绿武,岳飞传
15398,张用,绿色,岳飞传
15399,孟邦杰,绿武,岳飞传
15400,余化龙,绿武,岳飞传
15401,樊成,绿武,岳飞传
15402,关铃,绿武,岳飞传
15403,狄雷,绿武,岳飞传
15404,张保,绿色,岳飞传
15405,王横,绿色,岳飞传
15406,韩尚德,绿色,岳飞传
15407,王铎,绿文,岳飞传
15408,柴桂,绿色,岳飞传
15409,张邦昌,绿文,岳飞传
15410,徐仁,绿色,岳飞传
15411,洪先,绿色,岳飞传
15412,刘光世,绿文,岳飞传
15413,洪文,绿色,岳飞传
15414,洪武,绿武,岳飞传
15415,赵构,绿色,岳飞传
15416,周三畏,绿色,岳飞传
15417,王渊,绿文,岳飞传
15418,田思忠,绿文,岳飞传
15419,赵鼎,绿色,岳飞传
15420,沙丙,绿色,岳飞传
15421,都宽,绿文,岳飞传
15422,哈铁龙,绿色,岳飞传
15423,杜吉,绿色,岳飞传
15424,渔人甲,绿色,岳飞传
15425,渔人乙,绿色,岳飞传
15426,渔人丙,绿色,岳飞传
15427,粘罕,绿武,岳飞传
15428,薛礼花豹,绿武,岳飞传
15429,张兆奴,绿色,岳飞传
15430,乳娘,绿文,岳飞传
15431,呼天庆,绿色,岳飞传
15432,呼天保,绿色,岳飞传
15433,贾俊,绿色,岳飞传
15434,王信,绿色,岳飞传
15435,王义,绿色,岳飞传
15436,陶进,绿色,岳飞传
15437,完木陀泽,绿色,岳飞传
15438,完木陀赤,绿武,岳飞传
15439,鹘眼郎,绿武,岳飞传
15440,曹荣,绿武,岳飞传
15441,王俊,绿武,岳飞传
15442,陆登,绿色,岳飞传
15443,董先,绿色,岳飞传
15444,伍尚志,绿色,岳飞传
15445,韩彦直,绿色,岳飞传
15446,苏胜,绿色,岳飞传
15447,苏德,绿色,岳飞传
15448,耿京,未知,金朝
15449,董解元,未知,金朝
15450,郦权,未知,金朝
15451,苏保衡,未知,金朝
15452,九公,未知,金朝
15453,完颜奭,未知,金朝
15454,完颜勖,未知,金朝
15455,完颜昌,未知,金朝
15456,完续,未知,金朝
15457,完颜昱,未知,金朝
15458,李师儿,未知,金朝
15459,萧裕,未知,金朝
15460,完颜郑家奴,未知,金朝
15461,完颜宗盘,未知,金朝
15462,刘渊(金),未知,金朝
15463,完颜宗宪,未知,金朝
15464,完颜宗隽,未知,金朝
15465,完颜希尹,未知,金朝
15466,完颜突合速,未知,金朝
15467,完颜习不失,未知,金朝
15468,完颜娄室,未知,金朝
15469,完颜宗强,未知,金朝
15470,完颜宗敏,未知,金朝
15471,完颜宗望,未知,金朝
15472,完颜宗杰,未知,金朝
15473,完颜宗翰,未知,金朝
15474,完颜宗贤,未知,金朝
15475,完颜忒邻,未知,金朝
15476,完颜撒改,未知,金朝
15477,完颜秉德,未知,金朝
15478,完颜谩都本,未知,金朝
15479,完颜谩都诃,未知,金朝
15480,完颜阿离合懑,未知,金朝
15481,完颜阿邻,未知,金朝
15482,完颜陈和尚,未知,金朝
15483,完颜麻颇,未知,金朝
15484,纥石烈执中,未知,金朝
15485,完颜允恭,未知,金朝
15486,完颜璋,未知,金朝
15487,完颜昂,未知,金朝
15488,完颜爽,未知,金朝
15489,完颜充,未知,金朝
15490,完颜兖,未知,金朝
15491,完颜襄,未知,金朝
15492,完颜衮,未知,金朝
15493,完颜琮,未知,金朝
15494,完颜瑰,未知,金朝
15495,完颜玠,未知,金朝
15496,完颜忒,未知,金朝
15497,完颜忠,未知,金朝
15498,完颜仲,未知,金朝
15499,完颜晏,未知,金朝
15500,完颜齐,未知,金朝
15501,完颜京,未知,金朝
15502,完颜文,未知,金朝
15503,卢彦伦,未知,金朝
15504,卢玑,未知,金朝
15505,卢亨嗣,未知,金朝
15506,毛子廉,未知,金朝
15507,李三锡,未知,金朝
15508,孔敬宗,未知,金朝
15509,李师夔,未知,金朝
15510,沈璋,未知,金朝
15511,左企弓,未知,金朝
15512,左泌,未知,金朝
15513,左渊,未知,金朝
15514,左光庆,未知,金朝
15515,虞仲文,未知,金朝
15516,曹勇义,未知,金朝
15517,康公弼,未知,金朝
15518,完颜亨,未知,金朝
15519,刘彦宗,未知,金朝
15520,刘萼,未知,金朝
15521,刘筈,未知,金朝
15522,刘仲诲,未知,金朝
15523,刘頍,未知,金朝
15524,时立爱,未知,金朝
15525,韩铎,未知,金朝
15526,孔彦舟,未知,金朝
15527,徐文,未知,金朝
15528,施宜生,未知,金朝
15529,张中彦,未知,金朝
15530,赤盏晖,未知,金朝
15531,大抃,未知,金朝
15532,大盘,未知,金朝
15533,完颜方,未知,金朝
15534,王伯龙,未知,金朝
15535,田颢,未知,金朝
15536,赵隇,未知,金朝
15537,郭安国,未知,金朝
15538,萧恭,未知,金朝
15539,耶律恕,未知,金朝
15540,郭企忠,未知,金朝
15541,郑建充,未知,金朝
15542,移剌温,未知,金朝
15543,萧拱,未知,金朝
15544,萧仲宣,未知,金朝
15545,高松,未知,金朝
15546,张通古,未知,金朝
15547,张浩,未知,金朝
15548,张汝霖,未知,金朝
15549,张汝弼,未知,金朝
15550,祁宰,未知,金朝
15551,高桢,未知,金朝
15552,白彦敬,未知,金朝
15553,独吉义,未知,金朝
15554,李师雄,未知,金朝
15555,石琚,未知,金朝
15556,移剌道,未知,金朝
15557,翟永固,未知,金朝
15558,魏子平,未知,金朝
15559,孟浩,未知,金朝
15560,移剌慥,未知,金朝
15561,高德基,未知,金朝
15562,马讽,未知,金朝
15563,刘徽柔,未知,金朝
15564,贾少冲,未知,金朝
15565,贾益,未知,金朝
15566,高衎,未知,金朝
15567,杨邦基,未知,金朝
15568,丁暐仁,未知,金朝
15569,庞迪,未知,金朝
15570,移剌成,未知,金朝
15571,石抹卞,未知,金朝
15572,杨仲武,未知,金朝
15573,萧怀忠,未知,金朝
15574,赵兴祥,未知,金朝
15575,石抹荣,未知,金朝
15576,敬嗣晖,未知,金朝
15577,毛硕,未知,金朝
15578,李上达,未知,金朝
15579,曹望之,未知,金朝
15580,大怀贞,未知,金朝
15581,卢孝俭,未知,金朝
15582,卢庸,未知,金朝
15583,夹谷衡,未知,金朝
15584,移剌履,未知,金朝
15585,张万公,未知,金朝
15586,蒲察通,未知,金朝
15587,程辉,未知,金朝
15588,刘玮,未知,金朝
15589,董师中,未知,金朝
15590,王蔚,未知,金朝
15591,马惠迪,未知,金朝
15592,马琪,未知,金朝
15593,杨伯通,未知,金朝
15594,黄久约,未知,金朝
15595,李晏,未知,金朝
15596,李仲略,未知,金朝
15597,李愈,未知,金朝
15598,许安仁,未知,金朝
15599,梁襄,未知,金朝
15600,路伯达,未知,金朝
15601,裴满亨,未知,金朝
15602,斡勒忠,未知,金朝
15603,张大节,未知,金朝
15604,张岩叟,未知,金朝
15605,张亨,未知,金朝
15606,韩锡,未知,金朝
15607,邓俨,未知,金朝
15608,巨构,未知,金朝
15609,贺扬庭,未知,金朝
15610,阎公贞,未知,金朝
15611,焦旭,未知,金朝
15612,刘仲洙,未知,金朝
15613,李完,未知,金朝
15614,马百禄,未知,金朝
15615,杨伯元,未知,金朝
15616,刘珫,未知,金朝
15617,刘玑,未知,金朝
15618,康元弼,未知,金朝
15619,移剌益,未知,金朝
15620,完颜匡,未知,金朝
15621,完颜纲,未知,金朝
15622,徒单镒,未知,金朝
15623,贾铉,未知,金朝
15624,孙铎,未知,金朝
15625,孙即康,未知,金朝
15626,李革,未知,金朝
15627,宗端修,未知,金朝
15628,路铎,未知,金朝
15629,张炜,未知,金朝
15630,高竑,未知,金朝
15631,李复亨,未知,金朝
15632,仆散端,未知,金朝
15633,耿端义,未知,金朝
15634,田琢,未知,金朝
15635,完颜弼,未知,金朝
15636,蒙古纲,未知,金朝
15637,完颜霆,未知,金朝
15638,完颜佐,未知,金朝
15639,奥屯襄,未知,金朝
15640,邹谷,未知,金朝
15641,高霖,未知,金朝
15642,孟奎,未知,金朝
15643,郭俣,未知,金朝
15644,王扩,未知,金朝
15645,完颜宇,未知,金朝
15646,任熊祥,未知,金朝
15647,孔璠,未知,金朝
15648,范拱,未知,金朝
15649,张用直,未知,金朝
15650,刘枢,未知,金朝
15651,王翛,未知,金朝
15652,杨伯渊,未知,金朝
15653,杨伯雄,未知,金朝
15654,萧贡,未知,金朝
15655,任天宠,未知,金朝
15656,张行简,未知,金朝
15657,贾益谦,未知,金朝
15658,高汝砺,未知,金朝
15659,张行信,未知,金朝
15660,胥鼎,未知,金朝
15661,侯挚,未知,金朝
15662,把胡鲁,未知,金朝
15663,师安石,未知,金朝
15664,赵秉文,未知,金朝
15665,韩玉,未知,金朝
15666,冯璧,未知,金朝
15667,李献甫,未知,金朝
15668,雷渊,未知,金朝
15669,程震,未知,金朝
15670,撒合辇,未知,金朝
15671,强伸,未知,金朝
15672,白华,未知,金朝
15673,合周,未知,金朝
15674,聂天骥,未知,金朝
15675,国用安,未知,金朝
15676,时青,未知,金朝
15677,苗道润,未知,金朝
15678,王福,未知,金朝
15679,张甫,未知,金朝
15680,靖安民,未知,金朝
15681,郭文振,未知,金朝
15682,胡天作,未知,金朝
15683,张开,未知,金朝
15684,燕宁,未知,金朝
15685,刘天起,未知,金朝
15686,张天纲,未知,金朝
15687,忽睹,未知,金朝
15688,徒单恭,未知,金朝
15689,徒单绎,未知,金朝
15690,唐括贡,未知,金朝
15691,徒单铭,未知,金朝
15692,讹里也,未知,金朝
15693,魏全,未知,金朝
15694,高守约,未知,金朝
15695,王维翰,未知,金朝
15696,宋扆,未知,金朝
15697,李演,未知,金朝
15698,刘德基,未知,金朝
15699,王毅,未知,金朝
15700,王晦,未知,金朝
15701,齐鹰扬,未知,金朝
15702,吴僧哥,未知,金朝
15703,马骧,未知,金朝
15704,吴邦杰,未知,金朝
15705,时茂先,未知,金朝
15706,梁持胜,未知,金朝
15707,贾邦献,未知,金朝
15708,赵益,未知,金朝
15709,侯小叔,未知,金朝
15710,粘割贞,未知,金朝
15711,徒单航,未知,金朝
15712,杨沃衍,未知,金朝
15713,姬汝作,未知,金朝
15714,禹显,未知,金朝
15715,马庆祥,未知,金朝
15716,商衡,未知,金朝
15717,杨达夫,未知,金朝
15718,冯延登,未知,金朝
15719,蒲察琦,未知,金朝
15720,蔡八儿,未知,金朝
15721,毕资伦,未知,金朝
15722,郭虾蟆,未知,金朝
15723,韩昉,未知,金朝
15724,蔡圭,未知,金朝
15725,马定国,未知,金朝
15726,任询,未知,金朝
15727,郭长倩,未知,金朝
15728,萧永祺,未知,金朝
15729,胡砺,未知,金朝
15730,王竞,未知,金朝
15731,杨伯仁,未知,金朝
15732,郑子聃,未知,金朝
15733,赵沨,未知,金朝
15734,王庭筠,未知,金朝
15735,刘从益,未知,金朝
15736,吕中孚,未知,金朝
15737,宋九嘉,未知,金朝
15738,庞铸,未知,金朝
15739,李献能,未知,金朝
15740,王若虚,未知,金朝
15741,王元节,未知,金朝
15742,麻九畴,未知,金朝
15743,元德明,未知,金朝
15744,陈颜,未知,金朝
15745,褚承亮,未知,金朝
15746,王去非,未知,金朝
15747,赵质,未知,金朝
15748,杜时升,未知,金朝
15749,薛继先,未知,金朝
15750,高仲振,未知,金朝
15751,张潜,未知,金朝
15752,王汝梅,未知,金朝
15753,宋可,未知,金朝
15754,王予可,未知,金朝
15755,卢克忠,未知,金朝
15756,牛德昌,未知,金朝
15757,范承吉,未知,金朝
15758,张奕,未知,金朝
15759,李瞻,未知,金朝
15760,刘敏行,未知,金朝
15761,傅慎微,未知,金朝
15762,刘焕,未知,金朝
15763,高昌福,未知,金朝
15764,孙德渊,未知,金朝
15765,赵鉴,未知,金朝
15766,石抹元,未知,金朝
15767,张彀,未知,金朝
15768,赵重福,未知,金朝
15769,武都,未知,金朝
15770,王浩,未知,金朝
15771,高闾山,未知,金朝
15772,萧肄,未知,金朝
15773,张仲轲,未知,金朝
15774,马钦,未知,金朝
15775,高怀贞,未知,金朝
15776,胥持国,未知,金朝
15777,梁珫,未知,金朝
15778,宋圭,未知,金朝
15779,李庆嗣,未知,金朝
15780,纪天锡,未知,金朝
15781,马贵中,未知,金朝
15782,武祯,未知,金朝
15783,武亢,未知,金朝
15784,李懋,未知,金朝
15785,胡德新,未知,金朝
15786,秉德,未知,金朝
15787,唐括辩,未知,金朝
15788,乌带,未知,金朝
15789,大兴国,未知,金朝
15790,徒单贞,未知,金朝
15791,李老僧,未知,金朝
15792,张仅言,未知,金朝
15793,李仁孝,绿色,金朝
15794,李纯佑,绿色,金朝
15795,元太祖,未知,金朝
15796,完颜函普,未知,金朝
15797,完颜乌鲁,未知,金朝
15798,完颜跋海,未知,金朝
15799,完颜绥可,未知,金朝
15800,完颜石鲁,未知,金朝
15801,完颜乌古乃,未知,金朝
15802,完颜劾里钵,未知,金朝
15803,完颜颇剌淑,未知,金朝
15804,完颜盈歌,未知,金朝
15805,完颜乌雅束,未知,金朝
15806,完颜宗尧,未知,金朝
15807,完颜吴乞买,未知,金朝
15808,完颜亶,未知,金朝
15809,完颜雍,未知,金朝
15810,完颜永济,未知,金朝
15811,明懿皇后,未知,金朝
15812,恭靖皇后,未知,金朝
15813,威顺皇后,绿文,金朝
15814,昭肃皇后,未知,金朝
15815,翼简皇后,未知,金朝
15816,圣穆皇后,未知,金朝
15817,后徒单氏,未知,金朝
15818,思皇后,未知,金朝
15819,节皇后,未知,金朝
15820,靖宣皇后,未知,金朝
15821,贞惠皇后,未知,金朝
15822,敬僖皇后,未知,金朝
15823,钦仁皇后,未知,金朝
15824,悼平皇后,未知,金朝
15825,徒单氏,未知,金朝
15826,钦慈皇后,未知,金朝
15827,昭德皇后,未知,金朝
15828,孝懿皇后,未知,金朝
15829,钦怀皇后,未知,金朝
15830,完颜斡鲁,未知,金朝
15831,完颜辈鲁,未知,金朝
15832,完颜谢库德,未知,金朝
15833,完颜拔达,未知,金朝
15834,完颜谢夷保,未知,金朝
15835,完颜盆纳,未知,金朝
15836,完颜谢里忽,未知,金朝
15837,完颜乌古出,未知,金朝
15838,完颜跋黑,未知,金朝
15839,完颜崇成,未知,金朝
15840,完颜劾孙,未知,金朝
15841,完颜蒲家奴,未知,金朝
15842,完颜斡带,未知,金朝
15843,完颜斡赛,未知,金朝
15844,完颜宗永,未知,金朝
15845,完颜斡者,未知,金朝
15846,完颜郑家,未知,金朝
15847,完颜宗秀,未知,金朝
15848,完颜隈可,未知,金朝
15849,完颜可喜,未知,金朝
15850,完颜阿琐,未知,金朝
15851,完颜宗固,未知,金朝
15852,完颜宗本,未知,金朝
15853,完颜宗义,未知,金朝
15854,完颜宗干,未知,金朝
15855,完颜檀奴,未知,金朝
15856,完颜永元,未知,金朝
15857,完颜济安,未知,金朝
15858,完颜道济,未知,金朝
15859,完颜光英,未知,金朝
15860,完颜矧思阿补,未知,金朝
15861,完颜广阳,未知,金朝
15862,完颜永中,未知,金朝
15863,完颜永蹈,未知,金朝
15864,完颜永功,未知,金朝
15865,完颜永德,未知,金朝
15866,完颜永成,未知,金朝
15867,完颜永升,未知,金朝
15868,完颜从彝,未知,金朝
15869,完颜从宪,未知,金朝
15870,完颜洪裕,未知,金朝
15871,完颜洪靖,未知,金朝
15872,完颜洪衍,未知,金朝
15873,完颜洪辉,未知,金朝
15874,完颜从恪,未知,金朝
15875,完颜守忠,未知,金朝
15876,完颜玄龄,未知,金朝
15877,完颜守纯,未知,金朝
15878,完颜宗亨,未知,金朝
15879,完颜石土门,未知,金朝
15880,完颜习室,未知,金朝
15881,完颜思敬,未知,金朝
15882,完颜婆卢火,未知,金朝
15883,完颜吾扎忽,未知,金朝
15884,完颜阇母,未知,金朝
15885,完颜宗叙,未知,金朝
15886,完颜活女,未知,金朝
15887,完颜谋衍,未知,金朝
15888,完颜海里,未知,金朝
15889,完颜宗尹,未知,金朝
15890,完颜宗宁,未知,金朝
15891,完颜宗道,未知,金朝
15892,完颜宗雄,未知,金朝
15893,完颜守贞,未知,金朝
15894,完颜守能,未知,金朝
15895,完颜斜哥,未知,金朝
15896,完颜宗弼,未知,金朝
15897,斜卯阿里,未知,金朝
15898,乌延蒲卢浑,未知,金朝
15899,完颜阿离补,未知,金朝
15900,温迪罕迪姑迭,未知,金朝
15901,温迪罕阿徒罕,未知,金朝
15902,夹谷谢奴,未知,金朝
15903,阿勒根没都鲁,未知,金朝
15904,黄掴敌古本,未知,金朝
15905,蒲察胡盏,未知,金朝
15906,夹谷吾里补,未知,金朝
15907,温迪罕蒲里特,未知,金朝
15908,伯德特离补,未知,金朝
15909,耶律怀义,未知,金朝
15910,萧王家奴,未知,金朝
15911,耶律涂山,未知,金朝
15912,鸟延胡里改,未知,金朝
15913,乌延吾里补,未知,金朝
15914,完颜习不主,未知,金朝
15915,纥石烈胡剌,未知,金朝
15916,乌孙讹论,未知,金朝
15917,颜盏门都,未知,金朝
15918,仆散浑坦,未知,金朝
15919,乌古论三合,未知,金朝
15920,耶律安礼,未知,金朝
15921,纳合椿年,未知,金朝
15922,耨碗温敦思忠,未知,金朝
15923,耨碗温敦谦,未知,金朝
15924,耨碗温敦兀带,未知,金朝
15925,完颜福寿,未知,金朝
15926,乌延蒲离黑,未知,金朝
15927,乌延蒲辖奴,未知,金朝
15928,乌延查剌,未知,金朝
15929,尼厖古钞兀,未知,金朝
15930,孛术鲁定方,未知,金朝
15931,夹谷胡剌,未知,金朝
15932,蒲察斡论,未知,金朝
15933,夹谷查剌,未知,金朝
15934,纥石烈志宁,未知,金朝
15935,仆散忠义,未知,金朝
15936,徒单合喜,未知,金朝
15937,纥石烈良弼,未知,金朝
15938,完颜守道,未知,金朝
15939,唐括安礼,未知,金朝
15940,移剌光祖,未知,金朝
15941,移剌子敬,未知,金朝
15942,完颜兀不喝,未知,金朝
15943,移剌斡里朵,未知,金朝
15944,阿勒根彦忠,未知,金朝
15945,温迪罕移室懑,未知,金朝
15946,蒲察世杰,未知,金朝
15947,移剌按答,未知,金朝
15948,孛术鲁阿鲁罕,未知,金朝
15949,徒单克宁,未知,金朝
15950,独吉思忠,未知,金朝
15951,抹捻史扢搭,未知,金朝
15952,完颜宗浩,未知,金朝
15953,夹谷清臣,未知,金朝
15954,完颜安国,未知,金朝
15955,瑶里孛迭,未知,金朝
15956,粘割斡特剌,未知,金朝
15957,尼厖古鉴,未知,金朝
15958,完颜定奴,未知,金朝
15959,完颜闾山,未知,金朝
15960,完颜伯嘉,未知,金朝
15961,术虎筠寿,未知,金朝
15962,抹捻尽忠,未知,金朝
15963,孛术鲁德裕,未知,金朝
15964,乌古论庆寿,未知,金朝
15965,必兰阿鲁带,未知,金朝
15966,完颜仲元,未知,金朝
15967,乌古论长寿,未知,金朝
15968,完颜咬住,未知,金朝
15969,石抹仲温,未知,金朝
15970,乌古论礼,未知,金朝
15971,蒲察阿里,未知,金朝
15972,完颜蒲剌都,未知,金朝
15973,夹谷石里哥,未知,金朝
15974,术甲臣嘉,未知,金朝
15975,纥石烈桓端,未知,金朝
15976,完颜阿里不孙,未知,金朝
15977,完颜铁哥,未知,金朝
15978,纳兰胡鲁剌,未知,金朝
15979,纳坦谋嘉,未知,金朝
15980,乌林答与,未知,金朝
15981,温迪罕达,未知,金朝
15982,移剌福僧,未知,金朝
15983,奥屯忠孝,未知,金朝
15984,蒲察思忠,未知,金朝
15985,纥石烈胡失门,未知,金朝
15986,斡勒合打,未知,金朝
15987,蒲察移剌都,未知,金朝
15988,温迪罕缔达,未知,金朝
15989,移剌塔不也,未知,金朝
15990,完颜素兰,未知,金朝
15991,古里甲石伦,未知,金朝
15992,完颜讹可,未知,金朝
15993,乌林答胡土,未知,金朝
15994,移剌蒲阿,未知,金朝
15995,完颜白撒,未知,金朝
15996,斜卯爱实,未知,金朝
15997,石抹世绩,未知,金朝
15998,完颜奴申,未知,金朝
15999,赤盏尉忻,未知,金朝
16000,徒单兀典,未知,金朝
16001,石盏女鲁欢,未知,金朝
16002,蒲察官奴,未知,金朝
16003,完颜承立,未知,金朝
16004,徒单益都,未知,金朝
16005,粘哥荆山,未知,金朝
16006,移剌众家奴,未知,金朝
16007,粘葛奴申,未知,金朝
16008,乌古论镐,未知,金朝
16009,完颜仲德,未知,金朝
16010,蒲察石家奴,未知,金朝
16011,婆卢木裴满达,未知,金朝
16012,乌古论蒲鲁虎,未知,金朝
16013,唐括德温,未知,金朝
16014,乌古论粘没曷,未知,金朝
16015,蒲察阿虎迭,未知,金朝
16016,乌林答晖,未知,金朝
16017,蒲察鼎寿,未知,金朝
16018,徒单思忠,未知,金朝
16019,乌林答复,未知,金朝
16020,乌古论元忠,未知,金朝
16021,乌古论谊,未知,金朝
16022,乌林答琳,未知,金朝
16023,徒单公弼,未知,金朝
16024,徒单四喜,未知,金朝
16025,完颜胡沙补,未知,金朝
16026,粘割韩奴,未知,金朝
16027,温迪罕蒲睹,未知,金朝
16028,纳兰绰赤,未知,金朝
16029,夹谷守中,未知,金朝
16030,石抹元毅,未知,金朝
16031,伯德梅和尚,未知,金朝
16032,乌古孙兀屯,未知,金朝
16033,和速嘉安礼,未知,金朝
16034,移剌古与涅,未知,金朝
16035,乌古论荣祖,未知,金朝
16036,乌古论仲温,未知,金朝
16037,术甲法心,未知,金朝
16038,乌古论德升,未知,金朝
16039,伯德窊哥,未知,金朝
16040,纳合蒲剌都,未知,金朝
16041,女奚烈斡出,未知,金朝
16042,温迪罕老儿,未知,金朝
16043,移剌阿里合,未知,金朝
16044,完颜六斤,未知,金朝
16045,纥石烈鹤寿,未知,金朝
16046,蒲察娄室,未知,金朝
16047,女奚烈资禄,未知,金朝
16048,黄掴九住,未知,金朝
16049,乌林答乞住,未知,金朝
16050,陀满斜烈,未知,金朝
16051,尼厖古蒲鲁虎,未知,金朝
16052,兀颜畏可,未知,金朝
16053,兀颜讹出虎,未知,金朝
16054,乌古论黑汉,未知,金朝
16055,陀满胡土门,未知,金朝
16056,术甲脱鲁灰,未知,金朝
16057,乌古孙仲端,未知,金朝
16058,乌古孙奴申,未知,金朝
16059,温敦昌孙,未知,金朝
16060,完颜绛山,未知,金朝
16061,温迪罕斡鲁补,未知,金朝
16062,蒲察郑留,未知,金朝
16063,女奚烈守愚,未知,金朝
16064,纥石烈德,未知,金朝
16065,蒲察合住,未知,金朝
16066,徒单阿里出虎,未知,金朝
16067,仆散师恭,未知,金朝
16068,完颜元宜,未知,金朝
16069,移剌窝斡,未知,金朝
16070,卫绍王,未知,金朝
16071,金世宗,未知,金朝
16072,金续,未知,金朝
16073,金世祖,未知,金朝
16074,金哀宗,未知,金朝
16075,金太宗,未知,金朝
16076,金始祖,未知,金朝
16077,金安帝,未知,金朝
16078,金宣宗,未知,金朝
16079,金康宗,未知,金朝
16080,金德帝,未知,金朝
16081,金昭祖,未知,金朝
16082,金末帝,未知,金朝
16083,金熙宗,未知,金朝
16084,金献祖,未知,金朝
16085,金穆宗,未知,金朝
16086,金章宗,未知,金朝
16087,金肃宗,未知,金朝
16088,完颜宗峻,未知,金朝
16089,金海陵王,未知,金朝
16090,唐括定哥,未知,金朝
16091,唐括石哥,未知,金朝
16092,蒲察阿里虎,未知,金朝
16093,耶律弥勒,未知,金朝
16094,王霓,未知,金朝
16095,太祖淳钦皇后,绿文,金朝
16096,太宗靖安皇后,绿文,金朝
16097,世宗怀节皇后,绿文,金朝
16098,穆宗皇后,绿文,金朝
16099,景宗睿智皇后,绿文,金朝
16100,圣宗仁德皇后,绿文,金朝
16101,圣宗钦哀皇后,绿文,金朝
16102,兴宗仁懿皇后,绿文,金朝
16103,道宗宣懿皇后,绿文,金朝
16104,天祚皇后,绿文,金朝
16105,金始祖明懿皇后,绿文,金朝
16106,德帝思皇后,绿文,金朝
16107,安帝节皇后,绿文,金朝
16108,献祖恭靖皇后,绿文,金朝
16109,昭祖威顺皇后,绿文,金朝
16110,景祖昭肃皇后,绿文,金朝
16111,世祖翼简皇后,绿文,金朝
16112,肃宗靖宣皇后,绿文,金朝
16113,穆宗贞惠皇后,绿文,金朝
16114,康宗敬僖皇后,绿文,金朝
16115,太祖圣穆皇后,绿文,金朝
16116,太祖光懿皇后,绿文,金朝
16117,太祖钦宪皇后,绿文,金朝
16118,太祖宣献皇后,绿文,金朝
16119,太宗钦仁皇后,绿文,金朝
16120,熙宗悼平皇后,绿文,金朝
16121,海陵后徒,绿文,金朝
16122,睿宗钦慈皇后,绿文,金朝
16123,睿宗贞懿皇后,绿文,金朝
16124,世宗昭德皇后,绿文,金朝
16125,显宗孝懿皇后,绿文,金朝
16126,晕宗昭圣皇后,绿文,金朝
16127,章宗钦怀皇后,绿文,金朝
16128,卫绍王后徒,绿文,金朝
16129,宣宗皇后,绿文,金朝
16130,宣宗明惠皇后,绿文,金朝
16131,哀宗徒单皇后,绿文,金朝
16132,萧绰,未知,辽国
16133,耶律倍,蓝武,辽国
16134,屈出律,绿文,辽国
16135,耶律浚,蓝文,辽国
16136,耶律淳,绿文,辽国
16137,辽世宗,未知,辽国
16138,辽仁宗,未知,辽国
16139,辽兴宗,未知,辽国
16140,辽圣宗,未知,辽国
16141,辽太宗,未知,辽国
16142,辽续,未知,辽国
16143,辽景宗,未知,辽国
16144,辽穆宗,未知,辽国
16145,辽道宗,未知,辽国
16146,辽天祚帝,未知,辽国
16147,萧仲恭,未知,辽国
16148,萧敌鲁,未知,辽国
16149,萧痕笃,未知,辽国
16150,康默记,未知,辽国
16151,康延寿,未知,辽国
16152,韩延徽,未知,辽国
16153,韩德枢,未知,辽国
16154,韩绍勋,未知,辽国
16155,韩绍芳,未知,辽国
16156,韩知古,未知,辽国
16157,韩匡嗣,未知,辽国
16158,韩德源,未知,辽国
16159,韩德凝,未知,辽国
16160,耶律古,未知,辽国
16161,王郁,未知,辽国
16162,赵延寿,未知,辽国
16163,高模翰,未知,辽国
16164,赵思温,未知,辽国
16165,耶律吼,未知,辽国
16166,耶律洼,未知,辽国
16167,萧海璃,未知,辽国
16168,萧护思,未知,辽国
16169,萧思温,未知,辽国
16170,萧继先,未知,辽国
16171,室昉,未知,辽国
16172,女里,未知,辽国
16173,郭袭,未知,辽国
16174,邢抱朴,未知,辽国
16175,马得臣,未知,辽国
16176,萧朴,未知,辽国
16177,萧孝忠,未知,辽国
16178,陈昭衮,未知,辽国
16179,萧合卓,未知,辽国
16180,萧阳阿,未知,辽国
16181,武白,未知,辽国
16182,萧常哥,未知,辽国
16183,萧干,未知,辽国
16184,萧讨古,未知,辽国
16185,萧挞凛,未知,辽国
16186,萧柳,未知,辽国
16187,高勋,未知,辽国
16188,刘景,未知,辽国
16189,刘六符,未知,辽国
16190,牛温舒,未知,辽国
16191,杜防,未知,辽国
16192,萧和尚,未知,辽国
16193,萧特末,未知,辽国
16194,萧孝穆,未知,辽国
16195,萧撒八,未知,辽国
16196,萧孝先,未知,辽国
16197,萧孝友,未知,辽国
16198,萧蒲奴,未知,辽国
16199,夏行美,未知,辽国
16200,萧敌烈,未知,辽国
16201,萧拔剌,未知,辽国
16202,萧排押,未知,辽国
16203,萧恒德,未知,辽国
16204,萧匹敌,未知,辽国
16205,高正,未知,辽国
16206,大康乂,未知,辽国
16207,杨皙,未知,辽国
16208,杨佶,未知,辽国
16209,萧阿剌,未知,辽国
16210,萧陶隗,未知,辽国
16211,萧术哲,未知,辽国
16212,耶律玦,未知,辽国
16213,萧夺刺,未知,辽国
16214,萧普达,未知,辽国
16215,萧韩家,未知,辽国
16216,萧乌野,未知,辽国
16217,萧惠,未知,辽国
16218,萧迂鲁,未知,辽国
16219,萧图玉,未知,辽国
16220,萧滴冽,未知,辽国
16221,萧素飒,未知,辽国
16222,耶律良,未知,辽国
16223,萧德,未知,辽国
16224,萧惟信,未知,辽国
16225,姚景行,未知,辽国
16226,孩里,未知,辽国
16227,窦景庸,未知,辽国
16228,杨绩,未知,辽国
16229,赵徽,未知,辽国
16230,萧兀纳,未知,辽国
16231,耶律俨,未知,辽国
16232,刘伸,未知,辽国
16233,萧岩寿,未知,辽国
16234,萧速撒,未知,辽国
16235,萧忽古,未知,辽国
16236,萧酬斡,未知,辽国
16237,萧乙薛,未知,辽国
16238,萧胡笃,未知,辽国
16239,萧奉先,未知,辽国
16240,李处温,未知,辽国
16241,张琳,未知,辽国
16242,耶律昭,未知,辽国
16243,刘辉,未知,辽国
16244,大公鼎,未知,辽国
16245,萧文,未知,辽国
16246,马人望,未知,辽国
16247,杨遵勖,未知,辽国
16248,王棠,未知,辽国
16249,萧札剌,未知,辽国
16250,直鲁古,未知,辽国
16251,王白,未知,辽国
16252,魏璘,未知,辽国
16253,罗衣轻,未知,辽国
16254,张孝杰,未知,辽国
16255,萧十三,未知,辽国
16256,耶律朗,未知,辽国
16257,萧革,未知,辽国
16258,萧胡睹,未知,辽国
16259,古迭,未知,辽国
16260,萧特烈,未知,辽国
16261,李继迁,未知,辽国
16262,李继捧,未知,辽国
16263,李德昭,未知,辽国
16264,李元昊,紫武,辽国
16265,李谅祚,绿文,辽国
16266,李干顺,绿文,辽国
16267,阿骨打,未知,辽国
16268,耶律亿,未知,辽国
16269,耶律阮,绿文,辽国
16270,耶律璟,绿文,辽国
16271,耶律贤,绿文,辽国
16272,耶律隆绪,蓝文,辽国
16273,耶律宗真,绿文,辽国
16274,耶律延禧,绿文,辽国
16275,萧氏,未知,辽国
16276,述律氏,未知,辽国
16277,耶律隆先,未知,辽国
16278,耶律道隐,未知,辽国
16279,耶律李胡,未知,辽国
16280,耶律喜隐,未知,辽国
16281,耶律敖卢斡,未知,辽国
16282,义宗耶律倍,未知,辽国
16283,顺宗耶律浚,未知,辽国
16284,耶律曷鲁,未知,辽国
16285,萧阿古只,未知,辽国
16286,耶律斜涅赤,未知,辽国
16287,耶律老古,未知,辽国
16288,耶律颇德,未知,辽国
16289,耶律欲稳,未知,辽国
16290,耶律海里,未知,辽国
16291,耶律敌剌,未知,辽国
16292,耶律觌烈,未知,辽国
16293,耶律羽之,未知,辽国
16294,耶律铎臻,未知,辽国
16295,耶律突吕不,未知,辽国
16296,耶律图鲁窘,未知,辽国
16297,耶律解里,未知,辽国
16298,耶律拔里得,未知,辽国
16299,耶律朔古,未知,辽国
16300,耶律鲁不古,未知,辽国
16301,耶律沤里思,未知,辽国
16302,耶律屋质,未知,辽国
16303,耶律何鲁不,未知,辽国
16304,耶律安抟,未知,辽国
16305,耶律颓昱,未知,辽国
16306,耶律挞烈,未知,辽国
16307,耶律夷腊葛,未知,辽国
16308,耶律贤适,未知,辽国
16309,耶律阿没里,未知,辽国
16310,耶律八哥,未知,辽国
16311,耶律室鲁,未知,辽国
16312,耶律欧里斯,未知,辽国
16313,耶律隆运,未知,辽国
16314,耶律制心,未知,辽国
16315,耶律德威,未知,辽国
16316,耶律涤鲁,未知,辽国
16317,耶律勃古哲,未知,辽国
16318,耶律虎古,未知,辽国
16319,耶律磨鲁古,未知,辽国
16320,耶律马哥,未知,辽国
16321,耶律斜轸,未知,辽国
16322,耶律奚低,未知,辽国
16323,耶律学古,未知,辽国
16324,耶律乌不吕,未知,辽国
16325,耶律抹只,未知,辽国
16326,耶律善补,未知,辽国
16327,萧观音奴,未知,辽国
16328,耶律题子,未知,辽国
16329,耶律谐理,未知,辽国
16330,耶律奴瓜,未知,辽国
16331,奚和朔奴,未知,辽国
16332,萧塔列葛,未知,辽国
16333,耶律撒合,未知,辽国
16334,耶律合住,未知,辽国
16335,耶律褭履,未知,辽国
16336,耶律合里只,未知,辽国
16337,耶律颇的,未知,辽国
16338,耶律蒲古,未知,辽国
16339,耶律盆奴,未知,辽国
16340,耶律资忠,未知,辽国
16341,耶律瑶质,未知,辽国
16342,耶律弘古,未知,辽国
16343,耶律的琭,未知,辽国
16344,耶律庶成,未知,辽国
16345,耶律庶箴,未知,辽国
16346,耶律蒲鲁,未知,辽国
16347,耶律韩留,未知,辽国
16348,耶律和尚,未知,辽国
16349,耶律义先,未知,辽国
16350,耶律信先,未知,辽国
16351,萧塔剌葛,未知,辽国
16352,耶律敌禄,未知,辽国
16353,耶律韩八,未知,辽国
16354,耶律唐古,未知,辽国
16355,萧药师奴,未知,辽国
16356,耶律仆里笃,未知,辽国
16357,耶律侯哂,未知,辽国
16358,耶律古昱,未知,辽国
16359,耶律独攧,未知,辽国
16360,萧慈氏奴,未知,辽国
16361,萧铎卢斡,未知,辽国
16362,耶律铎轸,未知,辽国
16363,耶律化哥,未知,辽国
16364,耶律斡腊,未知,辽国
16365,耶律速撒,未知,辽国
16366,萧阿鲁带,未知,辽国
16367,耶律那也,未知,辽国
16368,耶律何鲁扫古,未知,辽国
16369,耶律世良,未知,辽国
16370,耶律马六,未知,辽国
16371,耶律适禄,未知,辽国
16372,耶律陈家奴,未知,辽国
16373,耶律特么,未知,辽国
16374,耶律仙童,未知,辽国
16375,耶律大悲奴,未知,辽国
16376,耶律仁先,未知,辽国
16377,萧韩家奴,未知,辽国
16378,萧乐音奴,未知,辽国
16379,耶律敌烈,未知,辽国
16380,耶律阿思,未知,辽国
16381,耶律斡特剌,未知,辽国
16382,耶律引吉,未知,辽国
16383,耶律喜孙,未知,辽国
16384,耶律胡吕,未知,辽国
16385,耶律撒剌,未知,辽国
16386,耶律挞不也,未知,辽国
16387,萧挞不也,未知,辽国
16388,耶律石柳,未知,辽国
16389,耶律棠古,未知,辽国
16390,萧得里底,未知,辽国
16391,耶律章奴,未知,辽国
16392,耶律术者,未知,辽国
16393,萧陶苏斡,未知,辽国
16394,耶律阿息保,未知,辽国
16395,耶律余睹,未知,辽国
16396,耶律孟简,未知,辽国
16397,耶律谷欲,未知,辽国
16398,耶律铎鲁斡,未知,辽国
16399,耶律官奴,未知,辽国
16400,萧蒲离不,未知,辽国
16401,耶律敌鲁,未知,辽国
16402,耶律乙不哥,未知,辽国
16403,耶律乙辛,未知,辽国
16404,耶律燕哥,未知,辽国
16405,萧余里也,未知,辽国
16406,耶律合鲁,未知,辽国
16407,萧得里特,未知,辽国
16408,萧讹都斡,未知,辽国
16409,萧达鲁古,未知,辽国
16410,耶律塔不也,未知,辽国
16411,萧图古辞,未知,辽国
16412,耶律辖底,未知,辽国
16413,耶律迭里特,未知,辽国
16414,耶律察割,未知,辽国
16415,耶律娄国,未知,辽国
16416,耶律滑哥,未知,辽国
16417,耶律牒蜡,未知,辽国
16418,耶律刘哥,未知,辽国
16419,耶律盆都,未知,辽国
16420,耶律海思,未知,辽国
16421,耶律敌猎,未知,辽国
16422,萧迭里得,未知,辽国
16423,耶律撒剌竹,未知,辽国
16424,奚回离保,未知,辽国
16425,耶律雅里,未知,辽国
16426,述律平,未知,辽国
16427,萧温,未知,辽国
16428,萧撒葛只,未知,辽国
16429,萧菩萨哥,未知,辽国
16430,萧挞里,未知,辽国
16431,萧坦思,未知,辽国
16432,萧夺里懒,未知,辽国
16433,塔不烟,未知,辽国
16434,辽肃祖昭烈皇后,绿文,辽国
16435,懿祖庄敬皇后,绿文,辽国
16436,玄祖简献皇后,绿文,辽国
16437,德祖宣简皇后,绿文,辽国
16438,耶律斜,未知,辽国
16439,罗焕,蓝武,说唐后传
16440,尉迟宝林,蓝武,说唐后传
16441,秦怀玉,绿武,说唐后传
16442,罗仁,蓝武,说唐后传
16443,马三保,绿武,说唐后传
16444,朱伍登,绿色,说唐后传
16445,单天长,绿武,说唐后传
16446,窦永山,绿色,说唐后传
16447,赵登,绿武,说唐后传
16448,苏山,绿色,说唐后传
16449,苏海,绿色,说唐后传
16450,苏凤,绿武,说唐后传
16451,飞钵僧,绿色,说唐后传
16452,铁板道,绿武,说唐后传
16453,刘国祯,绿武,说唐后传
16454,伍国龙,绿色,说唐后传
16455,伍国虎,绿色,说唐后传
16456,王天寿,绿武,说唐后传
16457,海东珠,绿色,说唐后传
16458,吐鲁公主,绿色,说唐后传
16459,九尾蛇,绿色,说唐后传
16460,王杰,绿武,说唐后传
16461,阿塔公主,绿色,说唐后传
16462,尤俊达,绿武,说唐后传
16463,普贤,绿武,说唐后传
16464,左车轮,绿武,说唐后传
16465,金刚活佛,绿色,说唐后传
16466,石铁虎,绿武,说唐后传
16467,马元,绿色,说唐后传
16468,杜义,绿色,说唐后传
16469,金城,绿色,说唐后传
16470,樊虎,绿色,说唐后传
16471,金甲,绿武,说唐后传
16472,李如辉,绿色,说唐后传
16473,齐国远,绿武,说唐后传
16474,赤壁保康王,绿色,说唐后传
16475,哈依格,绿色,说唐后传
16476,吐鲁松,绿文,说唐后传
16477,丹珠吐布,绿色,说唐后传
16478,特尔巴干,绿色,说唐后传
16479,瓦尔古,绿色,说唐后传
16480,桑库,绿武,说唐后传
16481,齐齐朗杰,绿色,说唐后传
16482,玛什顿,绿色,说唐后传
16483,扎克布,绿色,说唐后传
16484,吉吉特,绿武,说唐后传
16485,富察包衣,绿色,说唐后传
16486,僧存德尔,绿武,说唐后传
16487,安朝珠布,绿色,说唐后传
16488,塔什干达,绿色,说唐后传
16489,巴山,绿色,说唐后传
16490,巴特尔,绿色,说唐后传
16491,杨度,绿色,说唐后传
16492,白显道,绿色,说唐后传
16493,屈突盖,绿色,说唐后传
16494,刘仁,绿武,说唐后传
16495,刘春,绿武,说唐后传
16496,段之贤,绿武,说唐后传
16497,刘洪基,绿色,说唐后传
16498,殷开山,绿武,说唐后传
16499,唐万仁,绿武,说唐后传
16500,唐万义,绿武,说唐后传
16501,周能,绿色,说唐后传
16502,周顺,绿色,说唐后传
16503,尚青山,绿色,说唐后传
16504,金奎,绿色,说唐后传
16505,金亮,绿武,说唐后传
16506,刘发,绿色,说唐后传
16507,赵延,绿武,说唐后传
16508,夏玉山,绿武,说唐后传
16509,杨昆,绿色,说唐后传
16510,姜道令,绿色,说唐后传
16511,柳源,绿武,说唐后传
16512,贾云福,绿武,说唐后传
16513,柳州臣,绿色,说唐后传
16514,金顺,绿色,说唐后传
16515,朱能,绿武,说唐后传
16516,孙亮,绿武,说唐后传
16517,吴达,绿色,说唐后传
16518,肖猛,绿色,说唐后传
16519,杜宾,绿色,说唐后传
16520,项楚,绿色,说唐后传
16521,白乐天,绿色,说唐后传
16522,党仕仁,绿色,说唐后传
16523,党仕杰,绿色,说唐后传
16524,毛公遂,绿色,说唐后传
16525,吕公旦,绿色,说唐后传
16526,张公,绿色,说唐后传
16527,李义,绿色,说唐后传
16528,连明,绿色,说唐后传
16529,赵焕,绿色,说唐后传
16530,刘小姣,绿武,说唐后传
16531,刘月姣,绿色,说唐后传
16532,刘艳姣,绿文,说唐后传
16533,刘芷姣,绿文,说唐后传
16534,刘安理,绿色,说唐后传
16535,李文,绿色,说唐后传
16536,吴慈仁,绿色,说唐后传
16537,刘田林,绿色,说唐后传
16538,赵雁川,绿色,说唐后传
16539,张超,绿色,说唐后传
16540,李霸,绿色,说唐后传
16541,罗邦,绿武,说唐后传
16542,罗谪,绿武,说唐后传
16543,罗沁,绿色,说唐后传
16544,罗垂,绿色,说唐后传
16545,法净,绿色,说唐后传
16546,法明,绿色,说唐后传
16547,法青,绿色,说唐后传
16548,法红,绿色,说唐后传
16549,童佩之,绿武,说唐后传
16550,黄天虎,绿武,说唐后传
16551,李成龙,绿色,说唐后传
16552,修真,绿色,说唐后传
16553,修性,绿武,说唐后传
16554,修善,绿色,说唐后传
16555,修明,绿色,说唐后传
16556,于涛,绿色,说唐后传
16557,于猛,绿武,说唐后传
16558,潘杰,绿武,说唐后传
16559,杨任,绿色,说唐后传
16560,刘林,绿武,说唐后传
16561,梁大宾,绿武,说唐后传
16562,刘桐,绿色,说唐后传
16563,李宽,绿色,说唐后传
16564,赵守枫,绿色,说唐后传
16565,孙忠,绿武,说唐后传
16566,周宣,绿色,说唐后传
16567,于雷,绿武,说唐后传
16568,陈大刚,绿武,说唐后传
16569,贺超,绿色,说唐后传
16570,屠占奎,绿色,说唐后传
16571,屠占元,绿武,说唐后传
16572,公孙良,绿色,说唐后传
16573,司空和尚,绿文,说唐后传
16574,广悟,绿文,说唐后传
16575,了凡,绿色,说唐后传
16576,新大刚,绿色,说唐后传
16577,新大成,绿色,说唐后传
16578,圆通,绿色,说唐后传
16579,西门彦,绿武,说唐后传
16580,程铁牛,绿武,说唐后传
16581,程万牛,绿色,说唐后传
16582,尉迟宝怀,绿色,说唐后传
16583,尉迟宝庆,绿色,说唐后传
16584,马彦平,绿色,说唐后传
16585,尤士杰,绿色,说唐后传
16586,金雷,绿色,说唐后传
16587,金兀术,蓝武,说唐后传
16588,慕容锺,蓝武,五胡
16589,冉闵,绿色,五胡
16590,姚弋仲,绿色,五胡
16591,慕容翰,绿色,五胡
16592,段业,绿色,五胡
16593,王始,绿色,五胡
16594,石遵,绿武,五胡
16595,石鉴,绿色,五胡
16596,苻眉,绿武,五胡
16597,苻雄,蓝武,五胡
16598,苻融,绿武,五胡
16599,赫连勃勃,绿武,五胡
16600,赫连昌,绿色,五胡
16601,赫连定,绿色,五胡
16602,沮渠无讳,绿武,五胡
16603,沮渠安周,绿色,五胡
16604,沮渠蒙逊,绿武,五胡
16605,沮渠牧犍,绿色,五胡
16606,刘聪,绿色,五胡
16607,刘粲,绿武,五胡
16608,刘曜,绿色,五胡
16609,刘渊,绿武,五胡
16610,吕绍,绿武,五胡
16611,吕篡,绿色,五胡
16612,吕光,绿武,五胡
16613,李歆,绿色,五胡
16614,李暠,绿色,五胡
16615,慕容盛,绿武,五胡
16616,慕容超,绿武,五胡
16617,慕容纳,绿色,五胡
16618,慕容宝,绿色,五胡
16619,慕容恪,绿色,五胡
16620,石虎,绿色,五胡
16621,王猛,蓝武,五胡
16622,姚襄,蓝武,五胡
16623,丘沈,绿武,五胡
16624,乞伏傉大寒,绿武,五胡
16625,乞伏利那,绿色,五胡
16626,乞伏司繁,绿色,五胡
16627,乞伏国仁,绿色,五胡
16628,乞伏干归,绿色,五胡
16629,乞伏暮末,绿武,五胡
16630,乞伏炽盘,绿色,五胡
16631,乞伏祁埿,绿武,五胡
16632,乞伏佑邻,绿色,五胡
16633,乞伏结权,绿色,五胡
16634,乞伏述延,绿色,五胡
16635,侯子光,绿武,五胡
16636,释僧肇,绿色,五胡
16637,兰汗,绿武,五胡
16638,冉智,绿色,五胡
16639,冉瞻,绿色,五胡
16640,冉隆,绿武,五胡
16641,冯弘,绿武,五胡
16642,冯跋,绿色,五胡
16643,刘务桓,绿色,五胡
16644,刘卫辰,绿色,五胡
16645,刘悉勿祈,绿武,五胡
16646,刘熙,绿色,五胡
16647,刘虎,绿色,五胡
16648,刘阏陋头,绿武,五胡
16649,句渠知,绿色,五胡
16650,司马顺宰,绿色,五胡
16651,吕隆,绿色,五胡
16652,呼延谟,绿色,五胡
16653,姚兴,绿武,五胡
16654,姚泓,绿色,五胡
16655,姚苌,绿武,五胡
16656,张天锡,绿武,五胡
16657,张寔,绿武,五胡
16658,张曜灵,绿色,五胡
16659,张玄靓,绿色,五胡
16660,张祚,绿色,五胡
16661,张茂,绿色,五胡
16662,张轨,绿武,五胡
16663,张重华,绿武,五胡
16664,张骏,绿武,五胡
16665,慕容仁,绿武,五胡
16666,慕容儁,绿武,五胡
16667,慕容冲,绿色,五胡
16668,慕容垂,绿色,五胡
16669,慕容廆,绿武,五胡
16670,慕容德,蓝武,五胡
16671,慕容忠,绿武,五胡
16672,慕容暐,绿武,五胡
16673,慕容永,绿武,五胡
16674,慕容泓,绿色,五胡
16675,慕容熙,绿武,五胡
16676,慕容瑶,绿武,五胡
16677,慕容皝,绿武,五胡
16678,慕容详,绿武,五胡
16679,慕容顗,绿色,五胡
16680,慕容麟,绿色,五胡
16681,慧远,蓝武,五胡
16682,拓跋什翼犍,绿色,五胡
16683,拓跋纥那,绿武,五胡
16684,拓跋翳槐,绿色,五胡
16685,拓跋贺傉,绿色,五胡
16686,拓跋郁律,绿武,五胡
16687,李势,绿色,五胡
16688,李寿,绿色,五胡
16689,李恂,绿色,五胡
16690,李期,绿色,五胡
16691,李班,绿色,五胡
16692,李雄,绿色,五胡
16693,杨世,绿武,五胡
16694,杨俊,绿色,五胡
16695,杨初袭,绿色,五胡
16696,杨国,绿武,五胡
16697,杨毅,绿色,五胡
16698,杨玄,绿武,五胡
16699,杨盛,绿武,五胡
16700,杨纂,绿色,五胡
16701,杨统,绿武,五胡
16702,杨难敌,绿色,五胡
16703,梁勤,绿武,五胡
16704,段兰,绿色,五胡
16705,段务目尘,绿色,五胡
16706,段勤,绿武,五胡
16707,段就六眷,绿武,五胡
16708,段末波,绿武,五胡
16709,段涉复辰,绿武,五胡
16710,段牙,绿武,五胡
16711,段辽,绿武,五胡
16712,段随,绿色,五胡
16713,段龛,绿色,五胡
16714,毛皇后,绿武,五胡
16715,白亚栗斯,绿色,五胡
16716,石世,绿色,五胡
16717,石勒,绿色,五胡
16718,石弘,绿色,五胡
16719,石祗,绿色,五胡
16720,秃发乌孤,绿武,五胡
16721,秃发傉檀,绿色,五胡
16722,秃发利鹿孤,绿色,五胡
16723,秃发思复鞬,绿武,五胡
16724,秃发推斤,绿武,五胡
16725,羊献容,绿色,五胡
16726,翟成,绿武,五胡
16727,翟斌,绿色,五胡
16728,翟真,绿武,五胡
16729,翟辽,绿色,五胡
16730,翟钊,绿武,五胡
16731,苻丕,绿武,五胡
16732,苻健,绿色,五胡
16733,苻坚,紫武,五胡
16734,苻宏,绿色,五胡
16735,苻崇,绿色,五胡
16736,苻敞,绿武,五胡
16737,苻洪,绿武,五胡
16738,苻生,绿色,五胡
16739,苻登,绿武,五胡
16740,范贲,绿武,五胡
16741,谯纵,绿武,五胡
16742,道安,绿色,五胡
16743,道生,绿文,五胡
16744,郑樱桃,绿文,五胡
16745,慕容云,绿色,五胡
16746,魏猛变,蓝武,五胡
16747,鲜于乞,绿武,五胡
16748,吕纂,未知,五胡
16749,慕容钟,蓝武,五胡
16750,僧肇,未知,五胡
16751,刘续,未知,五胡
16752,杨保宗,未知,五胡
16753,杨初,未知,五胡
16754,杨续,未知,五胡
16755,高云,未知,五胡
16756,汉赵,未知,五胡
16757,刘宣,未知,五胡
16758,陈元达,未知,五胡
16759,张宾,未知,五胡
16760,裴嶷,未知,五胡
16761,高瞻,未知,五胡
16762,阳裕,未知,五胡
16763,韩恒,未知,五胡
16764,李产,未知,五胡
16765,李绩,未知,五胡
16766,阳骛,未知,五胡
16767,皇甫真,未知,五胡
16768,苻朗,未知,五胡
16769,王堕,未知,五胡
16770,索泮,未知,五胡
16771,徐嵩,未知,五胡
16772,尹纬,未知,五胡
16773,李庠,未知,五胡
16774,张耀灵,未知,五胡
16775,冯素弗,未知,五胡
16776,北魏哀帝,绿武,五胡
16777,宇文部鲜卑,未知,五胡
16778,拓跋侩,绿武,五胡
16779,拓跋俟,未知,五胡
16780,拓跋利,绿文,五胡
16781,拓跋力微,绿武,五胡
16782,拓跋弗,绿武,五胡
16783,拓跋悉鹿,蓝武,五胡
16784,拓跋推寅,未知,五胡
16785,拓跋普根,未知,五胡
16786,拓跋机,未知,五胡
16787,拓跋楼,未知,五胡
16788,拓跋毛,蓝文,五胡
16789,拓跋沙漠汗,绿文,五胡
16790,拓跋猗,绿文,五胡
16791,拓跋猗卢,绿文,五胡
16792,拓跋盖,绿色,五胡
16793,拓跋禄官,绿文,五胡
16794,拓跋绰,绿文,五胡
16795,拓跋肆,绿文,五胡
16796,拓跋观,未知,五胡
16797,拓跋诘汾,蓝文,五胡
16798,拓跋贷,绿文,五胡
16799,拓跋越,绿文,五胡
16800,拓跋邻,绿文,五胡
16801,段部鲜卑,绿文,五胡
16802,秃发匹孤,绿文,五胡
16803,魁头,未知,五胡
16804,本纪,未知,五胡
16805,拓跋珪,未知,五胡
16806,拓跋嗣,未知,五胡
16807,拓跋焘,未知,五胡
16808,拓跋晃,未知,五胡
16809,拓跋浚,未知,五胡
16810,拓跋弘,未知,五胡
16811,元宏,未知,五胡
16812,元恪,未知,五胡
16813,元诩,未知,五胡
16814,元子攸,未知,五胡
16815,元恭,未知,五胡
16816,元朗,未知,五胡
16817,元修,未知,五胡
16818,元廓,未知,五胡
16819,拓跋纥罗,未知,五胡
16820,拓跋婴文,未知,五胡
16821,拓跋陆,未知,五胡
16822,拓跋因,未知,五胡
16823,拓跋寿乐,未知,五胡
16824,拓跋颓,未知,五胡
16825,拓跋素延,未知,五胡
16826,拓跋郁,未知,五胡
16827,拓跋目辰,未知,五胡
16828,拓跋六修,未知,五胡
16829,拓跋比干,未知,五胡
16830,拓跋吕,未知,五胡
16831,拓跋孤,未知,五胡
16832,拓跋那,未知,五胡
16833,拓跋敦,未知,五胡
16834,拓跋石,未知,五胡
16835,拓跋谓,未知,五胡
16836,拓跋大头,未知,五胡
16837,拓跋齐,未知,五胡
16838,拓跋处真,未知,五胡
16839,拓跋泥,未知,五胡
16840,拓跋屈,未知,五胡
16841,拓跋磨浑,未知,五胡
16842,拓跋寔君,未知,五胡
16843,拓跋翰,未知,五胡
16844,拓跋遵,未知,五胡
16845,拓跋虔,未知,五胡
16846,拓跋顺,未知,五胡
16847,拓跋意烈,未知,五胡
16848,拓跋绍,未知,五胡
16849,拓跋熙,未知,五胡
16850,拓跋法僧,未知,五胡
16851,拓跋曜,未知,五胡
16852,拓跋平原,未知,五胡
16853,拓跋和,未知,五胡
16854,拓跋鉴,未知,五胡
16855,拓跋修,未知,五胡
16856,拓跋处文,未知,五胡
16857,拓跋连,未知,五胡
16858,拓跋浑,未知,五胡
16859,拓跋霄,未知,五胡
16860,京兆王拓跋黎,未知,五胡
16861,拓跋继,未知,五胡
16862,拓跋丕,未知,五胡
16863,拓跋弥,未知,五胡
16864,拓跋范,未知,五胡
16865,拓跋良,未知,五胡
16866,拓跋健,未知,五胡
16867,拓跋仁,未知,五胡
16868,拓跋崇,未知,五胡
16869,拓跋丽,未知,五胡
16870,拓跋俊,未知,五胡
16871,拓跋伏罗,未知,五胡
16872,拓跋道符,未知,五胡
16873,拓跋谭,未知,五胡
16874,拓跋提,未知,五胡
16875,拓跋昌,未知,五胡
16876,拓跋建,未知,五胡
16877,拓跋嘉,未知,五胡
16878,拓跋余,未知,五胡
16879,拓跋新成,未知,五胡
16880,拓跋颐,未知,五胡
16881,拓跋衍,未知,五胡
16882,拓跋子推,未知,五胡
16883,拓跋太兴,未知,五胡
16884,拓跋悰,未知,五胡
16885,拓跋小新成,未知,五胡
16886,拓跋弼,未知,五胡
16887,拓跋天赐,未知,五胡
16888,拓跋庆和,未知,五胡
16889,拓跋万寿,未知,五胡
16890,拓跋忠,未知,五胡
16891,拓跋洛侯,未知,五胡
16892,拓跋匡,未知,五胡
16893,拓跋云,未知,五胡
16894,拓跋桢,未知,五胡
16895,拓跋长寿,未知,五胡
16896,拓跋鸾,未知,五胡
16897,拓跋太洛,未知,五胡
16898,拓跋彬,未知,五胡
16899,拓跋融,未知,五胡
16900,拓跋胡儿,未知,五胡
16901,拓跋思誉,未知,五胡
16902,拓跋休,未知,五胡
16903,拓跋燮,未知,五胡
16904,拓跋长乐,未知,五胡
16905,拓跋诠,未知,五胡
16906,拓跋斌之,未知,五胡
16907,拓跋略,未知,五胡
16908,拓跋谐,未知,五胡
16909,拓跋简,未知,五胡
16910,拓跋佑,未知,五胡
16911,拓跋若,未知,五胡
16912,拓跋琛,未知,五胡
16913,拓跋猛,未知,五胡
16914,拓跋延明,未知,五胡
16915,拓跋禧,未知,五胡
16916,拓跋干,未知,五胡
16917,拓跋羽,未知,五胡
16918,拓跋欣,未知,五胡
16919,拓跋雍,未知,五胡
16920,拓跋泰,未知,五胡
16921,拓跋斌,未知,五胡
16922,拓跋勰,未知,五胡
16923,拓跋劭,未知,五胡
16924,拓跋详,未知,五胡
16925,元恂,未知,五胡
16926,元愉,未知,五胡
16927,元怿,未知,五胡
16928,元悦,未知,五胡
16929,元恌,未知,五胡
16930,卫操,未知,五胡
16931,卫雄,未知,五胡
16932,姬澹,未知,五胡
16933,莫含,未知,五胡
16934,莫题,未知,五胡
16935,莫云,未知,五胡
16936,刘库仁,未知,五胡
16937,刘眷,未知,五胡
16938,刘罗辰,未知,五胡
16939,刘仁之,未知,五胡
16940,刘乞归,未知,五胡
16941,刘嵩,未知,五胡
16942,尉古真,未知,五胡
16943,尉聿,未知,五胡
16944,尉诺,未知,五胡
16945,尉眷,未知,五胡
16946,尉多侯,未知,五胡
16947,尉庆宾,未知,五胡
16948,尉瑾,未知,五胡
16949,尉地干,未知,五胡
16950,穆崇,未知,五胡
16951,穆真,未知,五胡
16952,穆泰,未知,五胡
16953,穆子容,未知,五胡
16954,穆观,未知,五胡
16955,穆寿,未知,五胡
16956,穆罴,未知,五胡
16957,穆亮,未知,五胡
16958,穆绍,未知,五胡
16959,穆多侯,未知,五胡
16960,穆弼,未知,五胡
16961,穆顗,未知,五胡
16962,奚斤,未知,五胡
16963,奚他观,未知,五胡
16964,叔孙建,未知,五胡
16965,叔孙俊,未知,五胡
16966,叔孙邻,未知,五胡
16967,安同,未知,五胡
16968,安屈,未知,五胡
16969,安原,未知,五胡
16970,安颉,未知,五胡
16971,庾业延,未知,五胡
16972,罗结,未知,五胡
16973,罗斤,未知,五胡
16974,楼伏连,未知,五胡
16975,楼宝,未知,五胡
16976,闾大肥,未知,五胡
16977,奚牧,未知,五胡
16978,和跋,未知,五胡
16979,贺狄干,未知,五胡
16980,李栗,未知,五胡
16981,奚眷,未知,五胡
16982,燕凤,未知,五胡
16983,许谦,未知,五胡
16984,许洛阳,未知,五胡
16985,崔宏,未知,五胡
16986,崔简,未知,五胡
16987,崔恬,未知,五胡
16988,崔徽,未知,五胡
16989,崔宽,未知,五胡
16990,崔衡,未知,五胡
16991,崔敞,未知,五胡
16992,崔钟,未知,五胡
16993,董谧,未知,五胡
16994,张衮,未知,五胡
16995,张白泽,未知,五胡
16996,张伦,未知,五胡
16997,张恂,未知,五胡
16998,张代,未知,五胡
16999,张苌年,未知,五胡
17000,邓彦海,未知,五胡
17001,邓颍,未知,五胡
17002,长孙嵩,未知,五胡
17003,长孙颓,未知,五胡
17004,长孙俭,未知,五胡
17005,长孙平,未知,五胡
17006,长孙师孝,未知,五胡
17007,长孙道生,未知,五胡
17008,长孙观,未知,五胡
17009,长孙承业,未知,五胡
17010,长孙子彦,未知,五胡
17011,长孙子裕,未知,五胡
17012,长孙兕,未知,五胡
17013,长孙炽,未知,五胡
17014,长孙行布,未知,五胡
17015,长孙绍远,未知,五胡
17016,长孙览,未知,五胡
17017,长孙澄,未知,五胡
17018,长孙礼,未知,五胡
17019,长孙肥,未知,五胡
17020,长孙翰,未知,五胡
17021,长孙陵,未知,五胡
17022,于栗磾,未知,五胡
17023,于洛拔,未知,五胡
17024,于烈,未知,五胡
17025,于忠,未知,五胡
17026,于景,未知,五胡
17027,于果,未知,五胡
17028,于劲,未知,五胡
17029,于晖,未知,五胡
17030,于天恩,未知,五胡
17031,于谨,未知,五胡
17032,于寔,未知,五胡
17033,于顗,未知,五胡
17034,于仲文,未知,五胡
17035,于翼,未知,五胡
17036,于玺,未知,五胡
17037,于义,未知,五胡
17038,于宣道,未知,五胡
17039,于宣敏,未知,五胡
17040,于礼,未知,五胡
17041,于智,未知,五胡
17042,崔逞,未知,五胡
17043,崔颐,未知,五胡
17044,崔彧,未知,五胡
17045,崔冏,未知,五胡
17046,崔休,未知,五胡
17047,崔甗,未知,五胡
17048,崔赡,未知,五胡
17049,崔仲文,未知,五胡
17050,崔儦,未知,五胡
17051,崔叔仁,未知,五胡
17052,崔叔义,未知,五胡
17053,崔子侃,未知,五胡
17054,崔子约,未知,五胡
17055,崔愍,未知,五胡
17056,崔遹,未知,五胡
17057,崔隆宗,未知,五胡
17058,崔模,未知,五胡
17059,王宪,未知,五胡
17060,王嶷,未知,五胡
17061,王云,未知,五胡
17062,王昕,未知,五胡
17063,王晞,未知,五胡
17064,王皓,未知,五胡
17065,封懿,未知,五胡
17066,封玄之,未知,五胡
17067,封磨奴,未知,五胡
17068,封回,未知,五胡
17069,封隆之,未知,五胡
17070,封子绘,未知,五胡
17071,封子绣,未知,五胡
17072,封兴之,未知,五胡
17073,封孝琬,未知,五胡
17074,封孝琰,未知,五胡
17075,封延之,未知,五胡
17076,封琳,未知,五胡
17077,封轨,未知,五胡
17078,封伟伯,未知,五胡
17079,封述,未知,五胡
17080,古弼,未知,五胡
17081,张黎,未知,五胡
17082,刘洁,未知,五胡
17083,丘堆,未知,五胡
17084,娥清,未知,五胡
17085,伊珝,未知,五胡
17086,伊盆生,未知,五胡
17087,乙瑰,未知,五胡
17088,乙干归,未知,五胡
17089,乙瑗,未知,五胡
17090,周几,未知,五胡
17091,豆代田,未知,五胡
17092,车伊洛,未知,五胡
17093,王洛儿,未知,五胡
17094,车路头,未知,五胡
17095,卢鲁元,未知,五胡
17096,卢统,未知,五胡
17097,卢内,未知,五胡
17098,陈建,未知,五胡
17099,来大干,未知,五胡
17100,宿石,未知,五胡
17101,万安国,未知,五胡
17102,嵇根,未知,五胡
17103,周观,未知,五胡
17104,尉拨,未知,五胡
17105,陆真,未知,五胡
17106,陆延,未知,五胡
17107,吕洛拔,未知,五胡
17108,吕文祖,未知,五胡
17109,薛彪子,未知,五胡
17110,薛琡,未知,五胡
17111,尉元,未知,五胡
17112,慕容白曜,未知,五胡
17113,慕容契,未知,五胡
17114,和其奴,未知,五胡
17115,苟颓,未知,五胡
17116,宇文福,未知,五胡
17117,宋隐,未知,五胡
17118,宋愔,未知,五胡
17119,宋弁,未知,五胡
17120,宋维纪,未知,五胡
17121,宋钦道,未知,五胡
17122,宋颖,未知,五胡
17123,宋鸿贵,未知,五胡
17124,宋翻,未知,五胡
17125,宋世良,未知,五胡
17126,宋世轨,未知,五胡
17127,宋世景,未知,五胡
17128,宋道玙,未知,五胡
17129,宋孝王,未知,五胡
17130,宋宣,未知,五胡
17131,许彦,未知,五胡
17132,许宗之,未知,五胡
17133,许恂,未知,五胡
17134,许惇,未知,五胡
17135,许文经,未知,五胡
17136,刁雍,未知,五胡
17137,刁遵,未知,五胡
17138,刁冲,未知,五胡
17139,刁整,未知,五胡
17140,刁柔,未知,五胡
17141,刁宣,未知,五胡
17142,刁双,未知,五胡
17143,辛绍先,未知,五胡
17144,辛祥,未知,五胡
17145,辛少雍,未知,五胡
17146,辛穆,未知,五胡
17147,辛子馥,未知,五胡
17148,韦阆,未知,五胡
17149,韦隽,未知,五胡
17150,韦子粲,未知,五胡
17151,韦荣亮,未知,五胡
17152,韦崇,未知,五胡
17153,韦珍,未知,五胡
17154,韦缵,未知,五胡
17155,韦彧,未知,五胡
17156,韦朏,未知,五胡
17157,韦道福,未知,五胡
17158,杜铨,未知,五胡
17159,杜遇,未知,五胡
17160,杜正玄,未知,五胡
17161,杜正藏,未知,五胡
17162,屈遵,未知,五胡
17163,屈恒,未知,五胡
17164,屈道赐,未知,五胡
17165,屈拔,未知,五胡
17166,张蒲,未知,五胡
17167,谷浑,未知,五胡
17168,谷楷,未知,五胡
17169,公孙表,未知,五胡
17170,公孙轨,未知,五胡
17171,公孙叡,未知,五胡
17172,公孙质,未知,五胡
17173,公孙邃,未知,五胡
17174,李先,未知,五胡
17175,李预,未知,五胡
17176,李皎,未知,五胡
17177,李义徽,未知,五胡
17178,李昭徽,未知,五胡
17179,贾秀,未知,五胡
17180,贾隽,未知,五胡
17181,贾祯,未知,五胡
17182,贾景隽,未知,五胡
17183,贾景舆,未知,五胡
17184,窦瑾,未知,五胡
17185,窦遵,未知,五胡
17186,李欣,绿文,五胡
17187,韩延之,未知,五胡
17188,袁式,未知,五胡
17189,唐和,未知,五胡
17190,唐契,未知,五胡
17191,唐玄达,未知,五胡
17192,寇赞,未知,五胡
17193,寇臻,未知,五胡
17194,寇祖训,未知,五胡
17195,寇祖礼,未知,五胡
17196,寇隽,未知,五胡
17197,寇奉,未知,五胡
17198,寇颙,未知,五胡
17199,郦范,未知,五胡
17200,郦道慎,未知,五胡
17201,郦道约,未知,五胡
17202,郦恽,未知,五胡
17203,韩秀,未知,五胡
17204,韩务,未知,五胡
17205,尧暄,未知,五胡
17206,尧雄,未知,五胡
17207,柳崇,未知,五胡
17208,陆俟,未知,五胡
17209,陆珝,未知,五胡
17210,陆琇,未知,五胡
17211,陆暐,未知,五胡
17212,陆恭之,未知,五胡
17213,陆旭,未知,五胡
17214,陆腾,未知,五胡
17215,陆丽,未知,五胡
17216,陆定国,未知,五胡
17217,陆昕之,未知,五胡
17218,陆子彰,未知,五胡
17219,陆卬,未知,五胡
17220,陆乂,未知,五胡
17221,陆杳,未知,五胡
17222,陆彦师,未知,五胡
17223,陆叡,未知,五胡
17224,陆希道,未知,五胡
17225,陆操,未知,五胡
17226,陆爽,未知,五胡
17227,陆法言,未知,五胡
17228,源贺,未知,五胡
17229,源延,未知,五胡
17230,源怀,未知,五胡
17231,源子邕,未知,五胡
17232,源子恭,未知,五胡
17233,源彪,未知,五胡
17234,源师,未知,五胡
17235,源雄,未知,五胡
17236,刘尼,未知,五胡
17237,薛提,未知,五胡
17238,司马文思,未知,五胡
17239,司马楚之,未知,五胡
17240,司马金龙,未知,五胡
17241,司马悦,未知,五胡
17242,司马裔,未知,五胡
17243,司马侃,未知,五胡
17244,司马跃,未知,五胡
17245,司马景之,未知,五胡
17246,司马叔璠,未知,五胡
17247,司马天助,未知,五胡
17248,刘昶,未知,五胡
17249,刘晖,未知,五胡
17250,萧赞,未知,五胡
17251,萧祗,未知,五胡
17252,萧放,未知,五胡
17253,萧退,未知,五胡
17254,萧慨,未知,五胡
17255,萧泰,未知,五胡
17256,萧宝,未知,五胡
17257,萧撝,未知,五胡
17258,萧圆肃,未知,五胡
17259,卢玄,未知,五胡
17260,卢度世,未知,五胡
17261,卢伯源,未知,五胡
17262,卢道将,未知,五胡
17263,卢怀仁,未知,五胡
17264,卢道虔,未知,五胡
17265,卢昌衡,未知,五胡
17266,卢义僖,未知,五胡
17267,卢昶,未知,五胡
17268,卢元明,未知,五胡
17269,卢尚之,未知,五胡
17270,卢潜,未知,五胡
17271,卢士邃,未知,五胡
17272,卢柔,未知,五胡
17273,卢恺,未知,五胡
17274,卢观,未知,五胡
17275,卢仲宣,未知,五胡
17276,卢叔彪,未知,五胡
17277,卢文伟,未知,五胡
17278,卢询祖,未知,五胡
17279,卢怀道,未知,五胡
17280,卢宗道,未知,五胡
17281,卢同,未知,五胡
17282,卢斐,未知,五胡
17283,卢景裕,未知,五胡
17284,卢辩,未知,五胡
17285,卢光,未知,五胡
17286,卢贲,未知,五胡
17287,卢勇,未知,五胡
17288,卢诞,未知,五胡
17289,高允,未知,五胡
17290,高绰,未知,五胡
17291,高推,未知,五胡
17292,高燮,未知,五胡
17293,高遵,未知,五胡
17294,刘模,未知,五胡
17295,高佑,未知,五胡
17296,高颢,未知,五胡
17297,高德正,未知,五胡
17298,高翼,未知,五胡
17299,高慎,未知,五胡
17300,高昂,未知,五胡
17301,高季式,未知,五胡
17302,卢曹,未知,五胡
17303,崔鉴,未知,五胡
17304,崔秉,未知,五胡
17305,崔仲哲,未知,五胡
17306,崔子枢,未知,五胡
17307,崔伯谦,未知,五胡
17308,崔辩,未知,五胡
17309,崔逸,未知,五胡
17310,崔巨伦,未知,五胡
17311,崔楷,未知,五胡
17312,崔士谦,未知,五胡
17313,崔彭,未知,五胡
17314,崔说,未知,五胡
17315,崔弘度,未知,五胡
17316,崔弘升,未知,五胡
17317,崔挺,未知,五胡
17318,崔孝芬,未知,五胡
17319,崔勉,未知,五胡
17320,崔猷,未知,五胡
17321,崔仲方,未知,五胡
17322,崔孝伟,未知,五胡
17323,崔昂,未知,五胡
17324,崔液,未知,五胡
17325,崔纂,未知,五胡
17326,崔暹,未知,五胡
17327,崔达拏,未知,五胡
17328,崔振,未知,五胡
17329,崔季舒,未知,五胡
17330,崔长君,未知,五胡
17331,崔敬邕,未知,五胡
17332,崔接,未知,五胡
17333,李灵,未知,五胡
17334,李显甫,未知,五胡
17335,李元忠,未知,五胡
17336,李搔,未知,五胡
17337,李法行,未知,五胡
17338,李湛,未知,五胡
17339,李绘,未知,五胡
17340,李纬,未知,五胡
17341,李璨,未知,五胡
17342,李德饶,未知,五胡
17343,李德佋,未知,五胡
17344,李公绪,未知,五胡
17345,李概,未知,五胡
17346,李顺,未知,五胡
17347,李敷,未知,五胡
17348,李式,未知,五胡
17349,李希宗,未知,五胡
17350,李希礼,未知,五胡
17351,李孝贞,未知,五胡
17352,李弈,未知,五胡
17353,李冏,未知,五胡
17354,李孝伯,未知,五胡
17355,李祥,未知,五胡
17356,李安世,未知,五胡
17357,李玚,未知,五胡
17358,李谧,未知,五胡
17359,李士谦,未知,五胡
17360,李郁,未知,五胡
17361,李裔,未知,五胡
17362,李子雄,未知,五胡
17363,李仲琁,未知,五胡
17364,李焕,未知,五胡
17365,李义深,未知,五胡
17366,李騊駼,未知,五胡
17367,李政藻,未知,五胡
17368,李同轨,未知,五胡
17369,李幼廉,未知,五胡
17370,李神威,未知,五胡
17371,李翥,未知,五胡
17372,游雅,未知,五胡
17373,游明根,未知,五胡
17374,游肇,未知,五胡
17375,游祥,未知,五胡
17376,高闾,未知,五胡
17377,赵逸,未知,五胡
17378,赵琰,未知,五胡
17379,胡叟,未知,五胡
17380,胡方回,未知,五胡
17381,张怀义,未知,五胡
17382,张通,未知,五胡
17383,段晖,未知,五胡
17384,段承根,未知,五胡
17385,段宗钦,未知,五胡
17386,阚骃,未知,五胡
17387,刘延明,未知,五胡
17388,赵柔,未知,五胡
17389,索敞,未知,五胡
17390,宋繇,未知,五胡
17391,宋游道,未知,五胡
17392,宋士素,未知,五胡
17393,江式,未知,五胡
17394,沈法会,未知,五胡
17395,王慧龙,未知,五胡
17396,王宝兴,未知,五胡
17397,王琼,未知,五胡
17398,王遵业,未知,五胡
17399,王松年,未知,五胡
17400,郑羲,未知,五胡
17401,郑懿,未知,五胡
17402,郑严祖,未知,五胡
17403,郑仲礼,未知,五胡
17404,郑述祖,未知,五胡
17405,郑幼儒,未知,五胡
17406,郑伯猷,未知,五胡
17407,郑琼,未知,五胡
17408,郑道邕,未知,五胡
17409,郑诩,未知,五胡
17410,郑译,未知,五胡
17411,郑俨,未知,五胡
17412,郑先护,未知,五胡
17413,郑伟,未知,五胡
17414,薛强,未知,五胡
17415,薛辩,未知,五胡
17416,薛谨,未知,五胡
17417,薛初古拔,未知,五胡
17418,薛胤,未知,五胡
17419,薛庆之,未知,五胡
17420,薛端,未知,五胡
17421,薛冑,未知,五胡
17422,薛裕,未知,五胡
17423,薛浚,未知,五胡
17424,薛湖,未知,五胡
17425,薛聪,未知,五胡
17426,薛孝通,未知,五胡
17427,薛孺,未知,五胡
17428,薛善,未知,五胡
17429,薛慎,未知,五胡
17430,薛寘,未知,五胡
17431,薛憕,未知,五胡
17432,韩茂,未知,五胡
17433,韩备,未知,五胡
17434,韩均,未知,五胡
17435,皮豹子,未知,五胡
17436,皮欢喜,未知,五胡
17437,封敕文,未知,五胡
17438,吕显,未知,五胡
17439,吕罗汉,未知,五胡
17440,孔伯恭,未知,五胡
17441,田益宗,未知,五胡
17442,孟表,未知,五胡
17443,奚康生,未知,五胡
17444,崔延伯,未知,五胡
17445,李叔仁,未知,五胡
17446,裴骏,未知,五胡
17447,裴修,未知,五胡
17448,裴询,未知,五胡
17449,裴敬宪,未知,五胡
17450,裴庄伯,未知,五胡
17451,裴献伯,未知,五胡
17452,裴安祖,未知,五胡
17453,裴延隽,未知,五胡
17454,裴夙,未知,五胡
17455,裴泽,未知,五胡
17456,裴良,未知,五胡
17457,裴庆孙,未知,五胡
17458,裴仲规,未知,五胡
17459,裴伯茂,未知,五胡
17460,裴佗,未知,五胡
17461,裴诹之,未知,五胡
17462,裴谳之,未知,五胡
17463,裴谋之,未知,五胡
17464,裴讷之,未知,五胡
17465,皇甫徽,未知,五胡
17466,皇甫和,未知,五胡
17467,皇甫亮,未知,五胡
17468,裴果,未知,五胡
17469,裴孝仁,未知,五胡
17470,裴宽,未知,五胡
17471,裴汉,未知,五胡
17472,裴侠,未知,五胡
17473,裴祥,未知,五胡
17474,裴肃,未知,五胡
17475,裴文举,未知,五胡
17476,裴行俨,未知,五胡
17477,薛真度,未知,五胡
17478,薛怀吉,未知,五胡
17479,刘休宾,未知,五胡
17480,刘文晔,未知,五胡
17481,房法寿,未知,五胡
17482,房豹,未知,五胡
17483,房彦询,未知,五胡
17484,房彦谦,未知,五胡
17485,房景伯,未知,五胡
17486,房文烈,未知,五胡
17487,景先,未知,五胡
17488,景远,未知,五胡
17489,毕众敬,未知,五胡
17490,毕元宾,未知,五胡
17491,毕祖朽,未知,五胡
17492,毕祖晖,未知,五胡
17493,毕义云,未知,五胡
17494,毕善昭,未知,五胡
17495,羊祉,未知,五胡
17496,羊深,未知,五胡
17497,羊肃,未知,五胡
17498,羊烈,未知,五胡
17499,羊灵引,未知,五胡
17500,羊敦,未知,五胡
17501,韩麒麟,未知,五胡
17502,韩子熙,未知,五胡
17503,韩显宗,未知,五胡
17504,程骏,未知,五胡
17505,李彪,未知,五胡
17506,李志,未知,五胡
17507,李昶,未知,五胡
17508,高道悦,未知,五胡
17509,高敬猷,未知,五胡
17510,高双,未知,五胡
17511,甄琛,未知,五胡
17512,甄侃,未知,五胡
17513,甄楷,未知,五胡
17514,甄密,未知,五胡
17515,张纂,未知,五胡
17516,张宣轨,未知,五胡
17517,高聪,未知,五胡
17518,杨播,未知,五胡
17519,杨侃,未知,五胡
17520,杨椿,未知,五胡
17521,杨昱,未知,五胡
17522,杨津,未知,五胡
17523,杨遁,未知,五胡
17524,杨逸,未知,五胡
17525,杨谧,未知,五胡
17526,杨愔,未知,五胡
17527,杨暐,未知,五胡
17528,燕子献,未知,五胡
17529,郑颐,未知,五胡
17530,杨敷,未知,五胡
17531,杨约,未知,五胡
17532,杨穆,未知,五胡
17533,杨俭,未知,五胡
17534,杨异,未知,五胡
17535,杨宽,未知,五胡
17536,杨文思,未知,五胡
17537,杨纪,未知,五胡
17538,赵元淑,未知,五胡
17539,刘元进,未知,五胡
17540,王康,未知,五胡
17541,王诵,未知,五胡
17542,王翊,绿武,五胡
17543,刘芳,未知,五胡
17544,刘怿,未知,五胡
17545,刘廞,未知,五胡
17546,刘懋,未知,五胡
17547,常爽,未知,五胡
17548,常景,未知,五胡
17549,郭祚,未知,五胡
17550,郭景尚,未知,五胡
17551,张彝,未知,五胡
17552,张始均,未知,五胡
17553,张晏之,未知,五胡
17554,张干威,未知,五胡
17555,张干雄,未知,五胡
17556,邢峦,未知,五胡
17557,邢逊,未知,五胡
17558,邢昕,未知,五胡
17559,邢晏,未知,五胡
17560,邢佑,未知,五胡
17561,邢虬,未知,五胡
17562,邢臧,未知,五胡
17563,邢卲,未知,五胡
17564,李世哲,未知,五胡
17565,李神轨,未知,五胡
17566,李平,未知,五胡
17567,李奖,未知,五胡
17568,李构,未知,五胡
17569,李谐,未知,五胡
17570,李庶,未知,五胡
17571,李蔚,未知,五胡
17572,李若,未知,五胡
17573,崔光,未知,五胡
17574,崔励,未知,五胡
17575,崔劼,未知,五胡
17576,崔敬友,未知,五胡
17577,崔鸿,未知,五胡
17578,崔子元,未知,五胡
17579,崔长文,未知,五胡
17580,崔庠,未知,五胡
17581,崔亮,未知,五胡
17582,崔士安,未知,五胡
17583,崔士和,未知,五胡
17584,崔士泰,未知,五胡
17585,崔肇师,未知,五胡
17586,崔光韶,未知,五胡
17587,崔光伯,未知,五胡
17588,崔道固,未知,五胡
17589,崔僧深,未知,五胡
17590,崔祖螭,未知,五胡
17591,裴叔业,未知,五胡
17592,裴芬之,未知,五胡
17593,裴彦先,未知,五胡
17594,裴绚,未知,五胡
17595,裴植,未知,五胡
17596,裴扬,未知,五胡
17597,裴烱,未知,五胡
17598,裴粲,未知,五胡
17599,裴衍,未知,五胡
17600,夏侯道迁,未知,五胡
17601,夏侯夬,未知,五胡
17602,罗道珍,未知,五胡
17603,王安世,未知,五胡
17604,辛湛,未知,五胡
17605,姜永,未知,五胡
17606,庾道,未知,五胡
17607,李元护,未知,五胡
17608,席法友,未知,五胡
17609,王世弼,未知,五胡
17610,王由,未知,五胡
17611,江悦之,未知,五胡
17612,江文遥,未知,五胡
17613,淳于诞,未知,五胡
17614,房天乐,未知,五胡
17615,张谠,未知,五胡
17616,李苗,未知,五胡
17617,刘藻,未知,五胡
17618,刘绍珍,未知,五胡
17619,傅永,未知,五胡
17620,傅叔伟,未知,五胡
17621,傅融,未知,五胡
17622,傅灵庆,未知,五胡
17623,傅竖眼,未知,五胡
17624,傅敬绍,未知,五胡
17625,傅敬和,未知,五胡
17626,张烈,未知,五胡
17627,张僧皓,未知,五胡
17628,李叔彪,未知,五胡
17629,李述,未知,五胡
17630,李象,未知,五胡
17631,路恃庆,未知,五胡
17632,房亮,未知,五胡
17633,曹世表,未知,五胡
17634,潘永基,未知,五胡
17635,朱元旭,未知,五胡
17636,孙绍,未知,五胡
17637,张普惠,未知,五胡
17638,成淹,未知,五胡
17639,范绍,未知,五胡
17640,刘桃符,未知,五胡
17641,鹿生,未知,五胡
17642,鹿悆,未知,五胡
17643,张耀,未知,五胡
17644,刘道斌,未知,五胡
17645,董绍,未知,五胡
17646,冯元兴,未知,五胡
17647,袁翻,未知,五胡
17648,袁跃,未知,五胡
17649,袁聿修,未知,五胡
17650,阳尼,未知,五胡
17651,阳固,未知,五胡
17652,阳休之,未知,五胡
17653,阳俊之,未知,五胡
17654,阳藻,未知,五胡
17655,阳斐,未知,五胡
17656,阳昭,未知,五胡
17657,贾思伯,未知,五胡
17658,贾思同,未知,五胡
17659,祖莹,未知,五胡
17660,祖珽,未知,五胡
17661,祖孝隐,未知,五胡
17662,祖崇儒,未知,五胡
17663,尔朱羽健,未知,五胡
17664,尔朱代勤,未知,五胡
17665,尔朱新兴,未知,五胡
17666,尔朱文畅,未知,五胡
17667,尔朱文略,未知,五胡
17668,尔朱彦伯,未知,五胡
17669,尔朱敞,未知,五胡
17670,尔朱仲远,未知,五胡
17671,尔朱世隆,未知,五胡
17672,尔朱世承,未知,五胡
17673,尔朱弼,未知,五胡
17674,尔朱度律,未知,五胡
17675,尔朱天光,未知,五胡
17676,朱瑞,未知,五胡
17677,叱列延庆,未知,五胡
17678,斛斯椿,未知,五胡
17679,斛斯征,未知,五胡
17680,斛斯政,未知,五胡
17681,斛斯元寿,未知,五胡
17682,贾显度,未知,五胡
17683,贾智,未知,五胡
17684,樊子鹄,未知,五胡
17685,侯深,未知,五胡
17686,贺拔度拔,未知,五胡
17687,贺拔允,未知,五胡
17688,侯莫陈悦,未知,五胡
17689,念贤,未知,五胡
17690,梁览,未知,五胡
17691,雷绍,未知,五胡
17692,毛遐,未知,五胡
17693,毛鸿宾,未知,五胡
17694,毛鸿显,未知,五胡
17695,乙弗朗,未知,五胡
17696,辛雄,未知,五胡
17697,辛纂,未知,五胡
17698,辛琛,未知,五胡
17699,辛悠,未知,五胡
17700,辛俊,未知,五胡
17701,辛术,未知,五胡
17702,辛德源,未知,五胡
17703,辛珍之,未知,五胡
17704,杨机,未知,五胡
17705,高崇,未知,五胡
17706,高谦之,未知,五胡
17707,高道穆,未知,五胡
17708,綦隽,未知,五胡
17709,山伟,未知,五胡
17710,宇文忠之,未知,五胡
17711,费穆,未知,五胡
17712,孟威,未知,五胡
17713,高琛,未知,五胡
17714,高岳,未知,五胡
17715,高盛,未知,五胡
17716,高永乐,未知,五胡
17717,高长弼,未知,五胡
17718,高显国,未知,五胡
17719,高思宗,未知,五胡
17720,高归彦,未知,五胡
17721,高灵山,未知,五胡
17722,高伏护,未知,五胡
17723,高浚,未知,五胡
17724,高淹,未知,五胡
17725,高浟,未知,五胡
17726,高涣,未知,五胡
17727,高淯,未知,五胡
17728,高湝,未知,五胡
17729,高湜,未知,五胡
17730,高济,未知,五胡
17731,高凝,未知,五胡
17732,高润,未知,五胡
17733,高洽,未知,五胡
17734,高孝瑜,未知,五胡
17735,高孝珩,未知,五胡
17736,高孝琬,未知,五胡
17737,高延宗,未知,五胡
17738,高绍信,未知,五胡
17739,高绍德,未知,五胡
17740,高绍义,未知,五胡
17741,高绍廉,未知,五胡
17742,高百年,未知,五胡
17743,高彦理,未知,五胡
17744,高俨,未知,五胡
17745,高贞,未知,五胡
17746,万俟普,未知,五胡
17747,万俟洛,未知,五胡
17748,可朱浑元,未知,五胡
17749,可朱浑天元,未知,五胡
17750,可朱浑天和,未知,五胡
17751,刘丰,未知,五胡
17752,刘龙,未知,五胡
17753,破六韩常,未知,五胡
17754,金祚,未知,五胡
17755,刘贵,未知,五胡
17756,蔡隽,未知,五胡
17757,韩贤,未知,五胡
17758,尉长命,未知,五胡
17759,王怀,未知,五胡
17760,任祥,未知,五胡
17761,任冑,未知,五胡
17762,莫多娄贷文,未知,五胡
17763,莫多娄敬显,未知,五胡
17764,厍狄回洛,未知,五胡
17765,厍狄盛,未知,五胡
17766,张保洛,未知,五胡
17767,贺拔仁,未知,五胡
17768,曲珍,未知,五胡
17769,段琛,未知,五胡
17770,尉摽,未知,五胡
17771,尉相贵,未知,五胡
17772,尉相愿,未知,五胡
17773,侯莫陈相,未知,五胡
17774,侯莫陈晋贵,未知,五胡
17775,薛孤延,未知,五胡
17776,斛律羌举,未知,五胡
17777,斛律孝卿,未知,五胡
17778,张琼,未知,五胡
17779,张欣,未知,五胡
17780,宋显,未知,五胡
17781,王敬宝,未知,五胡
17782,慕容绍宗,未知,五胡
17783,慕容三藏,未知,五胡
17784,叱列平,未知,五胡
17785,叱列长叉,未知,五胡
17786,步大汗萨,未知,五胡
17787,薛修义,未知,五胡
17788,薛嘉族,未知,五胡
17789,慕容俨,未知,五胡
17790,慕容子会,未知,五胡
17791,厍狄伏连,未知,五胡
17792,潘乐,未知,五胡
17793,潘子晃,未知,五胡
17794,彭乐,未知,五胡
17795,暴显,未知,五胡
17796,皮景和,未知,五胡
17797,綦连猛,未知,五胡
17798,尉兴庆,未知,五胡
17799,元景安,未知,五胡
17800,独孤永业,未知,五胡
17801,鲜于世荣,未知,五胡
17802,傅伏,未知,五胡
17803,叱千苟生,未知,五胡
17804,田敬宣,未知,五胡
17805,雷显和,未知,五胡
17806,纥奚永安,未知,五胡
17807,高宝宁,未知,五胡
17808,孙腾,未知,五胡
17809,高隆之,未知,五胡
17810,司马世云,未知,五胡
17811,司马膺之,未知,五胡
17812,司马子瑞,未知,五胡
17813,裴藻,未知,五胡
17814,娄昭,未知,五胡
17815,娄定远,未知,五胡
17816,娄叡,未知,五胡
17817,厍狄干,未知,五胡
17818,厍狄士文,未知,五胡
17819,韩轨,未知,五胡
17820,韩晋明,未知,五胡
17821,段荣,未知,五胡
17822,段韶,未知,五胡
17823,段懿,未知,五胡
17824,段深,未知,五胡
17825,段孝言,未知,五胡
17826,斛律光,未知,五胡
17827,斛律武都,未知,五胡
17828,斛律羡,未知,五胡
17829,斛律平,未知,五胡
17830,孙搴,未知,五胡
17831,杜弼,未知,五胡
17832,杜蕤,未知,五胡
17833,杜台卿,未知,五胡
17834,房谟,未知,五胡
17835,房子远,未知,五胡
17836,房恭懿,未知,五胡
17837,张亮,未知,五胡
17838,赵起,未知,五胡
17839,徐远,未知,五胡
17840,张曜,未知,五胡
17841,王纮,未知,五胡
17842,敬显隽,未知,五胡
17843,敬长瑜,未知,五胡
17844,平鉴,未知,五胡
17845,唐邕,未知,五胡
17846,白建,未知,五胡
17847,元文遥,未知,五胡
17848,元行恭,未知,五胡
17849,赵彦深,未知,五胡
17850,赵仲将,未知,五胡
17851,赫连子悦,未知,五胡
17852,冯子琮,未知,五胡
17853,冯慈明,未知,五胡
17854,郎基,未知,五胡
17855,郎茂,未知,五胡
17856,魏子建,未知,五胡
17857,魏惇,未知,五胡
17858,魏偃,未知,五胡
17859,魏质,未知,五胡
17860,魏钊,未知,五胡
17861,魏彦,未知,五胡
17862,魏长贤,未知,五胡
17863,魏鸾,未知,五胡
17864,魏季景,未知,五胡
17865,魏澹,未知,五胡
17866,魏兰根,未知,五胡
17867,魏恺,未知,五胡
17868,宇文颢,未知,五胡
17869,宇文什肥,未知,五胡
17870,宇文冑,未知,五胡
17871,宇文会,未知,五胡
17872,宇文连,未知,五胡
17873,宇文亮,未知,五胡
17874,宇文洛生,未知,五胡
17875,宇文仲,未知,五胡
17876,宇文兴,未知,五胡
17877,宇文测,未知,五胡
17878,宇文显和,未知,五胡
17879,宇文神举,未知,五胡
17880,宇文直,未知,五胡
17881,宇文宪,未知,五胡
17882,宇文招,未知,五胡
17883,宇文纯,未知,五胡
17884,宇文盛,未知,五胡
17885,宇文达,未知,五胡
17886,宇文逌,未知,五胡
17887,宇文贤,未知,五胡
17888,宇文贞,未知,五胡
17889,宇文赞,未知,五胡
17890,寇洛,未知,五胡
17891,赵善,未知,五胡
17892,李贤,未知,五胡
17893,李询,未知,五胡
17894,李敏,未知,五胡
17895,李远,未知,五胡
17896,李植,未知,五胡
17897,李基,未知,五胡
17898,李穆,未知,五胡
17899,李惇,未知,五胡
17900,梁御,未知,五胡
17901,梁睿,未知,五胡
17902,李弼,未知,五胡
17903,李晖,未知,五胡
17904,李衍,未知,五胡
17905,李纶,未知,五胡
17906,李摽,未知,五胡
17907,宇文善,未知,五胡
17908,宇文忻,未知,五胡
17909,侯莫陈芮,未知,五胡
17910,侯莫陈颖,未知,五胡
17911,侯莫陈顺,未知,五胡
17912,侯莫陈琼,未知,五胡
17913,侯莫陈凯,未知,五胡
17914,王雄,未知,五胡
17915,王谦,未知,五胡
17916,王盟,未知,五胡
17917,王懋,未知,五胡
17918,王显,未知,五胡
17919,独孤罗,未知,五胡
17920,独孤开远,未知,五胡
17921,独孤善,未知,五胡
17922,独孤陀,未知,五胡
17923,窦炽,未知,五胡
17924,窦恭,未知,五胡
17925,窦善,未知,五胡
17926,窦荣定,未知,五胡
17927,窦抗,未知,五胡
17928,窦庆,未知,五胡
17929,窦毅,未知,五胡
17930,窦贤,未知,五胡
17931,贺兰祥,未知,五胡
17932,叱列伏龟,未知,五胡
17933,叱列伏椿,未知,五胡
17934,阎庆,未知,五胡
17935,史宁,未知,五胡
17936,史雄,未知,五胡
17937,史祥,未知,五胡
17938,史云,未知,五胡
17939,权景宣,未知,五胡
17940,王罴,未知,五胡
17941,王长述,未知,五胡
17942,尉迟纲,未知,五胡
17943,尉迟运,未知,五胡
17944,尉迟勤,未知,五胡
17945,王轨,未知,五胡
17946,乐运,未知,五胡
17947,周惠达,未知,五胡
17948,冯景,未知,五胡
17949,苏绰,未知,五胡
17950,苏威,未知,五胡
17951,苏夔,未知,五胡
17952,苏椿,未知,五胡
17953,苏亮,未知,五胡
17954,苏湛,未知,五胡
17955,苏让,未知,五胡
17956,韦总,未知,五胡
17957,韦寿,未知,五胡
17958,韦敻,未知,五胡
17959,韦世康,未知,五胡
17960,韦福嗣,未知,五胡
17961,韦洸,未知,五胡
17962,韦协,未知,五胡
17963,韦艺,未知,五胡
17964,韦冲,未知,五胡
17965,韦瑱,未知,五胡
17966,韦师,未知,五胡
17967,韦暮,未知,五胡
17968,柳虬,未知,五胡
17969,柳带韦,未知,五胡
17970,柳桧,未知,五胡
17971,柳雄亮,未知,五胡
17972,柳庆,未知,五胡
17973,柳机,未知,五胡
17974,柳述,未知,五胡
17975,柳謇之,未知,五胡
17976,柳弘,未知,五胡
17977,柳旦,未知,五胡
17978,柳肃,未知,五胡
17979,达奚武,未知,五胡
17980,达奚震,未知,五胡
17981,若干惠,未知,五胡
17982,若干凤,未知,五胡
17983,怡峰,未知,五胡
17984,刘亮,未知,五胡
17985,王德,未知,五胡
17986,王庆,未知,五胡
17987,赫连达,未知,五胡
17988,韩果,未知,五胡
17989,蔡佑,未知,五胡
17990,蔡泽,未知,五胡
17991,常善,未知,五胡
17992,辛威,未知,五胡
17993,厍狄昌,未知,五胡
17994,梁椿,未知,五胡
17995,梁台,未知,五胡
17996,田弘,未知,五胡
17997,田仁恭,未知,五胡
17998,田德懋,未知,五胡
17999,王勇,未知,五胡
18000,宇文虬,未知,五胡
18001,耿豪,未知,五胡
18002,高琳,未知,五胡
18003,李和,未知,五胡
18004,李彻,未知,五胡
18005,伊娄穆,未知,五胡
18006,达奚寔,未知,五胡
18007,刘雄,未知,五胡
18008,侯植,未知,五胡
18009,李长寿,未知,五胡
18010,李延孙,未知,五胡
18011,韦佑,未知,五胡
18012,陈欣,未知,五胡
18013,魏玄,未知,五胡
18014,泉仚,未知,五胡
18015,泉元礼,未知,五胡
18016,泉仲遵,未知,五胡
18017,李迁哲,未知,五胡
18018,杨干运,未知,五胡
18019,扶猛,未知,五胡
18020,阳雄,未知,五胡
18021,席固,未知,五胡
18022,任果,未知,五胡
18023,崔彦穆,未知,五胡
18024,段永,未知,五胡
18025,令狐整,未知,五胡
18026,令狐熙,未知,五胡
18027,令狐休,未知,五胡
18028,唐永,未知,五胡
18029,唐陵,未知,五胡
18030,唐悟,未知,五胡
18031,唐瑾,未知,五胡
18032,唐令则,未知,五胡
18033,柳敏,未知,五胡
18034,柳昂,未知,五胡
18035,柳调,未知,五胡
18036,王士良,未知,五胡
18037,豆卢宁,未知,五胡
18038,豆卢绩,未知,五胡
18039,豆卢毓,未知,五胡
18040,豆卢永恩,未知,五胡
18041,豆卢通,未知,五胡
18042,杨绍,未知,五胡
18043,杨恭仁,未知,五胡
18044,杨綝,未知,五胡
18045,杨达,未知,五胡
18046,王世积,未知,五胡
18047,韩雄,未知,五胡
18048,韩禽,未知,五胡
18049,韩世谔,未知,五胡
18050,韩僧寿,未知,五胡
18051,韩洪,未知,五胡
18052,贺若统,未知,五胡
18053,贺若敦,未知,五胡
18054,贺若谊,未知,五胡
18055,申徽,未知,五胡
18056,陆政,未知,五胡
18057,陆通,未知,五胡
18058,陆逞,未知,五胡
18059,厍狄峙,未知,五胡
18060,厍狄嵚,未知,五胡
18061,杨荐,未知,五胡
18062,赵刚,未知,五胡
18063,赵仲卿,未知,五胡
18064,赵昶,未知,五胡
18065,赵文表,未知,五胡
18066,元定,未知,五胡
18067,杨摽,未知,五胡
18068,韩褒,未知,五胡
18069,赵肃,未知,五胡
18070,赵轨,未知,五胡
18071,郭彦,未知,五胡
18072,梁昕,未知,五胡
18073,梁荣,未知,五胡
18074,皇甫璠,未知,五胡
18075,皇甫诞,未知,五胡
18076,皇甫无逸,未知,五胡
18077,陶世模,未知,五胡
18078,敬钊,未知,五胡
18079,辛庆之,未知,五胡
18080,辛昂,未知,五胡
18081,辛仲景,未知,五胡
18082,王子直,未知,五胡
18083,杜杲,未知,五胡
18084,吕思礼,未知,五胡
18085,崔腾,未知,五胡
18086,徐招,未知,五胡
18087,檀翥,未知,五胡
18088,孟信,未知,五胡
18089,宗懔,未知,五胡
18090,刘璠,未知,五胡
18091,刘行本,未知,五胡
18092,柳遐,未知,五胡
18093,柳靖,未知,五胡
18094,柳庄,未知,五胡
18095,贺讷,未知,五胡
18096,贺卢,未知,五胡
18097,贺悦,未知,五胡
18098,贺泥,未知,五胡
18099,姚黄眉,未知,五胡
18100,杜超,未知,五胡
18101,杜元宝,未知,五胡
18102,贺迷,未知,五胡
18103,闾毗,未知,五胡
18104,冯熙,未知,五胡
18105,李盖,未知,五胡
18106,李惠,未知,五胡
18107,李凤,未知,五胡
18108,李侃晞,未知,五胡
18109,高肇,未知,五胡
18110,高植,未知,五胡
18111,高猛,未知,五胡
18112,胡国珍,未知,五胡
18113,胡祥,未知,五胡
18114,胡僧洗,未知,五胡
18115,胡宁,未知,五胡
18116,胡虔,未知,五胡
18117,乙弗绘,未知,五胡
18118,赵猛,未知,五胡
18119,胡长仁,未知,五胡
18120,吕永吉,未知,五胡
18121,吕道贵,未知,五胡
18122,梁越,未知,五胡
18123,卢丑,未知,五胡
18124,张伟,未知,五胡
18125,梁祚,未知,五胡
18126,平恒,未知,五胡
18127,陈奇,未知,五胡
18128,刘献之,未知,五胡
18129,张吾贵,未知,五胡
18130,刘兰,未知,五胡
18131,孙惠蔚,未知,五胡
18132,徐遵明,未知,五胡
18133,董征,未知,五胡
18134,李业兴,未知,五胡
18135,李崇祖,未知,五胡
18136,李遵祖,未知,五胡
18137,李铉,未知,五胡
18138,冯伟,未知,五胡
18139,张买奴,未知,五胡
18140,刘轨思,未知,五胡
18141,鲍季详,未知,五胡
18142,鲍长暄,未知,五胡
18143,邢峙,未知,五胡
18144,刘昼,未知,五胡
18145,马敬德,未知,五胡
18146,权会,未知,五胡
18147,张思伯,未知,五胡
18148,张奉礼,未知,五胡
18149,张雕武,未知,五胡
18150,张德冲,未知,五胡
18151,沉重,未知,五胡
18152,樊深,未知,五胡
18153,熊安生,未知,五胡
18154,乐逊,未知,五胡
18155,辛彦之,未知,五胡
18156,何妥,未知,五胡
18157,房晖远,未知,五胡
18158,马光,未知,五胡
18159,刘炫,未知,五胡
18160,温子升,未知,五胡
18161,荀济,未知,五胡
18162,祖鸿勋,未知,五胡
18163,茹瞻,未知,五胡
18164,荀士逊,未知,五胡
18165,虞熙,未知,五胡
18166,许善心,未知,五胡
18167,李文博,未知,五胡
18168,侯白,未知,五胡
18169,明克让,未知,五胡
18170,诸葛颍,未知,五胡
18171,王贞,未知,五胡
18172,虞绰,未知,五胡
18173,辛大德,未知,五胡
18174,王冑,未知,五胡
18175,庾自直,未知,五胡
18176,潘徽,未知,五胡
18177,长孙虑,未知,五胡
18178,乞伏保,未知,五胡
18179,孙益德,未知,五胡
18180,董洛生,未知,五胡
18181,杨引,未知,五胡
18182,阎元明,未知,五胡
18183,吴悉达,未知,五胡
18184,崔承宗,未知,五胡
18185,王续生,未知,五胡
18186,李显达,未知,五胡
18187,仓跋,未知,五胡
18188,王崇,未知,五胡
18189,郭文恭,未知,五胡
18190,荆可,未知,五胡
18191,秦族,未知,五胡
18192,秦荣先,未知,五胡
18193,皇甫遐,未知,五胡
18194,张元,未知,五胡
18195,王颁,未知,五胡
18196,王頍,未知,五胡
18197,杨庆,未知,五胡
18198,田翼,未知,五胡
18199,纽因,未知,五胡
18200,纽士雄,未知,五胡
18201,刘仕隽,未知,五胡
18202,翟普林,未知,五胡
18203,华秋,未知,五胡
18204,徐孝肃,未知,五胡
18205,于什门,未知,五胡
18206,段进,未知,五胡
18207,石文德,未知,五胡
18208,汲固,未知,五胡
18209,王玄威,未知,五胡
18210,娄提,未知,五胡
18211,刘渴候,未知,五胡
18212,朱长生,未知,五胡
18213,于提,未知,五胡
18214,马八龙,未知,五胡
18215,门文爱,未知,五胡
18216,晁清,未知,五胡
18217,刘侯仁,未知,五胡
18218,石祖兴,未知,五胡
18219,邵洪哲,未知,五胡
18220,王荣世,未知,五胡
18221,胡小彪,未知,五胡
18222,孙道登,未知,五胡
18223,李几,未知,五胡
18224,张安祖,未知,五胡
18225,王闾,未知,五胡
18226,刘业兴,未知,五胡
18227,盖隽,未知,五胡
18228,郭琰,未知,五胡
18229,沓龙超,未知,五胡
18230,乙速孤佛保,未知,五胡
18231,李棠,未知,五胡
18232,杜叔毗,未知,五胡
18233,游元,未知,五胡
18234,张须陀,未知,五胡
18235,杨善会,未知,五胡
18236,卢楚,未知,五胡
18237,刘子翊,未知,五胡
18238,尧君素,未知,五胡
18239,陈孝意,未知,五胡
18240,张祥,未知,五胡
18241,张季珣,未知,五胡
18242,杜松赟,未知,五胡
18243,郭世隽,未知,五胡
18244,郎方贵,未知,五胡
18245,张膺,未知,五胡
18246,路邕,未知,五胡
18247,阎庆胤,未知,五胡
18248,明亮,未知,五胡
18249,杜纂,未知,五胡
18250,窦瑗,未知,五胡
18251,苏淑,未知,五胡
18252,张华原,未知,五胡
18253,孟业,未知,五胡
18254,苏琼,未知,五胡
18255,路去病,未知,五胡
18256,梁彦光,未知,五胡
18257,梁文谦,未知,五胡
18258,梁文让,未知,五胡
18259,樊叔略,未知,五胡
18260,公孙景茂,未知,五胡
18261,辛公义,未知,五胡
18262,柳俭,未知,五胡
18263,刘旷,未知,五胡
18264,王伽,未知,五胡
18265,魏德深,未知,五胡
18266,于洛侯,未知,五胡
18267,胡泥,未知,五胡
18268,李洪之,未知,五胡
18269,张赦提,未知,五胡
18270,赵霸,未知,五胡
18271,邸珍,未知,五胡
18272,田式,未知,五胡
18273,燕荣,未知,五胡
18274,元弘嗣,未知,五胡
18275,王文同,未知,五胡
18276,眭夸,未知,五胡
18277,冯亮,未知,五胡
18278,郑修,未知,五胡
18279,崔廓,未知,五胡
18280,徐则,未知,五胡
18281,张文诩,未知,五胡
18282,晁崇,未知,五胡
18283,晁懿,未知,五胡
18284,张深,未知,五胡
18285,孙僧化,未知,五胡
18286,徐路,未知,五胡
18287,殷绍,未知,五胡
18288,王早,未知,五胡
18289,耿玄,未知,五胡
18290,刘灵助,未知,五胡
18291,沙门灵远,未知,五胡
18292,李顺兴,未知,五胡
18293,檀特师,未知,五胡
18294,由吾道荣,未知,五胡
18295,张远游,未知,五胡
18296,颜恶头,未知,五胡
18297,王春,未知,五胡
18298,信都芳,未知,五胡
18299,宋景业,未知,五胡
18300,许遵,未知,五胡
18301,曲绍,未知,五胡
18302,吴遵世,未知,五胡
18303,赵辅和,未知,五胡
18304,皇甫玉,未知,五胡
18305,吴士,未知,五胡
18306,贾子儒,未知,五胡
18307,解法选,未知,五胡
18308,魏宁,未知,五胡
18309,綦母怀文,未知,五胡
18310,张子信,未知,五胡
18311,陆法和,未知,五胡
18312,蒋升,未知,五胡
18313,强练,未知,五胡
18314,卫元嵩,未知,五胡
18315,庾季才,未知,五胡
18316,卢太翼,未知,五胡
18317,耿询,未知,五胡
18318,来和,未知,五胡
18319,萧吉,未知,五胡
18320,杨伯丑,未知,五胡
18321,临孝恭,未知,五胡
18322,张冑玄,未知,五胡
18323,周澹,未知,五胡
18324,李修,未知,五胡
18325,徐謇,未知,五胡
18326,马嗣明,未知,五胡
18327,褚该,未知,五胡
18328,许智藏,未知,五胡
18329,许澄,未知,五胡
18330,万宝常,未知,五胡
18331,王令言,未知,五胡
18332,蒋少游,未知,五胡
18333,郭善明,未知,五胡
18334,黄亘,未知,五胡
18335,黄衮,未知,五胡
18336,王叡,未知,五胡
18337,王袭,未知,五胡
18338,王椿,未知,五胡
18339,王仲兴,未知,五胡
18340,赵修,未知,五胡
18341,茹皓,未知,五胡
18342,陈扫静,未知,五胡
18343,徐义恭,未知,五胡
18344,赵邕,未知,五胡
18345,侯刚,未知,五胡
18346,徐纥,未知,五胡
18347,宗爱,未知,五胡
18348,仇洛齐,未知,五胡
18349,王琚,未知,五胡
18350,赵默,未知,五胡
18351,孙小,未知,五胡
18352,张宗之,未知,五胡
18353,剧鹏,未知,五胡
18354,张佑,未知,五胡
18355,抱嶷,未知,五胡
18356,王遇,未知,五胡
18357,苻承祖,未知,五胡
18358,李坚,未知,五胡
18359,刘腾,未知,五胡
18360,贾粲,未知,五胡
18361,杨范,未知,五胡
18362,成轨,未知,五胡
18363,王温,未知,五胡
18364,孟栾,未知,五胡
18365,平季,未知,五胡
18366,封津,未知,五胡
18367,刘思逸,未知,五胡
18368,张景嵩,未知,五胡
18369,毛畅,未知,五胡
18370,郭秀,未知,五胡
18371,和士开,未知,五胡
18372,安吐根,未知,五胡
18373,穆提婆,未知,五胡
18374,陆令萱,未知,五胡
18375,高阿那肱,未知,五胡
18376,韩凤,未知,五胡
18377,慕容晃,未知,五胡
18378,萧詧,未知,五胡
18379,萧瓛,未知,五胡
18380,萧岩,未知,五胡
18381,萧岑,未知,五胡
18382,蔡大宝,未知,五胡
18383,王操,未知,五胡
18384,魏益德,未知,五胡
18385,尹正,未知,五胡
18386,甄玄成,未知,五胡
18387,岑善方,未知,五胡
18388,宗如周,未知,五胡
18389,刘基,紫文,明朝
18390,孝定太后,绿文,明朝
18391,诚孝昭皇后,绿文,明朝
18392,李时珍,紫文!,明朝
18393,李自成,蓝武,明朝
18394,沈万三,绿文,明朝
18395,唐寅,绿文,明朝
18396,文徵明,蓝文!,明朝
18397,过百龄,蓝色,明朝
18398,刘宗敏,绿武,明朝
18399,沈周,绿色,明朝
18400,徐光启,绿文,明朝
18401,岑干,绿文,明朝
18402,傅山,绿文,明朝
18403,范钦,绿文,明朝
18404,顾炎武,蓝文,明朝
18405,黄子澄,绿武,明朝
18406,计成,绿色,明朝
18407,蒯祥,绿武,明朝
18408,李廷机,绿色,明朝
18409,莲池大师,绿武,明朝
18410,马莳,绿文,明朝
18411,欧阳铎,绿色,明朝
18412,钱肃乐,绿文,明朝
18413,齐泰,绿色,明朝
18414,仇英,绿色,明朝
18415,宋林皋,绿文,明朝
18416,孙如游,绿武,明朝
18417,沈一贯,绿色,明朝
18418,苏宣,绿文,明朝
18419,屠隆,绿色,明朝
18420,唐赛儿,绿色,明朝
18421,王谔,绿文,明朝
18422,万寿祺,绿文,明朝
18423,王夫之,绿文,明朝
18424,万户,绿色,明朝
18425,文彭,绿文,明朝
18426,徐渭,绿文,明朝
18427,笑岩德宝,绿武,明朝
18428,薛禄,绿色,明朝
18429,杨守勤,绿色,明朝
18430,严澄,绿色,明朝
18431,袁崇焕,蓝武,明朝
18432,朱宗元,绿色,明朝
18433,张信,绿武,明朝
18434,朱端,绿文,明朝
18435,朱标,绿色,明朝
18436,朱载堉,绿武,明朝
18437,赵文华,绿武,明朝
18438,朱以海,绿色,明朝
18439,朱樉,绿文,明朝
18440,卞玉京,绿文,明朝
18441,周臣,绿文,明朝
18442,孙元化,绿色,明朝
18443,戴进,绿色,明朝
18444,张瑄,绿武,明朝
18445,徐初,绿色,明朝
18446,索南嘉措,绿文,明朝
18447,王皇后,绿文,明朝
18448,陈献章,绿色,明朝
18449,汪直,绿文,明朝
18450,刘尧诲,绿色,明朝
18451,刘焘,绿色,明朝
18452,刘思问,绿色,明朝
18453,吴桂芳,绿色,明朝
18454,庞尚鹏,绿武,明朝
18455,张楷,绿文,明朝
18456,张汝济,绿色,明朝
18457,八大山人,绿色,明朝
18458,陈贞慧,绿色,明朝
18459,陈敬宗,绿文,明朝
18460,陈诚,绿色,明朝
18461,董其昌,绿文,明朝
18462,董说,绿色,明朝
18463,杜浚,绿色,明朝
18464,傅宗龙,绿色,明朝
18465,方以智,绿文,明朝
18466,费信,绿色,明朝
18467,高儒,绿色,明朝
18468,归庄,绿色,明朝
18469,巩珍,绿文,明朝
18470,顾横波,绿文,明朝
18471,侯方域,绿文,明朝
18472,许旭,绿色,明朝
18473,韩应龙,绿文,明朝
18474,何震,绿色,明朝
18475,何腾蛟,绿武,明朝
18476,胡应麟,绿色,明朝
18477,江天一,绿武,明朝
18478,高启,绿色,明朝
18479,金声,绿色,明朝
18480,蒋棻,绿文,明朝
18481,林良,绿色,明朝
18482,陆潜虚,绿文,明朝
18483,吕本,绿文,明朝
18484,刘若宰,绿色,明朝
18485,吕纪,绿文,明朝
18486,李雯,绿文,明朝
18487,李春芳,绿文,明朝
18488,马中锡,绿文,明朝
18489,毛晋,绿色,明朝
18490,马欢,绿色,明朝
18491,潘季驯,绿文,明朝
18492,钱德洪,绿色,明朝
18493,钱秉镫,绿文,明朝
18494,仇兆鳌,绿文,明朝
18495,钱谦益,绿文,明朝
18496,孙如法,绿文,明朝
18497,孙临,绿文,明朝
18498,夏原吉,绿色,明朝
18499,孙升,绿色,明朝
18500,孙燧,绿色,明朝
18501,孙嘉绩,绿色,明朝
18502,沈宸荃,绿文,明朝
18503,宋征舆,绿色,明朝
18504,宋献策,绿色,明朝
18505,屠庸,绿色,明朝
18506,屠侨,绿文,明朝
18507,谭太初,绿文,明朝
18508,吴嘉纪,绿文,明朝
18509,魏学洢,绿文,明朝
18510,王华,绿色,明朝
18511,吴伟,绿色,明朝
18512,宛嘉祥,绿色,明朝
18513,万贞儿,绿色,明朝
18514,闻渊,绿文,明朝
18515,万斯同,绿色,明朝
18516,汪关,绿文,明朝
18517,王秀楚,绿文,明朝
18518,王保保,绿色,明朝
18519,王蒙,绿色,明朝
18520,王龙溪,绿色,明朝
18521,王微,绿文,明朝
18522,谢迪,绿文,明朝
18523,谢迁,绿文,明朝
18524,谢丕,绿色,明朝
18525,熊汝霖,绿文,明朝
18526,夏允彝,绿色,明朝
18527,徐孚远,绿色,明朝
18528,许仲琳,绿文,明朝
18529,阎尔梅,绿文,明朝
18530,于冕,绿色,明朝
18531,姚镆,绿色,明朝
18532,余有丁,绿色,明朝
18533,姚涞,绿文,明朝
18534,杨守址,绿文,明朝
18535,杨守随,绿文,明朝
18536,袁炜,绿色,明朝
18537,俞士吉,绿文,明朝
18538,叶宪祖,绿文,明朝
18539,袁了凡,绿文,明朝
18540,颜思齐,绿色,明朝
18541,朱济熺,绿色,明朝
18542,张鉴,绿色,明朝
18543,张时彻,绿武,明朝
18544,张邦奇,绿色,明朝
18545,朱之瑜,绿文,明朝
18546,张燮,绿色,明朝
18547,朱文奎,绿色,明朝
18548,朱,绿文,明朝
18549,朱楩,绿色,明朝
18550,朱文圭,绿文,明朝
18551,朱简,绿色,明朝
18552,朱常瀛,绿色,明朝
18553,朱常洵,绿文,明朝
18554,朱徽煣,绿文,明朝
18555,朱音瀼,绿色,明朝
18556,朱尚炳,绿色,明朝
18557,朱橚,绿文,明朝
18558,朱志堩,绿色,明朝
18559,朱志均,绿文,明朝
18560,郑芝龙,绿文,明朝
18561,丁继嗣,绿文,明朝
18562,何宽,绿文,明朝
18563,何景明,绿文,明朝
18564,兰茂,绿色,明朝
18565,冒襄,绿文,明朝
18566,凌稚隆,绿文,明朝
18567,劳堪,绿色,明朝
18568,南居益,绿文,明朝
18569,吴之屏,绿色,明朝
18570,周寀,绿文,明朝
18571,商周祚,绿色,明朝
18572,奉圣夫人,绿色,明朝
18573,寇湄,绿文,明朝
18574,尤求,绿文,明朝
18575,文震孟,绿色,明朝
18576,张介宾,绿文,明朝
18577,张松溪,绿色,明朝
18578,张肯堂,绿色,明朝
18579,徐学聚,绿文,明朝
18580,徐辉祖,绿文,明朝
18581,张居正,绿文,明朝
18582,戚继光,蓝武,明朝
18583,海瑞,绿文,明朝
18584,王阳明,绿色,明朝
18585,严嵩,绿色,明朝
18586,张献忠,绿文,明朝
18587,邱维屏,绿色,明朝
18588,陈有年,未知,明朝
18589,陈衷纪,未知,明朝
18590,戴德彝,未知,明朝
18591,冯元飙,未知,明朝
18592,傅恕,未知,明朝
18593,丰坊,未知,明朝
18594,冯京第,绿武,明朝
18595,范大澈,未知,明朝
18596,何良臣,未知,明朝
18597,黄珣,未知,明朝
18598,黄润玉,未知,明朝
18599,季振宜,未知,明朝
18600,罗廪,未知,明朝
18601,吕复,未知,明朝
18602,陆西星,未知,明朝
18603,刘志选,未知,明朝
18604,乐良才,未知,明朝
18605,陆时雍,未知,明朝
18606,李孙宸,未知,明朝
18607,钱雷,未知,明朝
18608,钱唐,未知,明朝
18609,邵辅忠,未知,明朝
18610,施邦曜,未知,明朝
18611,孙铤,未知,明朝
18612,孙矿,未知,明朝
18613,万表,未知,明朝
18614,汪克宽,绿文,明朝
18615,王来,未知,明朝
18616,乌斯道,未知,明朝
18617,王喜姐,未知,明朝
18618,谢志望,未知,明朝
18619,徐爱,未知,明朝
18620,杨守阯,未知,明朝
18621,张梦锡,未知,明朝
18622,郑真,绿文,明朝
18623,诸燮,未知,明朝
18624,邹漪,未知,明朝
18625,赵继宗,未知,明朝
18626,庄元辰,未知,明朝
18627,朱长祚,未知,明朝
18628,朱音埑,未知,明朝
18629,赵总谦,未知,明朝
18630,翁翌皇,未知,明朝
18631,徐经,未知,明朝
18632,李天经,未知,明朝
18633,林风,未知,明朝
18634,湛若水,未知,明朝
18635,王伟,未知,明朝
18636,张文海,未知,明朝
18637,周奎,未知,明朝
18638,唐伯虎,未知,明朝
18639,祝枝山,未知,明朝
18640,周肇,未知,明朝
18641,黄与坚,未知,明朝
18642,王揆,未知,明朝
18643,王撰,未知,明朝
18644,王昊,未知,明朝
18645,王曜升,未知,明朝
18646,顾湄,未知,明朝
18647,王摅,未知,明朝
18648,张羽,未知,明朝
18649,徐贲,未知,明朝
18650,王行,未知,明朝
18651,杜寅,绿文,明朝
18652,梁时,未知,明朝
18653,浦源,未知,明朝
18654,方彝,未知,明朝
18655,钱复,未知,明朝
18656,严讷,绿文!,明朝
18657,伦文叙,未知,明朝
18658,况钟,绿文,明朝
18659,张续,未知,明朝
18660,朱一冯,绿文,明朝
18661,朱运昌,绿文,明朝
18662,朱钦相,绿文,明朝
18663,李贽,绿文,明朝
18664,杨勉,绿文,明朝
18665,杨升庵,未知,明朝
18666,柳如是,紫文,明朝
18667,殷从俭,未知,明朝
18668,沈人种,绿文,明朝
18669,沈有容,绿武,明朝
18670,沈犹龙,未知,明朝
18671,沈秱,绿文,明朝
18672,涂泽民,绿色,明朝
18673,游震得,绿文,明朝
18674,滕昭,绿文,明朝
18675,熊文烂,绿文,明朝
18676,牛金星,未知,明朝
18677,王士昌,绿文,明朝
18678,王继,未知,明朝
18679,耿定向,未知,明朝
18680,胡大海,紫武,明朝
18681,胡宗宪,绿武,明朝
18682,萧奕辅,未知,明朝
18683,蒋一葵,绿文,明朝
18684,袁一骥,绿文,明朝
18685,谭纶,绿文,明朝
18686,贾待问,绿文,明朝
18687,赵参鲁,未知,明朝
18688,邹维琏,未知,明朝
18689,金学曾,未知,明朝
18690,阮鹗,未知,明朝
18691,陈子贞,未知,明朝
18692,黄承元,未知,明朝
18693,龚鼎孳,未知,明朝
18694,淑妃李氏,绿文,明朝
18695,杨志和,未知,明朝
18696,王询,绿文,明朝
18697,高明,未知,明朝
18698,罗钦顺,未知,明朝
18699,费密,未知,明朝
18700,费续,未知,明朝
18701,鄢懋卿,未知,明朝
18702,魏校,未知,明朝
18703,黄锦,未知,明朝
18704,费尔南·佩雷兹·德·安德拉德,未知,明朝
18705,林鸿,未知,明朝
18706,郑定,未知,明朝
18707,唐泰,未知,明朝
18708,高棅,未知,明朝
18709,王偁,未知,明朝
18710,周玄,未知,明朝
18711,黄玄,未知,明朝
18712,倪元璐,未知,明朝
18713,陈第,绿文,明朝
18714,陈子龙,未知,明朝
18715,冯惟敏,未知,明朝
18716,冯梦龙,未知,明朝
18717,方孝孺,未知,明朝
18718,归有光,未知,明朝
18719,黄宗炎,未知,明朝
18720,黄宗会,未知,明朝
18721,金圣叹,未知,明朝
18722,吕高,未知,明朝
18723,罗贯中,未知,明朝
18724,杨士云,未知,明朝
18725,李元阳,未知,明朝
18726,李渔,未知,明朝
18727,李攀龙,未知,明朝
18728,彭孙贻,未知,明朝
18729,任瀚,未知,明朝
18730,阮大铖,未知,明朝
18731,谢肇浙,未知,明朝
18732,宋应星,未知,明朝
18733,沈德符,未知,明朝
18734,陶奭龄,未知,明朝
18735,汤显祖,未知,明朝
18736,吴承恩,未知,明朝
18737,王廷相,未知,明朝
18738,熊过,未知,明朝
18739,夏完淳,未知,明朝
18740,徐霞客,未知,明朝
18741,谢榛,未知,明朝
18742,杨慎,未知,明朝
18743,余象斗,未知,明朝
18744,三袁,未知,明朝
18745,周汝登,未知,明朝
18746,前七子,未知,明朝
18747,后七子,未知,明朝
18748,吕坤,未知,明朝
18749,朱权,绿文,明朝
18750,江盈科,未知,明朝
18751,赵时春,未知,明朝
18752,陈束,未知,明朝
18753,陶望龄,未知,明朝
18754,雷思霈,未知,明朝
18755,黄辉,未知,明朝
18756,抱瓮老人,未知,明朝
18757,兰陵笑笑生,未知,明朝
18758,沈明臣,未知,明朝
18759,文震亨,未知,明朝
18760,吴应箕,未知,明朝
18761,王彝,未知,明朝
18762,郑善夫,未知,明朝
18763,李若讷,未知,明朝
18764,艾能奇,绿武,明朝
18765,熊鼎,绿色,明朝
18766,陈瑄,绿文,明朝
18767,曹变蛟,未知,明朝
18768,陈璘,蓝武,明朝
18769,曹文诏,绿武,明朝
18770,陈奇瑜,绿武,明朝
18771,杜松,绿武,明朝
18772,邓茂七,绿武,明朝
18773,董志宁,未知,明朝
18774,丁汝夔,未知,明朝
18775,丁启睿,未知,明朝
18776,邓子龙,绿武,明朝
18777,冯诚,绿武,明朝
18778,冯国用,未知,明朝
18779,冯胜,绿色,明朝
18780,耿仲明,蓝色,明朝
18781,耿炳文,绿武,明朝
18782,何可纲,绿文,明朝
18783,贺人龙,绿武,明朝
18784,黄得功,绿武,明朝
18785,黄淳耀,绿武,明朝
18786,焦玉,未知,明朝
18787,姜镶,未知,明朝
18788,孔有德,绿武,明朝
18789,高迎祥,绿武,明朝
18790,刘泽清,绿色,明朝
18791,罗汝才,绿文!,明朝
18792,李国奇,绿武,明朝
18793,李景隆,未知,明朝
18794,刘国轩,未知,明朝
18795,卢象升,未知,明朝
18796,李可从,绿武,明朝
18797,梁廷栋,绿文,明朝
18798,罗一贯,绿文,明朝
18799,刘良佐,绿文,明朝
18800,李定国,未知,明朝
18801,刘文秀,未知,明朝
18802,刘铤,蓝武,明朝
18803,李如松,未知,明朝
18804,李如柏,绿武,明朝
18805,李成梁,未知,明朝
18806,蓝玉,蓝武,明朝
18807,麻贵,蓝文,明朝
18808,毛聚奎,未知,明朝
18809,茅元仪,绿文,明朝
18810,马芳,蓝文,明朝
18811,沐英,蓝文,明朝
18812,毛文龙,蓝文,明朝
18813,孙承宗,蓝武,明朝
18814,盛庸,绿武,明朝
18815,孙兆奎,绿武,明朝
18816,孙可望,绿文,明朝
18817,孙传庭,未知,明朝
18818,唐通,绿色,明朝
18819,屠大山,绿武,明朝
18820,俞大猷,蓝武,明朝
18821,吴襄,未知,明朝
18822,王廷臣,绿色,明朝
18823,吴易,未知,明朝
18824,王之仁,绿武,明朝
18825,王守仁,紫武!,明朝
18826,王在晋,绿武,明朝
18827,王象干,未知,明朝
18828,王化贞,未知,明朝
18829,王辅臣,未知,明朝
18830,熊文灿,绿武,明朝
18831,杨廷麟,蓝文,明朝
18832,余大成,未知,明朝
18833,袁应泰,蓝文,明朝
18834,阎应元,绿文,明朝
18835,杨嗣昌,蓝文,明朝
18836,于谦,绿文,明朝
18837,杨鹤,绿色,明朝
18838,杨镐,绿文,明朝
18839,杨文岳,绿文,明朝
18840,郑崇俭,未知,明朝
18841,朱亮祖,未知,明朝
18842,祖大乐,绿文,明朝
18843,祖大寿,蓝文,明朝
18844,张鹤鸣,未知,明朝
18845,左良玉,未知,明朝
18846,张缙彦,未知,明朝
18847,朱高煦,未知,明朝
18848,赵率教,蓝武,明朝
18849,郑成功,紫武,明朝
18850,郑经,蓝武,明朝
18851,郑芝虎,蓝武,明朝
18852,方国安,绿武,明朝
18853,江彬,未知,明朝
18854,马林,未知,明朝
18855,张可大,未知,明朝
18856,余午亭,未知,明朝
18857,高逊志,未知,明朝
18858,刘若愚,绿文,明朝
18859,茅瑞征,绿文,明朝
18860,南轩,未知,明朝
18861,彭士望,绿文,明朝
18862,宋僖,绿文,明朝
18863,谢徽,绿文,明朝
18864,谈迁,未知,明朝
18865,谈允厚,绿色,明朝
18866,王宗沐,绿色,明朝
18867,文秉,绿文,明朝
18868,薛应旗,绿文,明朝
18869,赵汸,未知,明朝
18870,朱右,绿文,明朝
18871,张盂兼,未知,明朝
18872,朱国祯,绿文,明朝
18873,王祎,绿文,明朝
18874,王锜,绿色,明朝
18875,项琳,绿文,明朝
18876,吴贤妃,未知,明朝
18877,田秀英,绿文,明朝
18878,郑贵妃,未知,明朝
18879,郭爱,未知,明朝
18880,刘昭妃,未知,明朝
18881,刘淑女,未知,明朝
18882,孙贵妃,未知,明朝
18883,李贵妃,未知,明朝
18884,杜康妃,未知,明朝
18885,权贤妃,未知,明朝
18886,王才人,未知,明朝
18887,王贵妃,未知,明朝
18888,纪淑妃,未知,明朝
18889,邵贵妃,未知,明朝
18890,郭宁妃,未知,明朝
18891,黄淮,未知,明朝
18892,解缙,未知,明朝
18893,杨荣,未知,明朝
18894,杨士奇,未知,明朝
18895,曹鼐,未知,明朝
18896,陈循,未知,明朝
18897,高榖,未知,明朝
18898,徐有贞,未知,明朝
18899,许彬,未知,明朝
18900,陈文,未知,明朝
18901,彭时,未知,明朝
18902,商辂,未知,明朝
18903,万安,未知,明朝
18904,刘吉,未知,明朝
18905,徐溥,未知,明朝
18906,刘健,未知,明朝
18907,杨廷和,未知,明朝
18908,梁储,未知,明朝
18909,蒋冕,未知,明朝
18910,毛纪,未知,明朝
18911,费宏,未知,明朝
18912,杨一清,未知,明朝
18913,张璁,未知,明朝
18914,翟銮,未知,明朝
18915,张孚敬,未知,明朝
18916,方献夫,未知,明朝
18917,李时,未知,明朝
18918,夏言,未知,明朝
18919,徐阶,未知,明朝
18920,高拱,未知,明朝
18921,张四维,未知,明朝
18922,申时行,未知,明朝
18923,王家屏,未知,明朝
18924,王锡爵,未知,明朝
18925,朱赓,未知,明朝
18926,叶向高,未知,明朝
18927,方从哲,未知,明朝
18928,刘一燝,未知,明朝
18929,韩爌,未知,明朝
18930,顾秉谦,未知,明朝
18931,黄立极,未知,明朝
18932,施凤来,未知,明朝
18933,李国,未知,明朝
18934,来宗道,未知,明朝
18935,周道登,未知,明朝
18936,李标,未知,明朝
18937,成基命,未知,明朝
18938,周延儒,未知,明朝
18939,温体仁,未知,明朝
18940,张至发,未知,明朝
18941,孔贞远,未知,明朝
18942,刘宇亮,未知,明朝
18943,薛国观,未知,明朝
18944,范复粹,未知,明朝
18945,张四知,未知,明朝
18946,陈演,未知,明朝
18947,蒋德璟,未知,明朝
18948,魏藻德,未知,明朝
18949,李建泰,未知,明朝
18950,高弘图,未知,明朝
18951,马士英,未知,明朝
18952,黄道周,未知,明朝
18953,路振飞,未知,明朝
18954,丁魁楚,未知,明朝
18955,瞿式耜,未知,明朝
18956,吴炳,未知,明朝
18957,严起恒,未知,明朝
18958,黄士俊,未知,明朝
18959,文安之,未知,明朝
18960,吴贞毓,未知,明朝
18961,丁继善,未知,明朝
18962,马吉翔,未知,明朝
18963,方逢年,未知,明朝
18964,马思理,未知,明朝
18965,张铨,未知,明朝
18966,周朝瑞,未知,明朝
18967,周顺昌,未知,明朝
18968,赵用贤,未知,明朝
18969,左懋第,未知,明朝
18970,曾鲁,未知,明朝
18971,张问达,未知,明朝
18972,曾亨应,未知,明朝
18973,周起元,未知,明朝
18974,周嘉谟,未知,明朝
18975,卓敬,未知,明朝
18976,张同敞,未知,明朝
18977,邹元标,未知,明朝
18978,杜登春,未知,明朝
18979,杜麟征,未知,明朝
18980,顾杲,未知,明朝
18981,彭宾,未知,明朝
18982,沈士柱,未知,明朝
18983,杨廷枢,未知,明朝
18984,杜之秩,未知,明朝
18985,廖镗,未知,明朝
18986,王承恩,未知,明朝
18987,郑和,未知,明朝
18988,曹吉祥,未知,明朝
18989,王振,未知,明朝
18990,凌云翼,未知,明朝
18991,李三才,未知,明朝
18992,李肱,未知,明朝
18993,王竑,未知,明朝
18994,陈洪绶,蓝文,明朝
18995,丁云鹏,绿文,明朝
18996,黄诩,绿文,明朝
18997,马湘兰,蓝文!,明朝
18998,商喜,绿文,明朝
18999,谢环,绿文,明朝
19000,曾鲸,未知,明朝
19001,汪皇后,绿文,明朝
19002,胡善祥,未知,明朝
19003,周贵妃,未知,明朝
19004,孙皇后,未知,明朝
19005,毅皇后,未知,明朝
19006,愍皇后,未知,明朝
19007,张嫣,绿文,明朝
19008,徐皇后,未知,明朝
19009,方皇后,未知,明朝
19010,杭皇后,未知,明朝
19011,郭夫人,未知,明朝
19012,钱皇后,未知,明朝
19013,定武帝,未知,明朝
19014,明世宗,未知,明朝
19015,明仁宗,未知,明朝
19016,明代宗,未知,明朝
19017,明光宗,未知,明朝
19018,明孝宗,未知,明朝
19019,明续,未知,明朝
19020,明安宗,未知,明朝
19021,明宣宗,未知,明朝
19022,明宪宗,未知,明朝
19023,明思宗,未知,明朝
19024,明惠帝,未知,明朝
19025,明成祖,未知,明朝
19026,明昭宗,未知,明朝
19027,明武宗,未知,明朝
19028,明熹宗,未知,明朝
19029,明神宗,未知,明朝
19030,明穆宗,未知,明朝
19031,明绍宗,未知,明朝
19032,明英宗,未知,明朝
19033,朱常清,未知,明朝
19034,南明绍武帝,未知,明朝
19035,祁彪佳,未知,明朝
19036,长平公主,未知,明朝
19037,朱慈焕,绿文,明朝
19038,朱厚炜,未知,明朝
19039,朱续,未知,明朝
19040,朱宸濠,绿文,明朝
19041,朱志,未知,明朝
19042,朱棡,未知,明朝
19043,李贞丽,未知,明朝
19044,李香君,未知,明朝
19045,杨宛,绿文,明朝
19046,王月,未知,明朝
19047,郑妥娘,绿文,明朝
19048,陈理,未知,明朝
19049,熊天瑞,未知,明朝
19050,周时中,未知,明朝
19051,元震,未知,明朝
19052,莫天佑,未知,明朝
19053,刘仁本,未知,明朝
19054,詹鼎,未知,明朝
19055,丁世贞,未知,明朝
19056,李思齐,未知,明朝
19057,张昶,未知,明朝
19058,蔡子英,未知,明朝
19059,朱聿键,未知,明朝
19060,朱由崧,未知,明朝
19061,朱由榔,未知,明朝
19062,朱置鐇,未知,明朝
19063,梅殷,未知,明朝
19064,十公主,未知,明朝
19065,袁容,未知,明朝
19066,李让,未知,明朝
19067,徐增寿,未知,明朝
19068,常茂,未知,明朝
19069,常升,未知,明朝
19070,李文忠,未知,明朝
19071,李增枝,未知,明朝
19072,汤胤绩,未知,明朝
19073,沐春,未知,明朝
19074,沐晟,未知,明朝
19075,沐昂,未知,明朝
19076,汪广洋,未知,明朝
19077,刘琏,未知,明朝
19078,刘璟,未知,明朝
19079,宋璲,未知,明朝
19080,宋慎,未知,明朝
19081,叶琛,未知,明朝
19082,章溢,未知,明朝
19083,章存道,未知,明朝
19084,纳哈出,未知,明朝
19085,廖永忠,未知,明朝
19086,赵仲中,未知,明朝
19087,赵庸,未知,明朝
19088,杨璟,未知,明朝
19089,胡美,未知,明朝
19090,吴高,未知,明朝
19091,康茂才,未知,明朝
19092,康铎,未知,明朝
19093,丁德兴,未知,明朝
19094,耿璇,未知,明朝
19095,郭英,未知,明朝
19096,郭勋,未知,明朝
19097,华云龙,未知,明朝
19098,韩政,未知,明朝
19099,仇成,未知,明朝
19100,吴复,未知,明朝
19101,周武,未知,明朝
19102,胡海,未知,明朝
19103,张赫,未知,明朝
19104,华高,未知,明朝
19105,何真,未知,明朝
19106,顾时,未知,明朝
19107,薛显,未知,明朝
19108,郭兴,未知,明朝
19109,郭德成,未知,明朝
19110,陈德,未知,明朝
19111,陈镛,未知,明朝
19112,梅思祖,未知,明朝
19113,金朝兴,未知,明朝
19114,唐胜宗,未知,明朝
19115,陆仲亨,未知,明朝
19116,费聚,未知,明朝
19117,陆聚,未知,明朝
19118,郑遇春,未知,明朝
19119,黄彬,未知,明朝
19120,叶升,未知,明朝
19121,周德兴,未知,明朝
19122,陈桓,未知,明朝
19123,朱寿,未知,明朝
19124,曹兴,未知,明朝
19125,谢成,未知,明朝
19126,李新,未知,明朝
19127,廖永安,未知,明朝
19128,俞通海,未知,明朝
19129,俞通源,未知,明朝
19130,胡德济,未知,明朝
19131,栾凤,未知,明朝
19132,耿再成,未知,明朝
19133,张德胜,未知,明朝
19134,汪兴祖,未知,明朝
19135,赵德胜,未知,明朝
19136,张子明,未知,明朝
19137,丁普郎,未知,明朝
19138,程国胜,未知,明朝
19139,桑世杰,未知,明朝
19140,刘成,未知,明朝
19141,茅成,未知,明朝
19142,杨国兴,未知,明朝
19143,胡深,未知,明朝
19144,孙兴祖,未知,明朝
19145,曹良臣,未知,明朝
19146,周显,未知,明朝
19147,常荣,未知,明朝
19148,濮英,未知,明朝
19149,于光,未知,明朝
19150,严德,未知,明朝
19151,孙虎,未知,明朝
19152,何文辉,未知,明朝
19153,徐司马,未知,明朝
19154,叶旺,未知,明朝
19155,马云,未知,明朝
19156,缪大亨,未知,明朝
19157,蔡迁,未知,明朝
19158,王铭,未知,明朝
19159,宁正,未知,明朝
19160,袁义,未知,明朝
19161,金兴旺,未知,明朝
19162,费子贤,未知,明朝
19163,花茂,未知,明朝
19164,丁玉,未知,明朝
19165,郭云,未知,明朝
19166,陈遇,未知,明朝
19167,秦从龙,未知,明朝
19168,叶兑,未知,明朝
19169,范常,未知,明朝
19170,潘庭坚,未知,明朝
19171,宋思颜,未知,明朝
19172,夏煜,未知,明朝
19173,郭景祥,未知,明朝
19174,李梦庚,未知,明朝
19175,王濂,未知,明朝
19176,毛骐,未知,明朝
19177,毛骧,未知,明朝
19178,杨元杲,未知,明朝
19179,阮弘道,未知,明朝
19180,汪河,未知,明朝
19181,孔克仁,未知,明朝
19182,陶安,蓝文,明朝
19183,钱用壬,未知,明朝
19184,詹同,未知,明朝
19185,牛谅,未知,明朝
19186,张筹,未知,明朝
19187,朱梦炎,未知,明朝
19188,刘仲质,未知,明朝
19189,陶凯,未知,明朝
19190,任昂,未知,明朝
19191,李原名,未知,明朝
19192,乐韶凤,未知,明朝
19193,刘三吾,未知,明朝
19194,汪睿,未知,明朝
19195,朱善,未知,明朝
19196,安然,未知,明朝
19197,吴伯宗,未知,明朝
19198,鲍恂,未知,明朝
19199,任亨泰,未知,明朝
19200,吴沉,未知,明朝
19201,桂彦良,未知,明朝
19202,李希颜,未知,明朝
19203,徐宗实,未知,明朝
19204,陈南宾,未知,明朝
19205,刘淳,未知,明朝
19206,董子庄,未知,明朝
19207,赵季通,未知,明朝
19208,金实,未知,明朝
19209,萧用道,未知,明朝
19210,宋子环,未知,明朝
19211,宋讷,未知,明朝
19212,许存仁,未知,明朝
19213,张美和,未知,明朝
19214,聂铉,未知,明朝
19215,贝琼,未知,明朝
19216,赵俶,未知,明朝
19217,钱宰,未知,明朝
19218,萧执,未知,明朝
19219,李叔正,未知,明朝
19220,刘崧,未知,明朝
19221,罗复仁,未知,明朝
19222,孙汝敬,未知,明朝
19223,滕毅,未知,明朝
19224,赵好德,未知,明朝
19225,翟善,未知,明朝
19226,吴琳,未知,明朝
19227,杨思义,未知,明朝
19228,滕德懋,未知,明朝
19229,范敏,未知,明朝
19230,费震,未知,明朝
19231,张琬,未知,明朝
19232,周祯,未知,明朝
19233,刘惟谦,未知,明朝
19234,端复初,未知,明朝
19235,黎光,未知,明朝
19236,杨靖,未知,明朝
19237,凌汉,未知,明朝
19238,严德珉,未知,明朝
19239,单安仁,未知,明朝
19240,朱守仁,未知,明朝
19241,薛祥,未知,明朝
19242,秦逵,未知,明朝
19243,赵翥,未知,明朝
19244,唐铎,未知,明朝
19245,沈溍,未知,明朝
19246,开济,未知,明朝
19247,韩宜可,未知,明朝
19248,周观政,未知,明朝
19249,欧阳韶,未知,明朝
19250,萧岐,未知,明朝
19251,门克新,未知,明朝
19252,冯坚,未知,明朝
19253,茹太素,未知,明朝
19254,曾秉正,未知,明朝
19255,李仕鲁,未知,明朝
19256,陈汶辉,未知,明朝
19257,叶伯巨,未知,明朝
19258,郑士利,未知,明朝
19259,方征,未知,明朝
19260,周敬心,未知,明朝
19261,魏观,未知,明朝
19262,陶垕仲,未知,明朝
19263,王祐,未知,明朝
19264,刘仕貆,未知,明朝
19265,徐均,未知,明朝
19266,王宗显,未知,明朝
19267,王兴宗,未知,明朝
19268,吕文燧,未知,明朝
19269,王兴福,未知,明朝
19270,苏恭让,未知,明朝
19271,赵庭兰,未知,明朝
19272,杨卓,未知,明朝
19273,罗性,未知,明朝
19274,道同,未知,明朝
19275,欧阳铭,未知,明朝
19276,卢熊,未知,明朝
19277,卢熙,未知,明朝
19278,倪孟贤,未知,明朝
19279,青文胜,未知,明朝
19280,卢原质,未知,明朝
19281,郑公智,未知,明朝
19282,林嘉猷,未知,明朝
19283,胡子昭,未知,明朝
19284,郑居贞,未知,明朝
19285,方法,未知,明朝
19286,楼琏,未知,明朝
19287,练子宁,未知,明朝
19288,宋征,未知,明朝
19289,叶希贤,未知,明朝
19290,茅大芳,未知,明朝
19291,周璇,未知,明朝
19292,郭任,未知,明朝
19293,卢迥,未知,明朝
19294,陈迪,未知,明朝
19295,黄魁,未知,明朝
19296,巨敬,未知,明朝
19297,景清,未知,明朝
19298,连楹,未知,明朝
19299,胡闰,未知,明朝
19300,王度,未知,明朝
19301,陈继之,未知,明朝
19302,韩永,未知,明朝
19303,叶福,未知,明朝
19304,暴昭,未知,明朝
19305,侯泰,未知,明朝
19306,陈性善,未知,明朝
19307,陈植,未知,明朝
19308,崇刚,未知,明朝
19309,张昺,未知,明朝
19310,谢贵,未知,明朝
19311,彭二,未知,明朝
19312,葛诚,未知,明朝
19313,余逢辰,未知,明朝
19314,马宣,未知,明朝
19315,曾浚,未知,明朝
19316,卜万,未知,明朝
19317,石撰,未知,明朝
19318,瞿能,未知,明朝
19319,庄得,未知,明朝
19320,楚智,未知,明朝
19321,皂旗张,未知,明朝
19322,王指挥,未知,明朝
19323,杨本,未知,明朝
19324,陈质,未知,明朝
19325,颜伯玮,未知,明朝
19326,向朴,未知,明朝
19327,郑华,未知,明朝
19328,王省,未知,明朝
19329,姚善,未知,明朝
19330,钱芹,未知,明朝
19331,陈彦回,未知,明朝
19332,张彦方,未知,明朝
19333,廖升,未知,明朝
19334,魏冕,未知,明朝
19335,邹瑾,未知,明朝
19336,龚泰,未知,明朝
19337,周是修,未知,明朝
19338,程本立,未知,明朝
19339,黄观,未知,明朝
19340,王叔英,未知,明朝
19341,黄钺,未知,明朝
19342,曾凤韶,未知,明朝
19343,陈思贤,未知,明朝
19344,程通,未知,明朝
19345,叶惠仲,未知,明朝
19346,黄彦清,未知,明朝
19347,蔡运,未知,明朝
19348,石允常,未知,明朝
19349,高巍,未知,明朝
19350,高贤宁,未知,明朝
19351,王琎,未知,明朝
19352,周缙,未知,明朝
19353,牛景先,未知,明朝
19354,程济,未知,明朝
19355,平安,未知,明朝
19356,何福,未知,明朝
19357,顾成,未知,明朝
19358,顾兴祖,未知,明朝
19359,顾溥,未知,明朝
19360,顾仕隆,未知,明朝
19361,顾寰,未知,明朝
19362,张輗,未知,明朝
19363,张軏,未知,明朝
19364,丘福,未知,明朝
19365,王聪,未知,明朝
19366,火真,未知,明朝
19367,谭渊,未知,明朝
19368,谭忠,未知,明朝
19369,陈亨,未知,明朝
19370,陈懋,未知,明朝
19371,徐理,未知,明朝
19372,房宽,未知,明朝
19373,刘才,未知,明朝
19374,陈圭,未知,明朝
19375,孟善,未知,明朝
19376,郑亨,未知,明朝
19377,徐忠,未知,明朝
19378,郭亮,未知,明朝
19379,赵彝,未知,明朝
19380,唐云,未知,明朝
19381,徐祥,未知,明朝
19382,孙岩,未知,明朝
19383,房胜,未知,明朝
19384,陈旭,未知,明朝
19385,陈贤,未知,明朝
19386,陈志,未知,明朝
19387,王友,未知,明朝
19388,金幼孜,未知,明朝
19389,胡俨,未知,明朝
19390,杨旦,未知,明朝
19391,马愉,未知,明朝
19392,蹇义,未知,明朝
19393,李文郁,未知,明朝
19394,邹师颜,未知,明朝
19395,郁新,未知,明朝
19396,赵羾,未知,明朝
19397,金忠,未知,明朝
19398,李庆,未知,明朝
19399,师逵,未知,明朝
19400,古朴,未知,明朝
19401,马京,未知,明朝
19402,许思温,未知,明朝
19403,刘季篪,未知,明朝
19404,刘辰,未知,明朝
19405,杨砥,未知,明朝
19406,虞谦,未知,明朝
19407,吕升,未知,明朝
19408,仰瞻,未知,明朝
19409,严本,未知,明朝
19410,汤宗,未知,明朝
19411,茹瑺,未知,明朝
19412,严震直,未知,明朝
19413,张紞,未知,明朝
19414,王钝,未知,明朝
19415,郑赐,未知,明朝
19416,郭资,未知,明朝
19417,吕震,未知,明朝
19418,李至刚,未知,明朝
19419,方宾,未知,明朝
19420,吴中,未知,明朝
19421,刘观,未知,明朝
19422,董伦,未知,明朝
19423,仪智,未知,明朝
19424,仪铭,未知,明朝
19425,邹济,未知,明朝
19426,徐善述,未知,明朝
19427,王汝玉,未知,明朝
19428,梁潜,未知,明朝
19429,周述,未知,明朝
19430,陈济,未知,明朝
19431,陈继,未知,明朝
19432,杨翥,未知,明朝
19433,俞山,未知,明朝
19434,潘辰,未知,明朝
19435,钱习礼,未知,明朝
19436,周叙,未知,明朝
19437,刘俨,未知,明朝
19438,柯潜,未知,明朝
19439,罗璟,未知,明朝
19440,孔公恂,未知,明朝
19441,司马恂,未知,明朝
19442,宋礼,未知,明朝
19443,蔺芳,未知,明朝
19444,陈豫,未知,明朝
19445,陈锐,未知,明朝
19446,陈熊,未知,明朝
19447,陈王谟,未知,明朝
19448,周忱,未知,明朝
19449,高士文,未知,明朝
19450,徐政,未知,明朝
19451,黄福,未知,明朝
19452,刘俊,未知,明朝
19453,吕毅,未知,明朝
19454,陈洽,未知,明朝
19455,侯保,未知,明朝
19456,冯贵,未知,明朝
19457,伍云,未知,明朝
19458,李任,未知,明朝
19459,刘子辅,未知,明朝
19460,何忠,未知,明朝
19461,徐麒,未知,明朝
19462,易先,未知,明朝
19463,周安,未知,明朝
19464,李彬,未知,明朝
19465,柳升,未知,明朝
19466,柳溥,未知,明朝
19467,梁铭,未知,明朝
19468,陶季容,未知,明朝
19469,陈汀,未知,明朝
19470,宋晟,未知,明朝
19471,金玉,未知,明朝
19472,朱荣,未知,明朝
19473,费瓛,未知,明朝
19474,谭广,未知,明朝
19475,陈怀,未知,明朝
19476,蒋贵,未知,明朝
19477,任礼,未知,明朝
19478,赵安,未知,明朝
19479,赵辅,未知,明朝
19480,刘聚,未知,明朝
19481,吴允诚,未知,明朝
19482,薛斌,未知,明朝
19483,吴成,未知,明朝
19484,滕定,未知,明朝
19485,蒋信,未知,明朝
19486,李英,未知,明朝
19487,毛胜,未知,明朝
19488,焦礼,未知,明朝
19489,毛忠,未知,明朝
19490,毛锐,未知,明朝
19491,和勇,未知,明朝
19492,罗秉忠,未知,明朝
19493,金纯,未知,明朝
19494,张本,未知,明朝
19495,郭敦,未知,明朝
19496,郭琎,未知,明朝
19497,郑辰,未知,明朝
19498,柴车,未知,明朝
19499,刘中敷,未知,明朝
19500,刘机,未知,明朝
19501,张凤,未知,明朝
19502,周瑄,未知,明朝
19503,杨鼎,未知,明朝
19504,翁世资,未知,明朝
19505,黄镐,未知,明朝
19506,胡拱辰,未知,明朝
19507,林鹗,未知,明朝
19508,潘荣,未知,明朝
19509,夏时正,未知,明朝
19510,黄宗载,未知,明朝
19511,顾佐,未知,明朝
19512,陈勉,未知,明朝
19513,贾谅,未知,明朝
19514,严升,未知,明朝
19515,段民,未知,明朝
19516,吾绅,未知,明朝
19517,章敞,未知,明朝
19518,徐琦,未知,明朝
19519,吴讷,未知,明朝
19520,朱与言,未知,明朝
19521,魏骥,未知,明朝
19522,鲁穆,未知,明朝
19523,耿九畴,未知,明朝
19524,轩輗,未知,明朝
19525,陈复,未知,明朝
19526,黄孔昭,未知,明朝
19527,熊概,未知,明朝
19528,叶春,未知,明朝
19529,陈镒,未知,明朝
19530,李仪,未知,明朝
19531,丁璇,未知,明朝
19532,曾翚,未知,明朝
19533,贾铨,未知,明朝
19534,王宇,未知,明朝
19535,崔恭,未知,明朝
19536,刘孜,未知,明朝
19537,邢宥,未知,明朝
19538,李侃,未知,明朝
19539,雷复,未知,明朝
19540,原杰,未知,明朝
19541,彭谊,未知,明朝
19542,牟俸,未知,明朝
19543,夏埙,未知,明朝
19544,夏鍭,未知,明朝
19545,杨继宗,未知,明朝
19546,王彰,未知,明朝
19547,魏源,未知,明朝
19548,金濂,未知,明朝
19549,罗绮,未知,明朝
19550,张固,未知,明朝
19551,周新,未知,明朝
19552,萧省身,未知,明朝
19553,陈士启,未知,明朝
19554,应履平,未知,明朝
19555,林硕,未知,明朝
19556,陈本深,未知,明朝
19557,罗以礼,未知,明朝
19558,莫愚,未知,明朝
19559,赵泰,未知,明朝
19560,彭勖,未知,明朝
19561,孙鼎,未知,明朝
19562,夏时,未知,明朝
19563,刘实,未知,明朝
19564,陈选,未知,明朝
19565,夏寅,未知,明朝
19566,陈壮,未知,明朝
19567,宋端仪,未知,明朝
19568,尹昌隆,未知,明朝
19569,耿通,未知,明朝
19570,陈谔,未知,明朝
19571,戴纶,未知,明朝
19572,林长懋,未知,明朝
19573,陈祚,未知,明朝
19574,刘球,未知,明朝
19575,陈鉴,未知,明朝
19576,何观,未知,明朝
19577,钟同,未知,明朝
19578,章纶,未知,明朝
19579,廖庄,未知,明朝
19580,倪敬,未知,明朝
19581,杨瑄,未知,明朝
19582,杨源,未知,明朝
19583,李时勉,未知,明朝
19584,刘铉,未知,明朝
19585,萨琦,未知,明朝
19586,邢让,未知,明朝
19587,李绍,未知,明朝
19588,林瀚,未知,明朝
19589,谢铎,未知,明朝
19590,鲁铎,未知,明朝
19591,赵永,未知,明朝
19592,邹缉,未知,明朝
19593,弋谦,未知,明朝
19594,黄骥,未知,明朝
19595,孔友谅,未知,明朝
19596,范济,未知,明朝
19597,聊让,未知,明朝
19598,左鼎,未知,明朝
19599,练纲,未知,明朝
19600,曹凯,未知,明朝
19601,许仕达,未知,明朝
19602,刘炜,未知,明朝
19603,尚褫,未知,明朝
19604,单宇,未知,明朝
19605,高瑶,未知,明朝
19606,陶成,未知,明朝
19607,陶鲁,未知,明朝
19608,丁瑄,未知,明朝
19609,王得仁,未知,明朝
19610,王一夔,未知,明朝
19611,叶祯,未知,明朝
19612,伍骥,未知,明朝
19613,毛吉,未知,明朝
19614,林锦,未知,明朝
19615,郭绪,未知,明朝
19616,姜昂,未知,明朝
19617,姜龙,未知,明朝
19618,韩观,未知,明朝
19619,山云,未知,明朝
19620,萧授,未知,明朝
19621,吴亮,未知,明朝
19622,方瑛,未知,明朝
19623,陈友,未知,明朝
19624,都胜,未知,明朝
19625,郭鋐,未知,明朝
19626,彭伦,未知,明朝
19627,欧盘,未知,明朝
19628,张祐,未知,明朝
19629,张益,未知,明朝
19630,邝野,未知,明朝
19631,丁铉,未知,明朝
19632,王永和,未知,明朝
19633,邓棨,未知,明朝
19634,孙祥,未知,明朝
19635,谢泽,未知,明朝
19636,袁彬,未知,明朝
19637,萧镃,未知,明朝
19638,王文,未知,明朝
19639,江渊,未知,明朝
19640,刘珝,未知,明朝
19641,刘鈗,未知,明朝
19642,尹直,未知,明朝
19643,高谷,未知,明朝
19644,胡濙,未知,明朝
19645,王直,未知,明朝
19646,吴宁,未知,明朝
19647,王骥,未知,明朝
19648,杨善,未知,明朝
19649,霍瑄,未知,明朝
19650,王越,未知,明朝
19651,罗亨信,未知,明朝
19652,侯琎,未知,明朝
19653,杨宁,未知,明朝
19654,孙原贞,未知,明朝
19655,孙需,未知,明朝
19656,朱鉴,未知,明朝
19657,杨信民,未知,明朝
19658,张骥,未知,明朝
19659,马谨,未知,明朝
19660,程信,未知,明朝
19661,白圭,未知,明朝
19662,张瓒,未知,明朝
19663,谢士元,未知,明朝
19664,孔镛,未知,明朝
19665,邓廷瓒,未知,明朝
19666,王轼,未知,明朝
19667,刘丙,未知,明朝
19668,石亨,未知,明朝
19669,郭登,未知,明朝
19670,朱谦,未知,明朝
19671,孙镗,未知,明朝
19672,赵胜,未知,明朝
19673,范广,未知,明朝
19674,史昭,未知,明朝
19675,巫凯,未知,明朝
19676,曹义,未知,明朝
19677,施聚,未知,明朝
19678,许贵,未知,明朝
19679,许宁,未知,明朝
19680,周贤,未知,明朝
19681,周玉,未知,明朝
19682,欧信,未知,明朝
19683,王玺,未知,明朝
19684,鲁鉴,未知,明朝
19685,姜汉,未知,明朝
19686,姜奭,未知,明朝
19687,姜应熊,未知,明朝
19688,安国,未知,明朝
19689,杭雄,未知,明朝
19690,卫颖,未知,明朝
19691,董兴,未知,明朝
19692,何洪,未知,明朝
19693,仇钺,未知,明朝
19694,神英,未知,明朝
19695,神周,未知,明朝
19696,曹雄,未知,明朝
19697,曹谦,未知,明朝
19698,冯祯,未知,明朝
19699,李鋐,未知,明朝
19700,杨锐,蓝文,明朝
19701,崔文,未知,明朝
19702,吕原,未知,明朝
19703,岳正,未知,明朝
19704,刘定之,未知,明朝
19705,王翱,未知,明朝
19706,年富,未知,明朝
19707,姚夔,未知,明朝
19708,林聪,未知,明朝
19709,叶盛,未知,明朝
19710,项忠,未知,明朝
19711,韩雍,未知,明朝
19712,余子俊,未知,明朝
19713,阮勤,未知,明朝
19714,朱英,未知,明朝
19715,秦纮,未知,明朝
19716,罗伦,未知,明朝
19717,涂棐,未知,明朝
19718,章懋,未知,明朝
19719,章拯,未知,明朝
19720,黄仲昭,未知,明朝
19721,庄昹,未知,明朝
19722,邹智,未知,明朝
19723,舒芬,未知,明朝
19724,马汝骥,未知,明朝
19725,张宁,未知,明朝
19726,毛弘,未知,明朝
19727,丘弘,未知,明朝
19728,李森,未知,明朝
19729,魏元,未知,明朝
19730,康永韶,未知,明朝
19731,郑己,未知,明朝
19732,强珍,未知,明朝
19733,王瑞,未知,明朝
19734,汪奎,未知,明朝
19735,汪舜民,未知,明朝
19736,崔升,未知,明朝
19737,卢瑀,未知,明朝
19738,汤鼐,未知,明朝
19739,姜绾,未知,明朝
19740,姜洪,未知,明朝
19741,畅亨,未知,明朝
19742,曹璘,未知,明朝
19743,彭程,未知,明朝
19744,庞泮,未知,明朝
19745,吕献,未知,明朝
19746,叶绅,未知,明朝
19747,胡献,未知,明朝
19748,任仪,未知,明朝
19749,车梁,未知,明朝
19750,张弘至,未知,明朝
19751,屈伸,未知,明朝
19752,王献臣,未知,明朝
19753,吴一贯,未知,明朝
19754,丘浚,未知,明朝
19755,王鏊,未知,明朝
19756,王恕,绿文,明朝
19757,王承裕,未知,明朝
19758,马文升,未知,明朝
19759,刘大夏,未知,明朝
19760,何乔新,未知,明朝
19761,彭韶,未知,明朝
19762,周经,未知,明朝
19763,耿裕,未知,明朝
19764,倪岳,未知,明朝
19765,闵圭,未知,明朝
19766,戴珊,未知,明朝
19767,周洪谟,未知,明朝
19768,杨守陈,未知,明朝
19769,杨茂元,未知,明朝
19770,张元祯,未知,明朝
19771,陈音,未知,明朝
19772,傅瀚,未知,明朝
19773,吴宽,未知,明朝
19774,傅圭,未知,明朝
19775,吴俨,未知,明朝
19776,顾清,未知,明朝
19777,刘瑞,未知,明朝
19778,叶淇,未知,明朝
19779,黄绂,未知,明朝
19780,张蓥,未知,明朝
19781,曾鉴,未知,明朝
19782,梁璟,未知,明朝
19783,徐恪,未知,明朝
19784,李介,未知,明朝
19785,李昆,未知,明朝
19786,黄珂,未知,明朝
19787,王鸿儒,未知,明朝
19788,丛兰,未知,明朝
19789,吴世忠,未知,明朝
19790,韩文,未知,明朝
19791,陈仁,未知,明朝
19792,张敷华,未知,明朝
19793,杨守隅,未知,明朝
19794,许进,未知,明朝
19795,雍泰,未知,明朝
19796,樊莹,未知,明朝
19797,熊绣,未知,明朝
19798,潘蕃,未知,明朝
19799,胡富,未知,明朝
19800,张泰,未知,明朝
19801,吴文度,未知,明朝
19802,张鼐,未知,明朝
19803,冒政,未知,明朝
19804,王璟,未知,明朝
19805,高铨,未知,明朝
19806,朱钦,未知,明朝
19807,何鉴,未知,明朝
19808,陆完,未知,明朝
19809,洪钟,未知,明朝
19810,陈金,未知,明朝
19811,俞谏,未知,明朝
19812,马昊,未知,明朝
19813,赵祐,未知,明朝
19814,戴铣,未知,明朝
19815,陆昆,未知,明朝
19816,周玺,未知,明朝
19817,涂祯,未知,明朝
19818,汤礼敬,未知,明朝
19819,何绍正,未知,明朝
19820,许天锡,未知,明朝
19821,徐文溥,未知,明朝
19822,翟唐,未知,明朝
19823,王銮,未知,明朝
19824,张士隆,未知,明朝
19825,张文明,未知,明朝
19826,范辂,未知,明朝
19827,张钦,未知,明朝
19828,曹琥,未知,明朝
19829,石天柱,未知,明朝
19830,李文祥,未知,明朝
19831,孙盘,未知,明朝
19832,徐圭,未知,明朝
19833,胡爟,未知,明朝
19834,罗侨,未知,明朝
19835,刘天麒,未知,明朝
19836,戴冠,未知,明朝
19837,黄巩,未知,明朝
19838,陆震,未知,明朝
19839,夏良胜,未知,明朝
19840,石玠,未知,明朝
19841,石珤,未知,明朝
19842,毛澄,未知,明朝
19843,汪俊,未知,明朝
19844,汪伟,未知,明朝
19845,吴一鹏,未知,明朝
19846,朱希周,未知,明朝
19847,丰熙,未知,明朝
19848,徐文华,未知,明朝
19849,薛蕙,未知,明朝
19850,胡侍,未知,明朝
19851,王禄,未知,明朝
19852,侯廷训,未知,明朝
19853,王元正,未知,明朝
19854,王思,未知,明朝
19855,张翀,未知,明朝
19856,安盘,未知,明朝
19857,张汉卿,未知,明朝
19858,张原,未知,明朝
19859,毛玉,未知,明朝
19860,裴绍宗,未知,明朝
19861,王时柯,未知,明朝
19862,余翱,未知,明朝
19863,郑本公,未知,明朝
19864,张曰韬,未知,明朝
19865,胡琼,未知,明朝
19866,杨淮,未知,明朝
19867,申良,未知,明朝
19868,张澯,未知,明朝
19869,郭楠,未知,明朝
19870,顾鼎臣,未知,明朝
19871,陈以勤,未知,明朝
19872,赵贞吉,未知,明朝
19873,殷士儋,未知,明朝
19874,高仪,未知,明朝
19875,乔宇,未知,明朝
19876,孙交,未知,明朝
19877,林俊,未知,明朝
19878,金献民,未知,明朝
19879,秦金,未知,明朝
19880,秦柱,未知,明朝
19881,赵璜,未知,明朝
19882,邹文盛,未知,明朝
19883,梁材,未知,明朝
19884,刘麟,未知,明朝
19885,蒋瑶,未知,明朝
19886,冀元亨,未知,明朝
19887,胡铎,未知,明朝
19888,桂萼,未知,明朝
19889,席书,未知,明朝
19890,席春,未知,明朝
19891,席篆,未知,明朝
19892,霍韬,未知,明朝
19893,熊浃,未知,明朝
19894,黄宗明,未知,明朝
19895,黄绾,未知,明朝
19896,彭泽,未知,明朝
19897,毛伯温,未知,明朝
19898,汪文盛,未知,明朝
19899,汪宗伊,未知,明朝
19900,鲍象贤,未知,明朝
19901,李钺,未知,明朝
19902,胡世宁,未知,明朝
19903,王以旗,未知,明朝
19904,王邦瑞,未知,明朝
19905,郑晓,未知,明朝
19906,张嵿,未知,明朝
19907,伍文定,未知,明朝
19908,邢珣,未知,明朝
19909,徐琏,未知,明朝
19910,戴德孺,未知,明朝
19911,蔡天佑,未知,明朝
19912,张文锦,未知,明朝
19913,詹荣,未知,明朝
19914,刘源清,未知,明朝
19915,刘天和,未知,明朝
19916,杨守礼,未知,明朝
19917,张岳,未知,明朝
19918,李允简,未知,明朝
19919,郭宗皋,未知,明朝
19920,陶琰,未知,明朝
19921,陶滋,未知,明朝
19922,王缜,未知,明朝
19923,李充嗣,未知,明朝
19924,吴廷举,未知,明朝
19925,方良永,未知,明朝
19926,王爌,未知,明朝
19927,王軏,未知,明朝
19928,徐问,未知,明朝
19929,韩邦奇,未知,明朝
19930,韩邦靖,未知,明朝
19931,周金,未知,明朝
19932,吴岳,未知,明朝
19933,谭大初,未知,明朝
19934,廖纪,未知,明朝
19935,王时中,未知,明朝
19936,周期雍,未知,明朝
19937,唐龙,未知,明朝
19938,王暐,未知,明朝
19939,周用,未知,明朝
19940,宋景,未知,明朝
19941,刘讱,未知,明朝
19942,孙应奎,未知,明朝
19943,聂豹,未知,明朝
19944,李默,未知,明朝
19945,万镗,未知,明朝
19946,周延,未知,明朝
19947,潘恩,未知,明朝
19948,贾应春,未知,明朝
19949,张永明,未知,明朝
19950,胡松,未知,明朝
19951,赵炳然,未知,明朝
19952,郑岳,未知,明朝
19953,汪元锡,未知,明朝
19954,寇天叙,未知,明朝
19955,唐胄,未知,明朝
19956,潘珍,未知,明朝
19957,潘旦,未知,明朝
19958,李中,未知,明朝
19959,李楷,未知,明朝
19960,陶谐,未知,明朝
19961,潘埙,未知,明朝
19962,吕经,未知,明朝
19963,欧阳重,未知,明朝
19964,朱裳,未知,明朝
19965,陈察,未知,明朝
19966,孙懋,未知,明朝
19967,王学夔,未知,明朝
19968,曾钧,未知,明朝
19969,陈九畴,未知,明朝
19970,翟鹏,未知,明朝
19971,张汉,未知,明朝
19972,孙继鲁,未知,明朝
19973,曾铣,未知,明朝
19974,杨守谦,未知,明朝
19975,商大节,未知,明朝
19976,杨选,未知,明朝
19977,朱纨,未知,明朝
19978,张经,未知,明朝
19979,李天宠,未知,明朝
19980,周珫,未知,明朝
19981,杨宜,未知,明朝
19982,曹邦辅,未知,明朝
19983,任环,未知,明朝
19984,吴成器,未知,明朝
19985,李遂,未知,明朝
19986,马录,未知,明朝
19987,汤沐,未知,明朝
19988,卢琼,未知,明朝
19989,沈汉,未知,明朝
19990,王科,未知,明朝
19991,程启充,未知,明朝
19992,张逵,未知,明朝
19993,郑一鹏,未知,明朝
19994,唐枢,未知,明朝
19995,杜鸾,未知,明朝
19996,叶应骢,未知,明朝
19997,解一贯,未知,明朝
19998,郑洛书,未知,明朝
19999,张录,未知,明朝
20000,陆粲,未知,明朝
20001,邵经邦,未知,明朝
20002,刘世扬,未知,明朝
20003,赵汉,未知,明朝
20004,魏良弼,未知,明朝
20005,秦鳌,未知,明朝
20006,张寅,未知,明朝
20007,叶洪,未知,明朝
20008,邓继曾,未知,明朝
20009,刘最,未知,明朝
20010,朱浙,未知,明朝
20011,马明衡,未知,明朝
20012,陈逅,未知,明朝
20013,林应骢,未知,明朝
20014,杨言,未知,明朝
20015,刘安,未知,明朝
20016,杨名,未知,明朝
20017,黄直,未知,明朝
20018,郭弘化,未知,明朝
20019,刘世龙,未知,明朝
20020,张选,未知,明朝
20021,黄正色,未知,明朝
20022,包节,未知,明朝
20023,包孝,未知,明朝
20024,王与龄,未知,明朝
20025,周呋,未知,明朝
20026,杨思忠,未知,明朝
20027,张芹,未知,明朝
20028,汪应轸,未知,明朝
20029,萧鸣凤,未知,明朝
20030,高公韶,未知,明朝
20031,齐之鸾,未知,明朝
20032,袁宗儒,未知,明朝
20033,许相卿,未知,明朝
20034,顾济,未知,明朝
20035,章侨,未知,明朝
20036,余珊,未知,明朝
20037,韦商臣,未知,明朝
20038,黎贯,未知,明朝
20039,彭汝实,未知,明朝
20040,郑自璧,未知,明朝
20041,戚贤,未知,明朝
20042,刘黄裳,未知,明朝
20043,钱薇,未知,明朝
20044,洪垣,未知,明朝
20045,周思兼,未知,明朝
20046,颜鲸,未知,明朝
20047,杨最,未知,明朝
20048,顾存仁,未知,明朝
20049,高金,未知,明朝
20050,冯恩,未知,明朝
20051,宋邦辅,未知,明朝
20052,薛宗铠,未知,明朝
20053,曾翀,未知,明朝
20054,杨爵,未知,明朝
20055,浦鋐,未知,明朝
20056,周天佐,未知,明朝
20057,周怡,未知,明朝
20058,刘魁,未知,明朝
20059,沈束,未知,明朝
20060,沈炼,未知,明朝
20061,杨继盛,未知,明朝
20062,杨允绳,未知,明朝
20063,马从谦,未知,明朝
20064,桑乔,未知,明朝
20065,胡汝霖,未知,明朝
20066,谢瑜,未知,明朝
20067,王晔,未知,明朝
20068,童汉臣,未知,明朝
20069,何维柏,未知,明朝
20070,徐学诗,未知,明朝
20071,叶经,未知,明朝
20072,厉汝进,未知,明朝
20073,王宗茂,未知,明朝
20074,周冕,未知,明朝
20075,赵锦,未知,明朝
20076,吴时来,未知,明朝
20077,董传策,未知,明朝
20078,张槚,未知,明朝
20079,林润,未知,明朝
20080,马永,未知,明朝
20081,梁震,未知,明朝
20082,祝雄,未知,明朝
20083,王效,未知,明朝
20084,刘文,未知,明朝
20085,周尚文,未知,明朝
20086,赵国忠,未知,明朝
20087,何卿,未知,明朝
20088,沈希仪,未知,明朝
20089,石邦宪,未知,明朝
20090,卢镗,未知,明朝
20091,汤克宽,未知,明朝
20092,朱先,未知,明朝
20093,李锡,未知,明朝
20094,黄应甲,未知,明朝
20095,尹凤,未知,明朝
20096,张元勋,未知,明朝
20097,郭朴,未知,明朝
20098,杨博,未知,明朝
20099,杨俊民,未知,明朝
20100,马森,未知,明朝
20101,刘体干,未知,明朝
20102,王廷,未知,明朝
20103,毛恺,未知,明朝
20104,葛守礼,未知,明朝
20105,靳学颜,未知,明朝
20106,王治,未知,明朝
20107,胡应嘉,未知,明朝
20108,周弘祖,未知,明朝
20109,岑用宾,未知,明朝
20110,詹仰庇,未知,明朝
20111,骆问礼,未知,明朝
20112,郑履淳,未知,明朝
20113,陈吾德,未知,明朝
20114,李已,未知,明朝
20115,胡涍,未知,明朝
20116,汪文辉,未知,明朝
20117,刘奋庸,未知,明朝
20118,吴山,未知,明朝
20119,瞿景淳,未知,明朝
20120,瞿汝稷,未知,明朝
20121,瞿汝说,未知,明朝
20122,田一俊,未知,明朝
20123,沈懋学,未知,明朝
20124,沈寿民,未知,明朝
20125,黄凤翔,未知,明朝
20126,韩世能,未知,明朝
20127,余继登,未知,明朝
20128,冯琦,未知,明朝
20129,刘曰宁,未知,明朝
20130,翁正春,未知,明朝
20131,刘应秋,未知,明朝
20132,刘同升,未知,明朝
20133,唐文献,未知,明朝
20134,杨道宾,未知,明朝
20135,李腾芳,未知,明朝
20136,蔡毅中,未知,明朝
20137,公鼐,未知,明朝
20138,罗喻义,未知,明朝
20139,姚希孟,未知,明朝
20140,许士柔,未知,明朝
20141,顾锡畴,未知,明朝
20142,陈于陛,未知,明朝
20143,沈鲤,未知,明朝
20144,于慎行,未知,明朝
20145,吴道南,未知,明朝
20146,马自强,未知,明朝
20147,许国,未知,明朝
20148,张位,未知,明朝
20149,万士和,未知,明朝
20150,王之诰,未知,明朝
20151,刘一儒,未知,明朝
20152,吴百朋,未知,明朝
20153,刘应节,未知,明朝
20154,王遴,未知,明朝
20155,毕锵,未知,明朝
20156,舒化,未知,明朝
20157,李世达,未知,明朝
20158,曾同亨,未知,明朝
20159,曾干亨,未知,明朝
20160,辛自修,未知,明朝
20161,温纯,未知,明朝
20162,赵世卿,未知,明朝
20163,李汝华,未知,明朝
20164,袁洪愈,未知,明朝
20165,王廷瞻,未知,明朝
20166,郭应聘,未知,明朝
20167,吴文华,未知,明朝
20168,魏时亮,未知,明朝
20169,陈瓒,未知,明朝
20170,郝杰,未知,明朝
20171,胡克俭,未知,明朝
20172,张孟男,未知,明朝
20173,卫承芳,未知,明朝
20174,李祯,未知,明朝
20175,丁宾,未知,明朝
20176,徐甫宰,未知,明朝
20177,王化,未知,明朝
20178,李祐,未知,明朝
20179,王崇古,未知,明朝
20180,方逢时,未知,明朝
20181,吴兑,未知,明朝
20182,吴孟明,未知,明朝
20183,吴邦辅,未知,明朝
20184,郑洛,未知,明朝
20185,张学颜,未知,明朝
20186,张佳胤,未知,明朝
20187,殷正茂,未知,明朝
20188,李迁,未知,明朝
20189,盛应期,未知,明朝
20190,朱衡,未知,明朝
20191,万恭,未知,明朝
20192,傅希挚,未知,明朝
20193,刘东星,未知,明朝
20194,胡瓒,未知,明朝
20195,徐贞明,未知,明朝
20196,伍袁萃,未知,明朝
20197,严清,未知,明朝
20198,宋纁,未知,明朝
20199,陆光祖,未知,明朝
20200,孙鑨,未知,明朝
20201,孙丕扬,未知,明朝
20202,蔡国珍,未知,明朝
20203,杨时乔,未知,明朝
20204,张瀚,未知,明朝
20205,王国光,未知,明朝
20206,梁梦龙,未知,明朝
20207,杨巍,未知,明朝
20208,李戴,未知,明朝
20209,郑继之,未知,明朝
20210,丘橓,未知,明朝
20211,郭正域,未知,明朝
20212,宋仪望,未知,明朝
20213,李材,未知,明朝
20214,陆树德,未知,明朝
20215,贾三近,未知,明朝
20216,李颐,未知,明朝
20217,朱鸿谟,未知,明朝
20218,萧彦,未知,明朝
20219,查铎,未知,明朝
20220,孙维城,未知,明朝
20221,谢杰,未知,明朝
20222,郭惟贤,未知,明朝
20223,万象春,未知,明朝
20224,钟化民,未知,明朝
20225,吴达可,未知,明朝
20226,魏学曾,未知,明朝
20227,李化龙,未知,明朝
20228,江铎,未知,明朝
20229,刘台,未知,明朝
20230,傅应祯,未知,明朝
20231,王用汲,未知,明朝
20232,吴中行,未知,明朝
20233,艾穆,未知,明朝
20234,沈思孝,未知,明朝
20235,丁此吕,未知,明朝
20236,蔡时鼎,未知,明朝
20237,万国钦,未知,明朝
20238,饶伸,未知,明朝
20239,逯中立,未知,明朝
20240,杨恂,未知,明朝
20241,姜士昌,未知,明朝
20242,宋焘,未知,明朝
20243,马孟祯,未知,明朝
20244,汪若霖,未知,明朝
20245,吴炯,未知,明朝
20246,顾允成,未知,明朝
20247,钱一本,未知,明朝
20248,钱春,未知,明朝
20249,于孔兼,未知,明朝
20250,史孟麟,未知,明朝
20251,薛敷教,未知,明朝
20252,安希范,未知,明朝
20253,刘元珍,未知,明朝
20254,叶茂才,未知,明朝
20255,魏允贞,未知,明朝
20256,魏允中,未知,明朝
20257,王国,未知,明朝
20258,余懋衡,未知,明朝
20259,姜应麟,未知,明朝
20260,姜思睿,未知,明朝
20261,陈登云,未知,明朝
20262,罗大纮,未知,明朝
20263,黄正宾,未知,明朝
20264,李献可,未知,明朝
20265,孟养浩,未知,明朝
20266,朱维京,未知,明朝
20267,王如坚,未知,明朝
20268,王学曾,未知,明朝
20269,张贞观,未知,明朝
20270,樊玉衡,未知,明朝
20271,谢廷赞,未知,明朝
20272,杨天民,未知,明朝
20273,何选,未知,明朝
20274,卢洪春,未知,明朝
20275,李懋桧,未知,明朝
20276,周弘禴,未知,明朝
20277,雒于仁,未知,明朝
20278,马经纶,未知,明朝
20279,刘纲,未知,明朝
20280,戴士衡,未知,明朝
20281,曹学程,未知,明朝
20282,郭实,未知,明朝
20283,翁宪祥,未知,明朝
20284,徐大相,未知,明朝
20285,王汝训,未知,明朝
20286,余懋学,未知,明朝
20287,张养蒙,未知,明朝
20288,孟一脉,未知,明朝
20289,何士晋,未知,明朝
20290,陆大受,未知,明朝
20291,李俸,未知,明朝
20292,王德完,未知,明朝
20293,蒋允仪,未知,明朝
20294,吴羽文,未知,明朝
20295,江东之,未知,明朝
20296,汤兆京,未知,明朝
20297,金士衡,未知,明朝
20298,王元翰,未知,明朝
20299,孙振基,未知,明朝
20300,孙必显,未知,明朝
20301,丁元荐,未知,明朝
20302,于玉立,未知,明朝
20303,夏嘉遇,未知,明朝
20304,傅好礼,未知,明朝
20305,姜志礼,未知,明朝
20306,包见捷,未知,明朝
20307,田大益,未知,明朝
20308,冯应京,未知,明朝
20309,何栋如,未知,明朝
20310,吴宗尧,未知,明朝
20311,吴宝秀,未知,明朝
20312,华钰,未知,明朝
20313,王正志,未知,明朝
20314,李如桢,未知,明朝
20315,李如樟,未知,明朝
20316,李如梅,未知,明朝
20317,麻锦,未知,明朝
20318,张臣,未知,明朝
20319,张承荫,未知,明朝
20320,张应昌,未知,明朝
20321,张全昌,未知,明朝
20322,张德昌,未知,明朝
20323,董一元,未知,明朝
20324,王保,未知,明朝
20325,杜桐,未知,明朝
20326,杜文焕,未知,明朝
20327,杜弘域,未知,明朝
20328,萧如熏,未知,明朝
20329,达云,未知,明朝
20330,尤继先,未知,明朝
20331,官秉忠,未知,明朝
20332,柴国柱,未知,明朝
20333,李怀信,未知,明朝
20334,朱国祚,未知,明朝
20335,何宗彦,未知,明朝
20336,陆梦龙,未知,明朝
20337,汪应蛟,未知,明朝
20338,王纪,未知,明朝
20339,杨东明,未知,明朝
20340,孙玮,未知,明朝
20341,钟羽正,未知,明朝
20342,陈道亨,未知,明朝
20343,陈邦瞻,未知,明朝
20344,毕懋良,未知,明朝
20345,毕懋康,未知,明朝
20346,萧近高,未知,明朝
20347,白瑜,未知,明朝
20348,程绍,未知,明朝
20349,翟凤翀,未知,明朝
20350,郭尚宾,未知,明朝
20351,洪文衡,未知,明朝
20352,何乔远,未知,明朝
20353,陈伯友,未知,明朝
20354,李成名,未知,明朝
20355,董应举,未知,明朝
20356,林材,未知,明朝
20357,朱吾弼,未知,明朝
20358,张光前,未知,明朝
20359,孙慎行,未知,明朝
20360,盛以弘,未知,明朝
20361,冯从吾,未知,明朝
20362,左光先,未知,明朝
20363,魏大中,未知,明朝
20364,袁化中,未知,明朝
20365,顾大章,未知,明朝
20366,王之采,未知,明朝
20367,缪昌期,未知,明朝
20368,周宗建,未知,明朝
20369,黄尊素,未知,明朝
20370,李应升,未知,明朝
20371,万燝,未知,明朝
20372,满朝荐,未知,明朝
20373,江秉谦,未知,明朝
20374,侯震旸,未知,明朝
20375,王允成,未知,明朝
20376,刘綎,未知,明朝
20377,李应祥,未知,明朝
20378,童元镇,未知,明朝
20379,马孔英,未知,明朝
20380,梅之焕,未知,明朝
20381,刘策,未知,明朝
20382,李若星,未知,明朝
20383,耿如杞,未知,明朝
20384,颜继祖,未知,明朝
20385,李继贞,未知,明朝
20386,方震孺,未知,明朝
20387,徐从治,未知,明朝
20388,朱燮元,未知,明朝
20389,徐如珂,未知,明朝
20390,刘可训,未知,明朝
20391,胡平表,未知,明朝
20392,卢安世,未知,明朝
20393,林兆鼎,未知,明朝
20394,王三善,未知,明朝
20395,蔡复一,未知,明朝
20396,刘鸿训,未知,明朝
20397,钱龙锡,未知,明朝
20398,钱士升,未知,明朝
20399,钱士晋,未知,明朝
20400,何如宠,未知,明朝
20401,钱象坤,未知,明朝
20402,周炳谟,未知,明朝
20403,黄景昉,未知,明朝
20404,方岳贡,未知,明朝
20405,吴甡,未知,明朝
20406,王应熊,未知,明朝
20407,何吾驺,未知,明朝
20408,孔贞运,未知,明朝
20409,程国祥,未知,明朝
20410,乔允升,未知,明朝
20411,曹于汴,未知,明朝
20412,孙居相,未知,明朝
20413,曹珖,未知,明朝
20414,陈于廷,未知,明朝
20415,郑三俊,未知,明朝
20416,李日宣,未知,明朝
20417,张玮,未知,明朝
20418,金光辰,未知,明朝
20419,刘宗周,未知,明朝
20420,叶廷秀,未知,明朝
20421,崔景荣,未知,明朝
20422,黄克缵,未知,明朝
20423,毕自严,未知,明朝
20424,李长庚,未知,明朝
20425,刘之凤,未知,明朝
20426,董汉儒,未知,明朝
20427,汪泗论,未知,明朝
20428,熊明遇,未知,明朝
20429,张凤翼,未知,明朝
20430,陈新甲,未知,明朝
20431,冯元扬,未知,明朝
20432,许誉卿,未知,明朝
20433,华允诚,未知,明朝
20434,魏呈润,未知,明朝
20435,胡良机,未知,明朝
20436,毛羽健,未知,明朝
20437,黄宗昌,未知,明朝
20438,吴执御,未知,明朝
20439,章正宸,未知,明朝
20440,黄绍杰,未知,明朝
20441,傅朝佑,未知,明朝
20442,姜采,未知,明朝
20443,姜垓,未知,明朝
20444,熊开元,未知,明朝
20445,方士亮,未知,明朝
20446,詹尔选,未知,明朝
20447,汤开远,未知,明朝
20448,成勇,未知,明朝
20449,陈龙正,未知,明朝
20450,李维翰,未知,明朝
20451,周永春,未知,明朝
20452,薛国用,未知,明朝
20453,赵光抃,未知,明朝
20454,范志完,未知,明朝
20455,玄默,未知,明朝
20456,练国事,未知,明朝
20457,方孔昭,未知,明朝
20458,杨一鹏,未知,明朝
20459,邵捷春,未知,明朝
20460,余应桂,未知,明朝
20461,高斗枢,未知,明朝
20462,张任学,未知,明朝
20463,刘之纶,未知,明朝
20464,丘民仰,未知,明朝
20465,丘禾嘉,未知,明朝
20466,汪乔年,未知,明朝
20467,宋一鹤,未知,明朝
20468,冯师孔,未知,明朝
20469,林日瑞,未知,明朝
20470,蔡懋德,未知,明朝
20471,卫景瑗,未知,明朝
20472,朱之冯,未知,明朝
20473,陈士奇,未知,明朝
20474,龙文光,未知,明朝
20475,刘之勃,未知,明朝
20476,贺逢圣,未知,明朝
20477,周士朴,未知,明朝
20478,吕维祺,未知,明朝
20479,王家祯,未知,明朝
20480,焦源溥,未知,明朝
20481,李梦辰,未知,明朝
20482,宋师襄,未知,明朝
20483,麻僖,未知,明朝
20484,王道纯,未知,明朝
20485,田时震,未知,明朝
20486,范景文,未知,明朝
20487,李邦华,未知,明朝
20488,王家彦,未知,明朝
20489,孟兆祥,未知,明朝
20490,凌义渠,未知,明朝
20491,马世奇,未知,明朝
20492,吴麟征,未知,明朝
20493,周凤翔,未知,明朝
20494,刘理顺,未知,明朝
20495,吴甘来,未知,明朝
20496,陈良谟,未知,明朝
20497,陈纯德,未知,明朝
20498,申佳胤,未知,明朝
20499,成德,未知,明朝
20500,许直,未知,明朝
20501,金铉,未知,明朝
20502,马从聘,未知,明朝
20503,耿荫楼,未知,明朝
20504,张伯鲸,未知,明朝
20505,宋玫,未知,明朝
20506,范淑泰,未知,明朝
20507,高名衡,未知,明朝
20508,王汉,未知,明朝
20509,徐汧,未知,明朝
20510,鹿善继,未知,明朝
20511,薛一鹗,未知,明朝
20512,周遇吉,未知,明朝
20513,艾万年,未知,明朝
20514,李卑,未知,明朝
20515,汤九州岛,未知,明朝
20516,杨正芳,未知,明朝
20517,杨世恩,未知,明朝
20518,陈于王,未知,明朝
20519,侯良柱,未知,明朝
20520,张令,未知,明朝
20521,猛如虎,未知,明朝
20522,虎大威,未知,明朝
20523,孙应元,未知,明朝
20524,姜名武,未知,明朝
20525,王来聘,未知,明朝
20526,邓祖禹,未知,明朝
20527,尤世威,未知,明朝
20528,侯世禄,未知,明朝
20529,刘国能,未知,明朝
20530,李万庆,未知,明朝
20531,马世龙,未知,明朝
20532,杨肇基,未知,明朝
20533,贺虎臣,未知,明朝
20534,鲁钦,未知,明朝
20535,秦良玉,未知,明朝
20536,龙在田,未知,明朝
20537,贺世贤,未知,明朝
20538,童仲揆,未知,明朝
20539,刘渠,未知,明朝
20540,祁秉忠,未知,明朝
20541,满桂,未知,明朝
20542,孙祖寿,未知,明朝
20543,朱国彦,未知,明朝
20544,官惟贤,未知,明朝
20545,黄龙,未知,明朝
20546,金日观,未知,明朝
20547,金国凤,未知,明朝
20548,刘肇基,未知,明朝
20549,高杰,未知,明朝
20550,祖宽,未知,明朝
20551,姜曰广,未知,明朝
20552,周镳,未知,明朝
20553,雷演祚,未知,明朝
20554,张慎言,未知,明朝
20555,徐石麒,未知,明朝
20556,解学龙,未知,明朝
20557,高倬,未知,明朝
20558,朱大典,未知,明朝
20559,张国维,未知,明朝
20560,曾樱,未知,明朝
20561,朱继祚,未知,明朝
20562,余煌,未知,明朝
20563,陈函辉,未知,明朝
20564,王瑞栴,未知,明朝
20565,何楷,未知,明朝
20566,林兰友,未知,明朝
20567,袁继咸,未知,明朝
20568,丘祖德,未知,明朝
20569,侯峒曾,未知,明朝
20570,杨文骢,未知,明朝
20571,陈潜夫,未知,明朝
20572,沈廷扬,未知,明朝
20573,林汝翥,未知,明朝
20574,郑为虹,未知,明朝
20575,万元吉,未知,明朝
20576,郭维经,未知,明朝
20577,詹兆恒,未知,明朝
20578,陈泰来,未知,明朝
20579,王养正,未知,明朝
20580,揭重熙,未知,明朝
20581,陈子壮,未知,明朝
20582,张家玉,未知,明朝
20583,苏观生,未知,明朝
20584,樊一蘅,未知,明朝
20585,王锡衮,未知,明朝
20586,堵胤锡,未知,明朝
20587,朱天麟,未知,明朝
20588,杨畏知,未知,明朝
20589,陈灌,未知,明朝
20590,方克勤,未知,明朝
20591,吴履,未知,明朝
20592,高斗南,未知,明朝
20593,史诚祖,未知,明朝
20594,谢子襄,未知,明朝
20595,贝秉彝,未知,明朝
20596,万观,未知,明朝
20597,叶宗人,未知,明朝
20598,王源,未知,明朝
20599,翟溥福,未知,明朝
20600,李信圭,未知,明朝
20601,张宗琏,未知,明朝
20602,李骥,未知,明朝
20603,李湘,未知,明朝
20604,赵豫,未知,明朝
20605,曾泉,未知,明朝
20606,范衷,未知,明朝
20607,周济,未知,明朝
20608,范希正,未知,明朝
20609,段坚,未知,明朝
20610,陈钢,未知,明朝
20611,丁积,未知,明朝
20612,田铎,未知,明朝
20613,唐侃,未知,明朝
20614,汤绍恩,未知,明朝
20615,徐九思,未知,明朝
20616,庞嵩,未知,明朝
20617,张淳,未知,明朝
20618,陈幼学,未知,明朝
20619,范祖干,未知,明朝
20620,谢应芳,未知,明朝
20621,梁寅,未知,明朝
20622,陈谟,未知,明朝
20623,薛瑄,未知,明朝
20624,胡居仁,未知,明朝
20625,蔡清,未知,明朝
20626,曹端,未知,明朝
20627,吴与弼,未知,明朝
20628,陈真晟,未知,明朝
20629,吕楠,未知,明朝
20630,邵宝,未知,明朝
20631,杨廉,未知,明朝
20632,马理,未知,明朝
20633,周瑛,未知,明朝
20634,潘府,未知,明朝
20635,何瑭,未知,明朝
20636,唐伯元,未知,明朝
20637,娄谅,未知,明朝
20638,贺钦,未知,明朝
20639,陈茂烈,未知,明朝
20640,邹守益,未知,明朝
20641,钱德,未知,明朝
20642,王畿,未知,明朝
20643,欧阳德,未知,明朝
20644,罗洪先,未知,明朝
20645,吴悌,未知,明朝
20646,何廷仁,未知,明朝
20647,王时槐,未知,明朝
20648,许孚远,未知,明朝
20649,尤时熙,未知,明朝
20650,邓以赞,未知,明朝
20651,孟化鲤,未知,明朝
20652,来知德,未知,明朝
20653,邓元锡,未知,明朝
20654,孔希学,未知,明朝
20655,杨维桢,未知,明朝
20656,胡翰,未知,明朝
20657,苏伯衡,未知,明朝
20658,危素,未知,明朝
20659,张以宁,未知,明朝
20660,赵埙,未知,明朝
20661,徐一夔,未知,明朝
20662,赵撝谦,未知,明朝
20663,孙蕡,未知,明朝
20664,王绂,未知,明朝
20665,沈度,未知,明朝
20666,刘溥,未知,明朝
20667,张弼,未知,明朝
20668,程敏政,未知,明朝
20669,储巏,未知,明朝
20670,顾璘,未知,明朝
20671,陆深,未知,明朝
20672,李濂,未知,明朝
20673,黄佐,未知,明朝
20674,柯维骐,未知,明朝
20675,田汝成,未知,明朝
20676,皇甫涍,未知,明朝
20677,李维桢,未知,明朝
20678,瞿九思,未知,明朝
20679,焦竑,未知,明朝
20680,袁宏道,未知,明朝
20681,王惟俭,未知,明朝
20682,曹学佺,未知,明朝
20683,王志坚,未知,明朝
20684,牟鲁,未知,明朝
20685,王纲,未知,明朝
20686,易绍宗,未知,明朝
20687,琴彭,未知,明朝
20688,皇甫斌,未知,明朝
20689,张瑛,未知,明朝
20690,万琛,未知,明朝
20691,周宪,未知,明朝
20692,霍恩,未知,明朝
20693,许逵,未知,明朝
20694,黄宏,未知,明朝
20695,宋以方,未知,明朝
20696,陈闻诗,未知,明朝
20697,王呋,未知,明朝
20698,钱錞,未知,明朝
20699,朱裒,未知,明朝
20700,杜槐,未知,明朝
20701,黄钏,未知,明朝
20702,汪一中,未知,明朝
20703,苏梦旸,未知,明朝
20704,张振德,未知,明朝
20705,董尽伦,未知,明朝
20706,龚万禄,未知,明朝
20707,管良相,未知,明朝
20708,徐朝纲,未知,明朝
20709,姬文胤,未知,明朝
20710,朱万年,未知,明朝
20711,张瑶,未知,明朝
20712,何天衢,未知,明朝
20713,潘宗颜,未知,明朝
20714,何廷魁,未知,明朝
20715,高邦佐,未知,明朝
20716,崔儒秀,未知,明朝
20717,郑国昌,未知,明朝
20718,党还醇,未知,明朝
20719,李献明,未知,明朝
20720,张春,未知,明朝
20721,阎生斗,未知,明朝
20722,王肇坤,未知,明朝
20723,孙士美,未知,明朝
20724,乔若雯,未知,明朝
20725,张秉文,未知,明朝
20726,颜胤绍,未知,明朝
20727,吉孔嘉,未知,明朝
20728,邢国玺,未知,明朝
20729,张振秀,未知,明朝
20730,邓藩锡,未知,明朝
20731,张焜芳,未知,明朝
20732,张允登,未知,明朝
20733,张光奎,未知,明朝
20734,李中正,未知,明朝
20735,方国儒,未知,明朝
20736,何承光,未知,明朝
20737,庞瑜,未知,明朝
20738,尹梦鳌,未知,明朝
20739,卢谦,未知,明朝
20740,龚元祥,未知,明朝
20741,史记言,未知,明朝
20742,梁志仁,未知,明朝
20743,王国训,未知,明朝
20744,黎弘业,未知,明朝
20745,张绍登,未知,明朝
20746,蒋佳征,未知,明朝
20747,徐尚卿,未知,明朝
20748,阮之钿,未知,明朝
20749,郝景春,未知,明朝
20750,张克俭,未知,明朝
20751,徐世淳,未知,明朝
20752,武大烈,未知,明朝
20753,钱祚征,未知,明朝
20754,盛以恒,未知,明朝
20755,颜日愉,未知,明朝
20756,潘弘,未知,明朝
20757,陈豫抱,未知,明朝
20758,刘振之,未知,明朝
20759,李乘云,未知,明朝
20760,关永杰,未知,明朝
20761,张维世,未知,明朝
20762,王世琇,未知,明朝
20763,许永禧,未知,明朝
20764,李贞佐,未知,明朝
20765,鲁世任,未知,明朝
20766,刘禋,未知,明朝
20767,何燮,未知,明朝
20768,赵兴基,未知,明朝
20769,夏统春,未知,明朝
20770,谌吉臣,未知,明朝
20771,卢学古,未知,明朝
20772,陈万策,未知,明朝
20773,许文岐,未知,明朝
20774,郭以重,未知,明朝
20775,崔文荣,未知,明朝
20776,徐学颜,未知,明朝
20777,冯云路,未知,明朝
20778,蔡道宪,未知,明朝
20779,张鹏翼,未知,明朝
20780,刘熙祚,未知,明朝
20781,王孙兰,未知,明朝
20782,程良筹,未知,明朝
20783,黄世清,未知,明朝
20784,杨暄,未知,明朝
20785,唐时明,未知,明朝
20786,段复兴,未知,明朝
20787,简仁瑞,未知,明朝
20788,司五教,未知,明朝
20789,都任,未知,明朝
20790,祝万龄,未知,明朝
20791,王征俊,未知,明朝
20792,丁泰运,未知,明朝
20793,何复,未知,明朝
20794,张罗俊,未知,明朝
20795,金毓峒,未知,明朝
20796,汤文琼,未知,明朝
20797,许琰,未知,明朝
20798,王乔栋,未知,明朝
20799,张继孟,未知,明朝
20800,刘士斗,未知,明朝
20801,王励精,未知,明朝
20802,尹伸,未知,明朝
20803,高其勋,未知,明朝
20804,米寿图,未知,明朝
20805,耿廷箓,未知,明朝
20806,席上珍,未知,明朝
20807,徐道兴,未知,明朝
20808,刘廷标,未知,明朝
20809,郑濂,未知,明朝
20810,徐允让,未知,明朝
20811,钱瑛,未知,明朝
20812,姚玭,未知,明朝
20813,丘铎,未知,明朝
20814,崔敏,未知,明朝
20815,周琬,未知,明朝
20816,伍洪,未知,明朝
20817,朱煦,未知,明朝
20818,刘谨,未知,明朝
20819,李德成,未知,明朝
20820,沈德四,未知,明朝
20821,谢定住,未知,明朝
20822,权谨,未知,明朝
20823,赵绅,未知,明朝
20824,曲祥,未知,明朝
20825,石鼐,未知,明朝
20826,史五常,未知,明朝
20827,周敖,未知,明朝
20828,郑韺,未知,明朝
20829,杨成章,未知,明朝
20830,谢用,未知,明朝
20831,何竞,未知,明朝
20832,王原,未知,明朝
20833,黄玺,未知,明朝
20834,归钺,未知,明朝
20835,何麟,未知,明朝
20836,孙清,未知,明朝
20837,容师偃,未知,明朝
20838,俞孜,未知,明朝
20839,唐俨,未知,明朝
20840,丘绪,未知,明朝
20841,王在复,未知,明朝
20842,夏子孝,未知,明朝
20843,阿寄,未知,明朝
20844,赵重华,未知,明朝
20845,王世名,未知,明朝
20846,李文咏,未知,明朝
20847,孔金,未知,明朝
20848,杨通照,未知,明朝
20849,张清雅,未知,明朝
20850,张介福,未知,明朝
20851,徐舫,未知,明朝
20852,杨恒,未知,明朝
20853,陈洄,未知,明朝
20854,吴海,未知,明朝
20855,刘闵,未知,明朝
20856,杨黼,未知,明朝
20857,孙一元,未知,明朝
20858,陈继儒,未知,明朝
20859,葛干孙,未知,明朝
20860,倪维德,未知,明朝
20861,周汉卿,未知,明朝
20862,袁珙,未知,明朝
20863,袁忠彻,未知,明朝
20864,盛寅,未知,明朝
20865,同寅,未知,明朝
20866,吴杰,未知,明朝
20867,凌云,未知,明朝
20868,周述学,未知,明朝
20869,张正常,未知,明朝
20870,陈公,未知,明朝
20871,马全,未知,明朝
20872,张麒,未知,明朝
20873,胡荣,未知,明朝
20874,孙继宗,未知,明朝
20875,吴安,未知,明朝
20876,钱贵,未知,明朝
20877,汪泉,未知,明朝
20878,杭昱,未知,明朝
20879,万贵,未知,明朝
20880,邵喜,未知,明朝
20881,张峦,未知,明朝
20882,夏儒,未知,明朝
20883,陈万言,未知,明朝
20884,方锐,未知,明朝
20885,陈景行,未知,明朝
20886,李伟,未知,明朝
20887,郑承宪,未知,明朝
20888,王升,未知,明朝
20889,刘文炳,未知,明朝
20890,张国纪,未知,明朝
20891,侯显,未知,明朝
20892,金英,未知,明朝
20893,怀恩,未知,明朝
20894,梁芳,未知,明朝
20895,何鼎,未知,明朝
20896,蒋琮,未知,明朝
20897,谷大用,未知,明朝
20898,李芳,未知,明朝
20899,冯保,未知,明朝
20900,张鲸,未知,明朝
20901,陈增,未知,明朝
20902,陈奉,未知,明朝
20903,高淮,未知,明朝
20904,梁永,未知,明朝
20905,陈矩,未知,明朝
20906,王安,未知,明朝
20907,王体干,未知,明朝
20908,崔文升,未知,明朝
20909,张彝宪,未知,明朝
20910,高起潜,未知,明朝
20911,方正化,未知,明朝
20912,焦芳,未知,明朝
20913,曹元,未知,明朝
20914,张彩,未知,明朝
20915,曹钦程,未知,明朝
20916,王绍徽,未知,明朝
20917,霍维华,未知,明朝
20918,阎鸣泰,未知,明朝
20919,贾继春,未知,明朝
20920,田尔耕,未知,明朝
20921,门达,未知,明朝
20922,李孜省,未知,明朝
20923,继晓,未知,明朝
20924,许泰,未知,明朝
20925,钱宁,未知,明朝
20926,陆炳,未知,明朝
20927,邵元节,未知,明朝
20928,陶仲文,未知,明朝
20929,顾可学,未知,明朝
20930,陈宁,未知,明朝
20931,陈瑛,未知,明朝
20932,严世蕃,未知,明朝
20933,也先,未知,明朝
20934,尚可喜,蓝武,明朝
20935,朱允炆,未知,明朝
20936,朱棣,未知,明朝
20937,朱高炽,未知,明朝
20938,朱瞻基,未知,明朝
20939,朱祁镇,未知,明朝
20940,朱祁钰,未知,明朝
20941,朱见深,未知,明朝
20942,朱佑樘,未知,明朝
20943,朱厚照,未知,明朝
20944,朱厚熜,未知,明朝
20945,朱载垕,未知,明朝
20946,朱翊钧,未知,明朝
20947,朱常洛,未知,明朝
20948,朱由校,未知,明朝
20949,朱由检,未知,明朝
20950,高皇后,未知,明朝
20951,愍周皇后,未知,明朝
20952,田贵妃,未知,明朝
20953,朱佑杬,未知,明朝
20954,朱桢,未知,明朝
20955,朱榑,未知,明朝
20956,朱梓,未知,明朝
20957,朱檀,未知,明朝
20958,朱椿,未知,明朝
20959,朱柏,未知,明朝
20960,朱桂,未知,明朝
20961,朱逊燂,未知,明朝
20962,朱逊烇,未知,明朝
20963,朱楧,未知,明朝
20964,朱瞻焰,未知,明朝
20965,朱植,未知,明朝
20966,朱橞,未知,明朝
20967,朱松,未知,明朝
20968,朱模,未知,明朝
20969,朱楹,未知,明朝
20970,朱桱,未知,明朝
20971,朱栋,未知,明朝
20972,朱守谦,未知,明朝
20973,朱雄英,未知,明朝
20974,朱允熥,未知,明朝
20975,朱允熞,未知,明朝
20976,朱高燧,未知,明朝
20977,朱厚煜,未知,明朝
20978,朱瞻墉,未知,明朝
20979,朱瞻垠,未知,明朝
20980,朱瞻墡,未知,明朝
20981,朱佑楒,未知,明朝
20982,朱瞻堈,未知,明朝
20983,朱瞻墺,未知,明朝
20984,朱瞻垲,未知,明朝
20985,朱瞻埏,未知,明朝
20986,朱见潾,未知,明朝
20987,朱佑榕,未知,明朝
20988,朱见淳,未知,明朝
20989,朱见澍,未知,明朝
20990,朱见泽,未知,明朝
20991,朱见浚,未知,明朝
20992,朱见治,未知,明朝
20993,朱见沛,未知,明朝
20994,朱厚爝,未知,明朝
20995,朱载埨,未知,明朝
20996,朱见济,未知,明朝
20997,朱佑极,未知,明朝
20998,朱佑棆,未知,明朝
20999,朱佑槟,未知,明朝
21000,朱佑楎,未知,明朝
21001,朱佑榰,未知,明朝
21002,朱佑梈,未知,明朝
21003,朱佑橓,未知,明朝
21004,朱佑枢,未知,明朝
21005,朱佑楷,未知,明朝
21006,朱载基,未知,明朝
21007,朱载圳,未知,明朝
21008,朱载啇,未知,明朝
21009,朱载沴,未知,明朝
21010,朱翊釴,未知,明朝
21011,朱翊铃,未知,明朝
21012,朱翊镠,未知,明朝
21013,朱常溆,未知,明朝
21014,朱常治,未知,明朝
21015,朱常浩,未知,明朝
21016,朱常润,未知,明朝
21017,朱常溥,未知,明朝
21018,朱由楫,未知,明朝
21019,朱由模,未知,明朝
21020,朱由栩,未知,明朝
21021,朱由橏,未知,明朝
21022,朱慈然,未知,明朝
21023,朱慈焴,未知,明朝
21024,朱慈炅,未知,明朝
21025,朱慈烺,未知,明朝
21026,朱慈烜,未知,明朝
21027,朱慈炯,未知,明朝
21028,朱慈昭,未知,明朝
21029,伯颜子中,未知,明朝
21030,把匝剌瓦尔密,未知,明朝
21031,胡皇后,未知,明朝
21032,郭嫔,未知,明朝
21033,周太后,未知,明朝
21034,汪废后,未知,明朝
21035,吴废后,未知,明朝
21036,纪太后,未知,明朝
21037,邵太后,未知,明朝
21038,万贵妃,未知,明朝
21039,夏皇后,未知,明朝
21040,张废后,绿文,明朝
21041,杜太后,未知,明朝
21042,李皇后,未知,明朝
21043,李太后,未知,明朝
21044,神宗郑贵妃,未知,明朝
21045,刘太后,未知,明朝
21046,李康妃,未知,明朝
21047,李庄妃,未知,明朝
21048,赵选侍,未知,明朝
21049,张裕妃,未知,明朝
21050,康皇后,未知,明朝
21051,吕太后,未知,明朝
21052,献皇后,未知,明朝
21053,朱楠,未知,明朝
21054,朱常淓,未知,明朝
21055,临安公主,绿文,明朝
21056,崇宁公主,未知,明朝
21057,安庆公主,未知,明朝
21058,汝宁公主,未知,明朝
21059,怀庆公主,未知,明朝
21060,大名公主,未知,明朝
21061,福清公主,未知,明朝
21062,十三公主,未知,明朝
21063,含山公主,未知,明朝
21064,宝庆公主,未知,明朝
21065,福成公主,未知,明朝
21066,庆阳公主,未知,明朝
21067,江都公主,未知,明朝
21068,宜伦郡主,未知,明朝
21069,南平郡主,未知,明朝
21070,安成公主,未知,明朝
21071,咸宁公主,未知,明朝
21072,常宁公主,未知,明朝
21073,嘉兴公主,未知,明朝
21074,庆都公主,未知,明朝
21075,德安公主,未知,明朝
21076,顺德公主,未知,明朝
21077,常德公主,未知,明朝
21078,重庆公主,未知,明朝
21079,嘉善公主,未知,明朝
21080,淳安公主,未知,明朝
21081,崇德公主,未知,明朝
21082,宜兴公主,未知,明朝
21083,隆庆公主,未知,明朝
21084,嘉祥公主,未知,明朝
21085,固安公主,未知,明朝
21086,仁和公主,未知,明朝
21087,长泰公主,未知,明朝
21088,仙游公主,未知,明朝
21089,永淳公主,未知,明朝
21090,善化公主,未知,明朝
21091,常安公主,未知,明朝
21092,思柔公主,未知,明朝
21093,宁安公主,未知,明朝
21094,归善公主,未知,明朝
21095,蓬莱公主,未知,明朝
21096,寿阳公主,未知,明朝
21097,瑞安公主,未知,明朝
21098,荣昌公主,未知,明朝
21099,寿宁公主,未知,明朝
21100,怀淑公主,未知,明朝
21101,宁德公主,未知,明朝
21102,遂平公主,未知,明朝
21103,乐安公主,未知,明朝
21104,坤仪公主,未知,明朝
21105,昭仁公主,未知,明朝
21106,答禄与权,未知,明朝
21107,龙溪六生,未知,明朝
21108,台温二樵,未知,明朝
21109,欧阳一敬,未知,明朝
21110,欧阳东凤,未知,明朝
21111,皇甫仲和,未知,明朝
21112,马秀英,未知,明朝
21113,钱锦鸾,未知,明朝
21114,张宝珠,未知,明朝
21115,周玉凤,未知,明朝
21116,孝庄睿皇后,绿文,明朝
21117,孝静毅皇后,绿文,明朝
21118,恭献妃,绿文,明朝
21119,孝恭章皇后,绿文,明朝
21120,孝纯太后,绿文,明朝
21121,孝肃皇后,绿文,明朝
21122,仁孝文皇后,绿文,明朝
21123,庄烈愍皇后,绿文,明朝
21124,惠帝马皇后,绿文,明朝
21125,仁孝徐皇后,绿文,明朝
21126,诚孝张皇后,绿文,明朝
21127,恭让胡皇后,绿文,明朝
21128,孝恭孙皇后,绿文,明朝
21129,孝庄钱皇后,绿文,明朝
21130,孝肃周太后,绿文,明朝
21131,景帝汪废后,绿文,明朝
21132,肃孝杭皇后,绿文,明朝
21133,宪宗吴废后,绿文,明朝
21134,孝贞王皇后,绿文,明朝
21135,孝穆纪太后,绿文,明朝
21136,孝惠邵太后,绿文,明朝
21137,孝康张皇后,绿文,明朝
21138,孝静夏皇后,绿文,明朝
21139,孝洁陈皇后,绿文,明朝
21140,刘义叟,蓝色,宋朝
21141,孝烈方皇后,绿文,明朝
21142,孝恪杜太后,绿文,明朝
21143,孝懿李皇后,绿文,明朝
21144,孝安陈皇后,绿文,明朝
21145,孝定李太后,绿文,明朝
21146,孝端王皇后,绿文,明朝
21147,孝靖王太后,绿文,明朝
21148,孝元郭皇后,绿文,明朝
21149,孝和太后,绿文,明朝
21150,孝纯刘太后,绿文,明朝
21151,懿安张皇后,绿文,明朝
21152,蔡升,未知,明朝
21153,蔡文,未知,明朝
21154,曹佺,未知,明朝
21155,陈中,未知,明朝
21156,陈铎,未知,明朝
21157,戴重,未知,明朝
21158,戴弁,未知,明朝
21159,丁雄,未知,明朝
21160,高出,未知,明朝
21161,高该,未知,明朝
21162,高廉,未知,明朝
21163,葛成,未知,明朝
21164,何白,未知,明朝
21165,郭文,未知,明朝
21166,贺士,未知,明朝
21167,胡墩,未知,明朝
21168,胡奎,未知,明朝
21169,黄瑾,未知,明朝
21170,黎淳,未知,明朝
21171,李庚,未知,明朝
21172,李江,未知,明朝
21173,李辂,未知,明朝
21174,陆铨,未知,明朝
21175,吕寅,未知,明朝
21176,罗庄,未知,明朝
21177,苗蕃,未知,明朝
21178,莫止,未知,明朝
21179,彭继,未知,明朝
21180,普辉,未知,明朝
21181,祈顺,未知,明朝
21182,钱福,未知,明朝
21183,丘睿,未知,明朝
21184,邱濬,未知,明朝
21185,桑悦,未知,明朝
21186,沈□,未知,明朝
21187,沈庆,未知,明朝
21188,沈野,未知,明朝
21189,宋源,未知,明朝
21190,宋濂,未知,明朝
21191,宋琰,未知,明朝
21192,苏平,未知,明朝
21193,孙纲,未知,明朝
21194,孙国,未知,明朝
21195,唐皋,未知,明朝
21196,唐果,未知,明朝
21197,田琯,未知,明朝
21198,屠达,未知,明朝
21199,王翰,未知,明朝
21200,叶赫那拉·德恒,未知,清朝
21201,汤姆·冈,绿色,文学
21202,王苹,未知,明朝
21203,王尚,未知,明朝
21204,王问,未知,明朝
21205,王逊,未知,明朝
21206,吴隐,未知,明朝
21207,伍福,未知,明朝
21208,徐通,未知,明朝
21209,许炎,未知,明朝
21210,杨宏,未知,明朝
21211,喻栋,未知,明朝
21212,越英,未知,明朝
21213,曾迪,未知,明朝
21214,张旻,未知,明朝
21215,张岗,未知,明朝
21216,张谢,未知,明朝
21217,张岱,未知,明朝
21218,张寰,未知,明朝
21219,张鏊,未知,明朝
21220,张鳌,未知,明朝
21221,赵崡,未知,明朝
21222,赵裁,未知,明朝
21223,钟禧,未知,明朝
21224,周鼎,未知,明朝
21225,朱多,未知,明朝
21226,朱格,未知,明朝
21227,朱秩,未知,明朝
21228,朱昶,未知,明朝
21229,邹亮,未知,明朝
21230,晏璧,未知,明朝
21231,曹学全,未知,明朝
21232,陈凤悟,未知,明朝
21233,陈汉霞,未知,明朝
21234,陈日贞,未知,明朝
21235,陈襄古,未知,明朝
21236,陈袁凯,未知,明朝
21237,储良材,未知,明朝
21238,戴九灵,未知,明朝
21239,杜肇勋,未知,明朝
21240,冯时可,未知,明朝
21241,冯小青,未知,明朝
21242,傅若金,未知,明朝
21243,高应冕,未知,明朝
21244,高攀龙,绿色,明朝
21245,顾应祥,未知,明朝
21246,郭祖翼,未知,明朝
21247,洪翼圣,未知,明朝
21248,胡缵宗,未知,明朝
21249,黄伯善,未知,明朝
21250,黄虎臣,未知,明朝
21251,黄一鹏,未知,明朝
21252,经仁恒,未知,明朝
21253,李时行,未知,明朝
21254,李先芳,未知,明朝
21255,李于鳞,未知,明朝
21256,李岱毓,未知,明朝
21257,梁辰鱼,未知,明朝
21258,梁乔升,未知,明朝
21259,凌登名,未知,明朝
21260,刘汝南,未知,明朝
21261,鲁南丰,未知,明朝
21262,吕天成,未知,明朝
21263,马如玉,未知,明朝
21264,芒文缜,未知,明朝
21265,梅鼎祚,未知,明朝
21266,欧阳宏,未知,明朝
21267,钱希言,未知,明朝
21268,邱兆鳞,未知,明朝
21269,沈青崖,未知,明朝
21270,沈以潜,未知,明朝
21271,孙永思,未知,明朝
21272,谭元春,未知,明朝
21273,田荣超,未知,明朝
21274,汪大年,未知,明朝
21275,汪道令,未知,明朝
21276,汪玄锡,未知,明朝
21277,王嘉谟,未知,明朝
21278,王九清,未知,明朝
21279,王少华,未知,明朝
21280,王世懋,未知,明朝
21281,王叔承,未知,明朝
21282,王彦泓,未知,明朝
21283,王渔洋,未知,明朝
21284,王之浩,未知,明朝
21285,王致中,未知,明朝
21286,王稚登,未知,明朝
21287,王稚莹,未知,明朝
21288,谢肇制,未知,明朝
21289,徐维超,未知,明朝
21290,徐兴公,未知,明朝
21291,许邦才,未知,明朝
21292,许九皋,未知,明朝
21293,杨承鲲,未知,明朝
21294,杨观浩,未知,明朝
21295,杨光溥,未知,明朝
21296,杨桂楼,未知,明朝
21297,杨龙友,未知,明朝
21298,叶敬平,未知,明朝
21299,叶先登,未知,明朝
21300,叶于奇,未知,明朝
21301,殷士詹,未知,明朝
21302,于达真,未知,明朝
21303,余同麓,未知,明朝
21304,俞安期,未知,明朝
21305,袁中道,未知,明朝
21306,袁中郎,未知,明朝
21307,袁子让,未知,明朝
21308,袁宗道,未知,明朝
21309,张方贤,未知,明朝
21310,张廷美,未知,明朝
21311,张元凯,未知,明朝
21312,张志遥,未知,明朝
21313,周履靖,未知,明朝
21314,周南老,未知,明朝
21315,朱有炖,未知,明朝
21316,邹迪光,未知,明朝
21317,何和礼,未知,明朝
21318,黄娥,未知,明朝
21319,沈九娘,未知,明朝
21320,杜十娘,未知,明朝
21321,寇白门,未知,明朝
21322,卞敏,未知,明朝
21323,莴嫩娘,未知,明朝
21324,邵三,未知,明朝
21325,杨玉香,未知,明朝
21326,王翠翘,未知,明朝
21327,玉堂春,未知,明朝
21328,苏三,未知,明朝
21329,柳自华,未知,明朝
21330,马四娘,未知,明朝
21331,沈逢吉,未知,明朝
21332,郭桓,绿文,明朝
21333,孝烈皇后,绿文,明朝
21334,懿安皇后,绿文,明朝
21335,郑彩,未知,明朝
21336,孝靖太后,绿文,明朝
21337,孝康敬皇后,绿文,明朝
21338,孝安皇后,绿文,明朝
21339,孝恪皇后,绿文,明朝
21340,周采,绿文,明朝
21341,孝元贞皇后,绿文,明朝
21342,姚 涞,绿文,明朝
21343,溥儁,绿文,明朝
21344,孝懿庄皇后,绿文,明朝
21345,孝洁肃皇后,绿文,明朝
21346,文征明,绿文,明朝
21347,常建,绿色,文学
21348,王礀,绿色,文学
21349,叶清臣,绿色,文学
21350,章楶,绿色,文学
21351,朱服,绿色,文学
21352,陆放翁,绿色,文学
21353,许古,绿色,文学
21354,王渥,绿色,文学
21355,段成己,绿色,文学
21356,徐祯卿,绿色,文学
21357,陈维嵩,绿色,文学
21358,王士禛,绿色,文学
21359,厉鹗,绿色,文学
21360,卢前,绿色,文学
21361,郭小川,绿色,文学
21362,鲇川信夫,绿色,文学
21363,雨果·克劳斯,绿色,文学
21364,陆机,绿色,文学
21365,岑参,绿色,文学
21366,武元衡,绿色,文学
21367,张升,绿色,文学
21368,德里克·瓦尔科特,绿色,文学
21369,魏勇,绿色,文学
21370,张中孚,绿色,文学
21371,邓千江,绿色,文学
21372,哀长吉,绿色,文学
21373,孙磊,绿色,文学
21374,保尔·魏尔伦,绿色,文学
21375,朱穆,绿色,文学
21376,王十朋,绿色,文学
21377,屈复,绿色,文学
21378,乔治·戈登·拜伦,绿色,文学
21379,苏启元,绿色,文学
21380,古米廖夫,绿色,文学
21381,吕德安,绿色,文学
21382,徐江,绿色,文学
21383,桑克,绿色,文学
21384,康城,绿色,文学
21385,李亚伟,绿色,文学
21386,马永波,绿色,文学
21387,树才,绿色,文学
21388,缘音,绿色,文学
21389,梅迪契,绿色,文学
21390,梅赫达,绿色,文学
21391,菲利普·弗伦诺,绿色,文学
21392,威廉·柯伦·布赖恩特,绿色,文学
21393,曼德尔施塔姆,绿色,文学
21394,巴什拉,绿色,文学
21395,白居易,蓝色,文学
21396,切·米沃什,绿色,文学
21397,陈子昂,蓝色,文学
21398,戴叔伦,绿色,文学
21399,秦嘉,绿色,文学
21400,梁鸿,绿色,文学
21401,阿波利奈尔,绿色,文学
21402,冯至,绿色,文学
21403,李贺,绿色,文学
21404,忒奥克里托斯,绿色,文学
21405,邝露,绿色,文学
21406,李白,蓝文,文学
21407,李洞,绿色,文学
21408,宋非,绿色,文学
21409,骆一禾,绿色,文学
21410,孟浩然,蓝文,文学
21411,高岑,绿色,文学
21412,陶潜,蓝色,文学
21413,王昌龄,绿色,文学
21414,威廉·卡洛斯·威廉姆斯,绿色,文学
21415,伊拉兹马斯·达尔文,绿色,文学
21416,奥底修斯·埃利蒂斯,绿色,文学
21417,杨小滨,绿色,文学
21418,耶胡达·阿米亥,绿色,文学
21419,叶维廉,绿色,文学
21420,犹海龙,绿色,文学
21421,章平,绿色,文学
21422,艾卜·努瓦斯,绿色,文学
21423,韦应物,绿色,文学
21424,元白,绿色,文学
21425,艾米莉·迪金森,绿色,文学
21426,陆忆敏,绿色,文学
21427,萧观音,绿色,文学
21428,马蒂,绿色,文学
21429,屈平,绿色,文学
21430,孙洙,绿色,文学
21431,蔡梦慰,绿色,文学
21432,陆游,紫文,文学
21433,袁枚,绿色,文学
21434,阿莱克桑德雷·梅洛,绿色,文学
21435,魏玩,绿色,文学
21436,杜牧,蓝色,文学
21437,罗隐,绿色,文学
21438,柳宗元,紫文,文学
21439,韩愈,紫文,文学
21440,艾布·阿塔希叶,绿色,文学
21441,侯珏,绿色,文学
21442,正冈子规,绿色,文学
21443,谢偃,绿色,文学
21444,蔡允恭,绿色,文学
21445,王债,绿色,文学
21446,里尔克,绿色,文学
21447,袁水拍,绿色,文学
21448,松尾芭蕉,绿色,文学
21449,孟郊,绿色,文学
21450,綦毋潜,绿色,文学
21451,卢纶,绿色,文学
21452,王湾,绿色,文学
21453,祖咏,绿色,文学
21454,杜审言,绿色,文学
21455,常健,绿色,文学
21456,傅天琳,绿色,文学
21457,阿尔图尔·兰波,绿色,文学
21458,济慈,绿色,文学
21459,陈邦彦,绿色,文学
21460,埃里克·阿克塞尔·卡尔费尔特,绿色,文学
21461,翁万达,绿色,文学
21462,贾景德,绿色,文学
21463,骆宾王,绿色,文学
21464,陈克,绿色,文学
21465,科尔特斯,绿色,文学
21466,阎朝隐,绿色,文学
21467,叶塞宁,绿色,文学
21468,卡夫列拉·米斯特拉尔,绿色,文学
21469,戈麦,绿色,文学
21470,晁补之,绿色,文学
21471,陆蠡,绿色,文学
21472,左棻,绿色,文学
21473,安年斯基,绿色,文学
21474,王维,绿色,文学
21475,马雷伯,绿色,文学
21476,贺知章,绿色,文学
21477,段氏点,绿色,文学
21478,李商隐,绿色,文学
21479,狄兰·托马斯,绿色,文学
21480,亚历山大蒲柏,绿色,文学
21481,贺继新,绿色,文学
21482,巴尔蒙特,绿色,文学
21483,伊沙,绿色,文学
21484,洛赫维茨卡娅,绿色,文学
21485,库兹明,绿色,文学
21486,克鲁乔内赫,绿色,文学
21487,林无隐,绿色,文学
21488,刘方平,绿色,文学
21489,奥列申,绿色,文学
21490,谢维里亚宁,绿色,文学
21491,索洛维约夫,绿色,文学
21492,费特,绿色,文学
21493,赫列勃尼科夫,绿色,文学
21494,霍达谢维奇,绿色,文学
21495,茨维塔耶娃,绿色,文学
21496,勃留索夫,绿色,文学
21497,丁尼生,绿色,文学
21498,苏洵,紫文,文学
21499,捧剑仆,绿色,文学
21500,皇甫松,绿色,文学
21501,韦庄,绿色,文学
21502,窦牟,绿色,文学
21503,范之杰,绿色,文学
21504,王同星,绿色,文学
21505,瓦·勃留索夫,绿色,文学
21506,维斯瓦娃·希姆博尔斯卡,绿色,文学
21507,孙文波,绿色,文学
21508,肖开愚,绿色,文学
21509,邹荻帆,绿色,文学
21510,兰波,绿色,文学
21511,冯班,绿色,文学
21512,艾伦·金斯伯格,绿色,文学
21513,古拉兰萨,绿色,文学
21514,北岛,绿色,文学
21515,奥登,绿色,文学
21516,文及翁,绿色,文学
21517,童天鉴,绿色,文学
21518,林景熙,绿色,文学
21519,何绍基,绿色,文学
21520,穆特朗,绿色,文学
21521,张乔,绿色,文学
21522,祝允明,绿色,文学
21523,克劳森,绿色,文学
21524,章孝标,绿色,文学
21525,章八元,绿色,文学
21526,章碣,绿色,文学
21527,馨迪,绿色,文学
21528,多恩,绿色,文学
21529,卡蒙斯,绿色,文学
21530,悔余生,绿色,文学
21531,渥雷·索因卡,绿色,文学
21532,松永贞德,绿色,文学
21533,西默斯·希尼,绿色,文学
21534,塔杜施·鲁热维奇,绿色,文学
21535,约翰·阿什贝利,绿色,文学
21536,吉皮乌斯,绿色,文学
21537,伊凡·哥尔,绿色,文学
21538,安东尼奥·马查多,绿色,文学
21539,梅利尔,绿色,文学
21540,卡瓦菲斯,绿色,文学
21541,伽姆扎托夫,绿色,文学
21542,彼得·霍恩,绿色,文学
21543,安娜·布兰迪亚娜,绿色,文学
21544,马里奥·贝内德蒂,绿色,文学
21545,菲利普·拉金,绿色,文学
21546,连耀林,绿色,文学
21547,连春,绿色,文学
21548,金昌绪,绿色,文学
21549,完颜璟,绿色,文学
21550,阿曼尼萨汗,绿色,文学
21551,玉素甫·哈吉甫,绿色,文学
21552,彭斯,绿色,文学
21553,擦珠·阿旺洛桑,绿色,文学
21554,李绮青,绿色,文学
21555,埃德加·艾伦坡,绿色,文学
21556,唐玄宗,蓝色,文学
21557,七大家,蓝色,文学
21558,浔阳三隐,蓝色,文学
21559,杜甫,蓝色,文学
21560,陶渊明故里,蓝色,文学
21561,温庭筠,绿色,文学
21562,李煜,绿色,文学
21563,徐志摩,绿色,文学
21564,曾几,绿色,文学
21565,黄遵宪,绿色,文学
21566,卢藏用,绿色,文学
21567,张枢,绿色,文学
21568,郭沫若,绿色,文学
21569,竹林七贤,绿色,文学
21570,马戴,绿色,文学
21571,维吉尔,绿色,文学
21572,黄公度,绿色,文学
21573,威廉·华兹华斯,绿色,文学
21574,朱妙端,绿色,文学
21575,菲利普·锡德尼,绿色,文学
21576,谢道韫,绿色,文学
21577,林徽因,绿色,文学
21578,杨炯,绿色,文学
21579,宋之问,绿色,文学
21580,垂虹桥,绿色,文学
21581,窦群,绿色,文学
21582,陈明德,绿色,文学
21583,大谢,绿色,文学
21584,沃尔特·惠特曼,绿色,文学
21585,海子,绿色,文学
21586,卞之琳,绿色,文学
21587,芦荻,绿色,文学
21588,郑愁予,绿色,文学
21589,保尔·福尔,绿色,文学
21590,裴让之,绿色,文学
21591,吴芳吉,绿色,文学
21592,沈光,绿色,文学
21593,魏了翁,绿色,文学
21594,吴梅村,绿色,文学
21595,仓央嘉措,绿色,文学
21596,陆树声,绿色,文学
21597,阴懋德,绿色,文学
21598,杨金华,绿色,文学
21599,杭约赫,绿色,文学
21600,唐湜,绿色,文学
21601,孔平仲,绿色,文学
21602,洪咨夔,绿文,文学
21603,谢庄,绿色,文学
21604,吴渭,绿色,文学
21605,戴复古,绿色,文学
21606,刘望之,绿色,文学
21607,阎苍舒,绿色,文学
21608,赫西俄德,绿色,文学
21609,郑珍,绿色,文学
21610,商挺,绿色,文学
21611,薛据,绿色,文学
21612,巴勃鲁·聂鲁达,绿色,文学
21613,薛存诚,绿色,文学
21614,朵渔,绿色,文学
21615,戴望舒,绿色,文学
21616,权德舆,绿色,文学
21617,上官予,绿色,文学
21618,欧仁·鲍狄埃,绿色,文学
21619,约瑟夫·布罗茨基,绿色,文学
21620,程梦星,绿色,文学
21621,斯蒂文森,绿色,文学
21622,阮攸,绿色,文学
21623,江瀚,绿色,文学
21624,李益,绿色,文学
21625,阮章竞,绿色,文学
21626,彼特拉克,绿色,文学
21627,吕夷简,绿色,文学
21628,戴良,绿色,文学
21629,蒋士铨,绿色,文学
21630,木朵,绿色,文学
21631,王贞白,绿色,文学
21632,病起书怀,绿色,文学
21633,许浑,绿色,文学
21634,短歌行,绿色,文学
21635,诗人,绿色,文学
21636,顾贞观,绿色,文学
21637,元结,绿色,文学
21638,潘漠子,绿色,文学
21639,杨义巢,绿色,文学
21640,王仪,绿色,文学
21641,罗伯特·弗罗斯特,绿色,文学
21642,王仲武,绿色,文学
21643,刘惠恕,绿色,文学
21644,克莱芒·马罗,绿色,文学
21645,渡边顺三,绿色,文学
21646,护河镇,绿色,文学
21647,勒内·夏尔,绿色,文学
21648,江总,绿色,文学
21649,赫西奥德,绿色,文学
21650,肖立,绿色,文学
21651,杨伯平,绿色,文学
21652,刘克庄,绿色,文学
21653,邹衍谷,绿色,文学
21654,出自蓟北门行,绿色,文学
21655,千里思,绿色,文学
21656,少年行其三,绿色,文学
21657,紫骝马,绿色,文学
21658,会别离,绿色,文学
21659,折杨柳,绿色,文学
21660,冬日归旧山,绿色,文学
21661,戏赠杜甫,绿色,文学
21662,对雨,绿色,文学
21663,宣州长史弟昭赠余琴溪中双,绿色,文学
21664,初月,绿色,文学
21665,宋琬,绿色,文学
21666,高家村,绿色,文学
21667,张耒祖籍,绿色,文学
21668,竹坡诗话,绿色,文学
21669,白夫,绿色,文学
21670,李含章,绿色,文学
21671,完颜璹,绿色,文学
21672,方娥真,绿色,文学
21673,斯特芳·马拉美,绿色,文学
21674,李之仪,绿色,文学
21675,吴文英,绿色,文学
21676,贺双卿,绿色,文学
21677,吴晨骏,绿色,文学
21678,万夏,绿色,文学
21679,华兹华斯,绿色,文学
21680,罗伯特·彭斯,绿色,文学
21681,薛涛纸,绿色,文学
21682,舒婷,绿色,文学
21683,孔稚珪,绿色,文学
21684,谢惠连,绿色,文学
21685,何逊,绿色,文学
21686,庾肩吾,绿色,文学
21687,徐陵,绿色,文学
21688,徐摛,绿色,文学
21689,蒋薛,绿色,文学
21690,蒋侠,绿色,文学
21691,查慎行,绿色,文学
21692,范述曾,绿色,文学
21693,李用,绿色,文学
21694,伊丽莎白·芭蕾特·布朗宁,绿色,文学
21695,埃德蒙·斯宾塞,绿色,文学
21696,托马斯·格雷,绿色,文学
21697,约翰·盖伊,绿色,文学
21698,谢默斯·希尼,绿色,文学
21699,莱蒙托夫,绿色,文学
21700,约翰·多恩,绿色,文学
21701,韩缜,绿色,文学
21702,赵令畤,绿色,文学
21703,晁端礼,绿色,文学
21704,程垓,绿色,文学
21705,李玉,绿色,文学
21706,曹组,绿色,文学
21707,蔡伸,绿色,文学
21708,伊万·克雷洛夫,绿色,文学
21709,金金,绿色,文学
21710,约翰·萨克林,绿色,文学
21711,汤婷婷,绿色,文学
21712,黎·穆塔里甫,绿色,文学
21713,艾里坎木·艾合坦木,绿色,文学
21714,张楚,绿色,文学
21715,托马斯·怀特,绿色,文学
21716,詹姆斯·汤姆逊,绿色,文学
21717,莱阿门,绿色,文学
21718,威廉·兰格伦,绿色,文学
21719,埃德温·阿林顿·罗宾逊,绿色,文学
21720,华伦,绿色,文学
21721,吉卜林,绿色,文学
21722,托马斯·胡德,绿色,文学
21723,查良铮,绿色,文学
21724,阿瑟·兰波,绿色,文学
21725,罗伯特·骚塞,绿色,文学
21726,张祜,绿色,文学
21727,李晋,绿色,文学
21728,张枣,绿色,文学
21729,臧棣,绿色,文学
21730,余怒,绿色,文学
21731,罗寄一,绿色,文学
21732,廖伟棠,绿色,文学
21733,吕叶,绿色,文学
21734,范想,绿色,文学
21735,小海,绿色,文学
21736,谢尔盖·亚历山德罗维奇,绿色,文学
21737,蓝蓝,绿色,文学
21738,勃朗宁夫人,绿色,文学
21739,彼得拉克,绿色,文学
21740,林和靖,绿色,文学
21741,约翰·德莱顿,绿色,文学
21742,万楚,绿色,文学
21743,李铎,绿色,文学
21744,西渡,绿色,文学
21745,辛笛,绿色,文学
21746,沈浩波,绿色,文学
21747,巫昂,绿色,文学
21748,胡续冬,绿色,文学
21749,豪普特曼,绿色,文学
21750,宋湘,绿色,文学
21751,奥敦周卿,绿色,文学
21752,昌耀,绿色,文学
21753,顾城,绿色,文学
21754,多多,绿色,文学
21755,诗阳,绿色,文学
21756,何塞·埃切加赖,绿色,文学
21757,比昂斯腾·比昂松,绿色,文学
21758,现代诗,绿色,文学
21759,陈衍,绿色,文学
21760,珀西·比希·雪莱,绿色,文学
21761,李频,绿色,文学
21762,罗赛蒂,绿色,文学
21763,欧阳江河,绿色,文学
21764,翟永明,绿色,文学
21765,江河,绿色,文学
21766,高楠,绿色,文学
21767,任汲,绿色,文学
21768,先汪,绿色,文学
21769,塞缪尔·泰勒·柯尔律治,绿色,文学
21770,严力,绿色,文学
21771,威廉·布莱克,绿色,文学
21772,司空图,绿色,文学
21773,杜荀鹤,绿色,文学
21774,温秀,绿色,文学
21775,韩笑,绿色,文学
21776,埃兹拉·庞德,绿色,文学
21777,朱硕爋,绿色,文学
21778,守常,绿色,文学
21779,阿垅,绿色,文学
21780,毛奇龄,绿色,文学
21781,温其恭,绿色,文学
21782,邹宪章,绿色,文学
21783,温同瑛,绿色,文学
21784,杨祖凯,绿色,文学
21785,梁化龙,绿色,文学
21786,赵彝凭,绿色,文学
21787,赵毓驹,绿色,文学
21788,洪维翰,绿色,文学
21789,马达奇,绿色,文学
21790,李敬方,绿色,文学
21791,叶封,绿色,文学
21792,王之涣,绿色,文学
21793,王老九,蓝色,文学
21794,惠特曼,绿色,文学
21795,诗佛,绿色,文学
21796,苏晋,绿色,文学
21797,周权,绿色,文学
21798,吴伟业,绿色,文学
21799,乐雷发,绿色,文学
21800,杨旨廉,绿色,文学
21801,陈炼金,绿色,文学
21802,龚闻钵,绿色,文学
21803,曾巽,绿色,文学
21804,温谣光,绿色,文学
21805,梁宗鲁,绿色,文学
21806,赵大中,绿色,文学
21807,傅同人,绿色,文学
21808,王友亮,绿色,文学
21809,包佶,绿色,文学
21810,吴铭道,绿色,文学
21811,尼扎里,绿色,文学
21812,汪承栋,绿色,文学
21813,柳亚子,绿色,文学
21814,崔宗之,绿色,文学
21815,贺敬之,蓝色,文学
21816,蓝奇,蓝色,文学
21817,刘仲尧,绿色,文学
21818,刘懋森,绿色,文学
21819,冯复征,绿色,文学
21820,娄先坤,绿色,文学
21821,蒋铭炳,绿色,文学
21822,冯元霔,绿色,文学
21823,赵式谟,绿色,文学
21824,王元开,绿色,文学
21825,杨季鸾,绿色,文学
21826,李九龄,绿色,文学
21827,周昙,绿色,文学
21828,库尔班阿里,绿色,文学
21829,康朗甩,绿色,文学
21830,孔庆珊,绿色,文学
21831,苏勃起,绿色,文学
21832,温庭钧,绿色,文学
21833,向德炎,蓝色,文学
21834,周国鼒,绿色,文学
21835,犹骥才,绿色,文学
21836,赵兴璠,绿色,文学
21837,赵旭,绿色,文学
21838,温耿光,绿色,文学
21839,冯曰璋,绿色,文学
21840,傅之奕,绿色,文学
21841,赵高峰,绿色,文学
21842,李涉,绿色,文学
21843,刘太乙,绿色,文学
21844,胡曾,绿色,文学
21845,李瑛,绿色,文学
21846,晓雪,绿色,文学
21847,罗伯特·佩·华伦,绿色,文学
21848,萧三,绿色,文学
21849,黄仲则,绿色,文学
21850,欧阳詹,绿色,文学
21851,杨显,绿色,文学
21852,周西成,绿色,文学
21853,令狐堃,绿色,文学
21854,赵从檠,绿色,文学
21855,蒋燮琦,绿色,文学
21856,温奎光,绿色,文学
21857,赵其恺,绿色,文学
21858,傅代铎,绿色,文学
21859,张笃庆,绿色,文学
21860,漆璘,绿色,文学
21861,宗元鼎,绿色,文学
21862,李小雨,绿色,文学
21863,闻捷,蓝色,文学
21864,金哲,绿色,文学
21865,铁依甫江·艾里耶夫,绿色,文学
21866,纳·赛音朝克图,绿色,文学
21867,克洛代尔,绿色,文学
21868,卡尔德隆·德·拉·巴尔卡,绿色,文学
21869,康白情,绿色,文学
21870,何孟春,绿色,文学
21871,顾景星,绿色,文学
21872,苏福,绿色,文学
21873,薛侃,绿色,文学
21874,王以慜,绿色,文学
21875,丘逢甲,绿色,文学
21876,黎简,绿色,文学
21877,冯桂芬,绿色,文学
21878,刘清韵,绿色,文学
21879,舒位,绿色,文学
21880,钱澄之,绿色,文学
21881,曹贞吉,绿色,文学
21882,陈维崧,绿色,文学
21883,姚天健,绿色,文学
21884,桑德堡,绿色,文学
21885,克里木·霍加,绿色,文学
21886,哈菲兹,绿色,文学
21887,柯尔律治,绿色,文学
21888,钱珝,绿色,文学
21889,艾米莉·狄金森,绿色,文学
21890,皇甫冲,绿色,文学
21891,洪亮吉,绿文,文学
21892,罗万杰,绿色,文学
21893,贾仲明,绿色,文学
21894,吴沃尧,绿色,文学
21895,魏禧,绿色,文学
21896,祖望,绿色,文学
21897,范当世,绿色,文学
21898,王士稹,绿色,文学
21899,李兆洛,绿文,文学
21900,陈恭尹,绿色,文学
21901,谢锡勋,绿色,文学
21902,梅尔维尔,绿色,文学
21903,包玉堂,绿色,文学
21904,高乃依,绿色,文学
21905,康朗英,绿色,文学
21906,陈陶,绿色,文学
21907,密茨凯维奇,绿色,文学
21908,陈衍虞,绿色,文学
21909,杨钟岳,绿色,文学
21910,祁隽藻,绿色,文学
21911,夏敬观,绿色,文学
21912,王昙,绿色,文学
21913,彭孙□,绿色,文学
21914,樊增祥,绿色,文学
21915,翁方纲,绿色,文学
21916,刘大魁,绿文,文学
21917,黄图□,绿色,文学
21918,陈沆,绿色,文学
21919,曾习经,绿色,文学
21920,樊发稼,绿色,文学
21921,惠蒂埃,绿色,文学
21922,饶阶巴桑,绿色,文学
21923,夸齐莫多,绿色,文学
21924,痖弦,绿色,文学
21925,弥尔顿,绿色,文学
21926,方干,绿色,文学
21927,高濂,绿色,文学
21928,方成培,绿色,文学
21929,金銮,绿色,文学
21930,王鹏运,绿色,文学
21931,姚莹,绿色,文学
21932,沈德潜,绿文,文学
21933,洪仁矸,绿色,文学
21934,贝青乔,绿色,文学
21935,吴绮,绿色,文学
21936,蒋景祁,绿色,文学
21937,红兰女,绿色,文学
21938,范荑香,绿色,文学
21939,虹影,绿色,文学
21940,查理·金斯莱,绿色,文学
21941,巴·布尔贝赫,绿色,文学
21942,舒亶,绿色,文学
21943,何塞·黎萨,绿色,文学
21944,宫天挺,绿色,文学
21945,梁佩兰,绿色,文学
21946,高叔嗣,蓝色,文学
21947,顾大典,绿色,文学
21948,况周颐,绿色,文学
21949,谭献,绿色,文学
21950,吴锡麒,绿色,文学
21951,顾春,绿色,文学
21952,田间,绿色,文学
21953,施闰章,绿色,文学
21954,彭兆荪,绿色,文学
21955,黄景仁,绿色,文学
21956,黄宝阁,绿色,文学
21957,叶璧华,绿色,文学
21958,洛威尔,绿色,文学
21959,朗费罗,绿色,文学
21960,豪夫,绿色,文学
21961,冯乃超,绿色,文学
21962,布朗宁夫人,绿色,文学
21963,泰弋尔,绿色,文学
21964,李清照,绿色,文学
21965,刘允,蓝色,文学
21966,陈师道,绿色,文学
21967,埃乌杰尼奥·蒙塔莱,绿色,文学
21968,纪廉,绿色,文学
21969,郭震,绿色,文学
21970,衡山居士,绿色,文学
21971,叶绍翁,绿文,文学
21972,安赫尔·阿斯图里亚斯,绿色,文学
21973,崔涂,蓝色,文学
21974,道潜,绿色,文学
21975,石康,绿色,文学
21976,阿尔蒂尔·兰波,绿色,文学
21977,索因卡,绿色,文学
21978,穆太奈比,绿色,文学
21979,僧皎然,绿色,文学
21980,敖陶孙,绿色,文学
21981,顾洛,绿色,文学
21982,张穆,绿色,文学
21983,布罗茨基,绿色,文学
21984,胡铨,绿色,文学
21985,皇甫冉,绿色,文学
21986,爱莲居士,绿色,文学
21987,邓光荐,蓝色,文学
21988,华岳,绿色,文学
21989,沈从文,绿色,文学
21990,格日勒其木格·黑鹤,绿色,文学
21991,仇远,绿色,文学
21992,笛福,绿色,文学
21993,周汝昌,蓝色,文学
21994,玛克西姆·高尔基,绿色,文学
21995,郭绍虞,蓝色,文学
21996,柳开,绿色,文学
21997,穆修,绿色,文学
21998,高翥,蓝色,文学
21999,刘过,绿色,文学
22000,李觏,绿色,文学
22001,雷发,蓝色,文学
22002,李□,绿色,文学
22003,张华,绿色,文学
22004,史浩,蓝色,文学
22005,夏巴尼,绿色,文学
22006,王禹□,绿色,文学
22007,樊逊,绿色,文学
22008,一然,绿色,文学
22009,薛用弱,蓝色,文学
22010,王思任,绿色,文学
22011,容庚,绿色,文学
22012,安德烈·保尔·吉约姆·纪德,绿色,文学
22013,纳吉布·马哈,蓝色,文学
22014,川端康成,蓝色,文学
22015,索尔·贝娄,蓝色,文学
22016,黄庭坚,绿文,文学
22017,金爱平,绿色,文学
22018,杨亿,蓝色,文学
22019,贾谊,绿色,文学
22020,纳兰性德,绿色,文学
22021,徐干,绿色,文学
22022,刘桢,绿色,文学
22023,应玚,绿色,文学
22024,劳伦斯,绿色,文学
22025,西蒙·波娃,绿色,文学
22026,刘光舟,蓝色,文学
22027,董鼎山,绿色,文学
22028,张雨,蓝色,文学
22029,埃克多·马洛,绿色,文学
22030,江淹,蓝色,文学
22031,庾信,绿色,文学
22032,许有壬,绿色,文学
22033,王永生,蓝色,文学
22034,全祖望,绿色,文学
22035,曹伯启,蓝色,文学
22036,郑道昭,绿色,文学
22037,杨军,蓝色,文学
22038,朱帘秀,绿色,文学
22039,曾敦,蓝色,文学
22040,章世纯,绿色,文学
22041,曾协,绿色,文学
22042,曾肇,蓝色,文学
22043,西奥多·德莱塞,绿色,文学
22044,查尔斯·狄更斯,绿色,文学
22045,茹志鹃,蓝色,文学
22046,张洁,绿色,文学
22047,邢邵,绿色,文学
22048,鲍令晖,蓝色,文学
22049,刘孝标,绿色,文学
22050,谢脁,蓝色,文学
22051,萧纲,绿色,文学
22052,王褒,绿色,文学
22053,何劭,绿色,文学
22054,郭璞,蓝色,文学
22055,孙绰,绿色,文学
22056,陆云,蓝色,文学
22057,傅玄,绿色,文学
22058,左思,绿色,文学
22059,潘尼,绿色,文学
22060,丘迟,蓝色,文学
22061,潘岳,绿色,文学
22062,朱彝尊,蓝色,文学
22063,钱惟演,绿色,文学
22064,宋祁,绿文,文学
22065,汪藻,蓝色,文学
22066,高凯征,绿色,文学
22067,杭辛斋,绿色,文学
22068,吴均,蓝色,文学
22069,吴其昌,绿色,文学
22070,彭端淑男,绿色,文学
22071,郭连增,蓝色,文学
22072,森鸥外,绿色,文学
22073,塞万提斯,绿色,文学
22074,斯蒂芬·克莱恩,蓝色,文学
22075,乔纳森·斯威夫特,绿色,文学
22076,段成式,绿色,文学
22077,路遥,蓝色,文学
22078,歌德,绿色,文学
22079,程嘉燧,绿色,文学
22080,唐时升,绿色,文学
22081,李流芳,蓝色,文学
22082,娄坚,绿色,文学
22083,赵义山,绿色,文学
22084,宋庠,蓝色,文学
22085,海伦·凯勒,绿色,文学
22086,闻一多,绿色,文学
22087,郑思肖,蓝色,文学
22088,陈建功,绿色,文学
22089,维克多·雨果,绿色,文学
22090,赵忭,蓝色,文学
22091,彭端叔,绿色,文学
22092,施尼茨勒,蓝色,文学
22093,徐中玉,绿色,文学
22094,赖和,绿色,文学
22095,鲁迅,蓝色,文学
22096,周必大,绿色,文学
22097,毛姆,绿色,文学
22098,王寂,蓝色,文学
22099,杨梓,绿色,文学
22100,王伯成,绿色,文学
22101,辛愿,蓝色,文学
22102,宇文虚中,绿色,文学
22103,格林兄弟,绿色,文学
22104,加里·斯奈德,蓝色,文学
22105,华滋华斯,绿色,文学
22106,高特夫里特·凯勒,绿色,文学
22107,弗·普列舍伦,绿色,文学
22108,费·加·洛尔伽,绿色,文学
22109,白贲,蓝色,文学
22110,徐文长,绿色,文学
22111,果戈里,绿色,文学
22112,刘将孙,绿色,文学
22113,徐玑,蓝色,文学
22114,严忠济,绿色,文学
22115,朱庆余,绿色,文学
22116,孔萨利克,蓝色,文学
22117,保罗·福塞尔,绿色,文学
22118,菲茨杰拉德,绿色,文学
22119,伊夫·博纳富瓦,蓝色,文学
22120,耶胡达·阿米查依,绿色,文学
22121,胡震亨,绿色,文学
22122,周思源,蓝色,文学
22123,铃木虎雄,绿色,文学
22124,刘邵,绿色,文学
22125,屠格涅夫,蓝色,文学
22126,余光中,绿色,文学
22127,徐再思,蓝色,文学
22128,乔吉,绿色,文学
22129,陀斯妥耶夫斯基,绿色,文学
22130,杨朝英,绿色,文学
22131,善庆,蓝色,文学
22132,张玉娘,绿色,文学
22133,庾天锡,绿色,文学
22134,吴弘道,蓝色,文学
22135,马其昶,绿色,文学
22136,巴赫金,绿色,文学
22137,阴铿,蓝色,文学
22138,谢眺,绿色,文学
22139,王筠,绿色,文学
22140,韦孟,蓝色,文学
22141,刘逖,绿色,文学
22142,王僧达,绿色,文学
22143,孔稚圭,绿色,文学
22144,王俭,绿色,文学
22145,吴融,蓝色,文学
22146,孙汝兰,绿色,文学
22147,和凝,蓝色,文学
22148,李梦梨,绿色,文学
22149,赵嘏,蓝色,文学
22150,汪元量,绿色,文学
22151,吴可,蓝色,文学
22152,李嘉□,绿色,文学
22153,贾至,绿色,文学
22154,秦简夫,绿色,文学
22155,李孝光,绿色,文学
22156,吴激,蓝色,文学
22157,纪君祥,绿色,文学
22158,石君宝,绿色,文学
22159,邵亨贞,蓝色,文学
22160,尚仲贤,绿色,文学
22161,萨都剌,绿色,文学
22162,武汉臣,蓝色,文学
22163,陈汉元,绿色,文学
22164,阿马蒂亚·森,绿色,文学
22165,戴小华,蓝色,文学
22166,雅克·洛朗,绿色,文学
22167,安托万·布隆丹,绿色,文学
22168,罗歇·尼米埃,绿色,文学
22169,王恽,绿色,文学
22170,王和卿,蓝色,文学
22171,蔡松年,绿色,文学
22172,李纯甫,绿色,文学
22173,党怀英,蓝色,文学
22174,揭奚斯,绿色,文学
22175,康进之,蓝色,文学
22176,杜仁杰,绿色,文学
22177,顾瑛,绿色,文学
22178,费唐臣,蓝色,文学
22179,刘庭信,蓝色,文学
22180,刘迎,绿色,文学
22181,刘致,绿色,文学
22182,刘仲尹,蓝色,文学
22183,李文蔚,绿色,文学
22184,刘因,绿色,文学
22185,刘敏中,蓝色,文学
22186,李日华,绿色,文学
22187,刘侗,绿色,文学
22188,汤式,蓝色,文学
22189,王盘,绿色,文学
22190,聂大年,绿色,文学
22191,邱□,蓝色,文学
22192,王骥德,绿色,文学
22193,施绍莘,绿色,文学
22194,沈自晋,蓝色,文学
22195,诸葛青云,绿色,文学
22196,黄峨,绿色,文学
22197,周朝俊,蓝色,文学
22198,赵庆□,绿色,文学
22199,杨讷,绿色,文学
22200,王廷陈,蓝色,文学
22201,罗曼·罗兰,蓝色,文学
22202,海明威,蓝色,文学
22203,巴金,蓝色,文学
22204,曹雪芹,蓝色,文学
22205,老舍,蓝色,文学
22206,雨果,蓝色,文学
22207,高尔基,蓝色,文学
22208,马克·吐温,蓝色,文学
22209,华盛顿·欧文,蓝色,文学
22210,莎士比亚,蓝色,文学
22211,阿利盖利·但丁,蓝色,文学
22212,冰凌,蓝色,文学
22213,徐霖,绿色,文学
22214,张裕钊,绿色,文学
22215,李开先,绿色,文学
22216,蔡志忠,绿色,文学
22217,法朗士,绿色,文学
22218,张协,绿色,文学
22219,欧文·华莱士,绿色,文学
22220,司马相如,绿色,文学
22221,阿瑟·柯南道尔,绿色,文学
22222,大仲马,绿色,文学
22223,莫泊桑,绿色,文学
22224,普希金,绿色,文学
22225,本杰明·富兰克林,绿色,文学
22226,马丁·杜·伽尔,绿色,文学
22227,凡尔纳,绿色,文学
22228,王度庐,绿色,文学
22229,哈里·马丁松,绿色,文学
22230,伽·米斯特拉尔,绿色,文学
22231,乔治·塞非里斯,绿色,文学
22232,夸西莫多,绿色,文学
22233,欧杰尼奥·蒙塔莱,绿色,文学
22234,维森特·阿莱桑德雷,绿色,文学
22235,雅罗斯拉夫·塞弗尔特,绿色,文学
22236,奈保尔,绿色,文学
22237,沈雁冰,绿色,文学
22238,卫斯理,绿色,文学
22239,方回,绿文,文学
22240,杨循吉,绿色,文学
22241,袁凯,绿色,文学
22242,杨基,绿文,文学
22243,沈复,绿色,文学
22244,圣·德克旭贝里,绿色,文学
22245,孙原湘,绿色,文学
22246,陈忱,绿色,文学
22247,艾南英,绿色,文学
22248,茅坤,绿色,文学
22249,刘效祖,绿色,文学
22250,李梦阳,绿色,文学
22251,李昌祺,绿色,文学
22252,瞿佑,绿色,文学
22253,王慎中,绿色,文学
22254,郑证因,绿色,文学
22255,朱贞木,绿色,文学
22256,平江不肖生,绿色,文学
22257,斯蒂芬·巴特勒·李科克,绿色,文学
22258,狄更斯,绿色,文学
22259,杜拉斯,绿色,文学
22260,孙维祺,绿色,文学
22261,钟嗣成,绿色,文学
22262,周文质,绿色,文学
22263,张翰,绿色,文学
22264,撒路斯提乌斯,绿色,文学
22265,揭傒斯,绿色,文学
22266,莫里斯·勒布朗,绿色,文学
22267,秦观,绿色,文学
22268,鲁褒,绿色,文学
22269,束晳,绿色,文学
22270,王沈,绿色,文学
22271,东方朔,绿色,文学
22272,吉·阿波利奈尔,绿色,文学
22273,约翰·斯坦倍克,绿色,文学
22274,艾芙居里,绿色,文学
22275,林纾,绿色,文学
22276,丘特切夫,绿色,文学
22277,曾巩,绿文,文学
22278,汪道昆,蓝文,文学
22279,叶梦得,绿色,文学
22280,梅里美,绿色,文学
22281,沈璟,绿色,文学
22282,白行简,绿色,文学
22283,赵南星,绿色,文学
22284,李东阳,绿色,文学
22285,奥尔洛夫,绿色,文学
22286,蒙森,绿色,文学
22287,欧阳玄,绿色,文学
22288,李直夫,绿色,文学
22289,杨宗瑞,绿色,文学
22290,薛论道,绿色,文学
22291,钟惺,绿色,文学
22292,唐顺之,绿色,文学
22293,邵灿,绿文,文学
22294,朱有□,绿色,文学
22295,尤袤,绿色,文学
22296,凌蒙初,绿色,文学
22297,边贡,绿色,文学
22298,宋荦,绿色,文学
22299,李好古,绿色,文学
22300,段克己,绿色,文学
22301,蔡□,绿色,文学
22302,应璩,绿色,文学
22303,奥斯特洛夫斯基,绿色,文学
22304,盖达尔,绿色,文学
22305,冈察洛夫,绿色,文学
22306,乔万尼奥里,绿色,文学
22307,王九思,绿色,文学
22308,康海,绿色,文学
22309,王僧孺,绿色,文学
22310,王世贞,绿色,文学
22311,蒋光赤,绿色,文学
22312,契诃夫,绿色,文学
22313,米·布尔加科夫,绿色,文学
22314,福楼拜,绿色,文学
22315,莱曼·弗莱克·鲍姆,绿色,文学
22316,戈特弗里特·奥古斯特·毕尔格,绿色,文学
22317,彼得·梅尔,绿色,文学
22318,伊·伊里夫,绿色,文学
22319,埃德蒙多·德·亚米契斯,绿色,文学
22320,肯尼迪·格雷厄姆,绿色,文学
22321,梁周翰,绿色,文学
22322,西蒙诺夫,绿色,文学
22323,赵焕亭,绿色,文学
22324,杰罗姆·大卫·塞林格,绿色,文学
22325,阿尔丰斯·都德,绿色,文学
22326,小泉八云,绿色,文学
22327,伯内特,绿色,文学
22328,西默尔,绿色,文学
22329,乔治·爱略特,绿色,文学
22330,杜利特尔,绿色,文学
22331,利利恩克戎,绿色,文学
22332,弗兰科,绿色,文学
22333,古·阿·贝克尔,绿色,文学
22334,亨利·米肖,绿色,文学
22335,胡安·里奥斯,绿色,文学
22336,肯尼思·瑞克斯洛斯,绿色,文学
22337,卡尔·克罗洛,绿色,文学
22338,克·马洛,绿色,文学
22339,拉马丁,绿色,文学
22340,莱·马·里尔克,绿色,文学
22341,刘易斯·麦克尼斯,绿色,文学
22342,刘易斯·辛普森,绿色,文学
22343,玛格丽特·阿特伍德,绿色,文学
22344,密·瓜尔兑亚,绿色,文学
22345,涅克拉索夫,绿色,文学
22346,普列维尔,绿色,文学
22347,苏尔科夫,绿色,文学
22348,施企巴乔夫,绿色,文学
22349,特德·休斯,绿色,文学
22350,托马斯·特朗斯特罗默,绿色,文学
22351,威廉·斯塔福德,绿色,文学
22352,维尔特,绿色,文学
22353,沃·索英卡,绿色,文学
22354,沃莱斯·史蒂文斯,绿色,文学
22355,西·希内,绿色,文学
22356,西尔维娅·普拉斯,绿色,文学
22357,西蒙·达赫,绿色,文学
22358,谢甫琴科,绿色,文学
22359,杨·阿列柯山德鲁,绿色,文学
22360,蒋防,绿色,文学
22361,苏维托尼乌斯,绿色,文学
22362,裴铡,绿色,文学
22363,管道升,绿色,文学
22364,阿尔贝托·莫拉维亚,绿色,文学
22365,王梵志,绿色,文学
22366,刘鄂,绿色,文学
22367,万比洛夫,绿色,文学
22368,徐中行,绿色,文学
22369,吴国伦,绿色,文学
22370,梁有誉,绿色,文学
22371,宗臣,绿色,文学
22372,杨云翼,绿色,文学
22373,张镇孙,绿色,文学
22374,臧克家,绿色,文学
22375,冒辟疆,绿色,文学
22376,苏珊·桑塔格,绿色,文学
22377,李氏女,绿色,文学
22378,黎玉贞,绿色,文学
22379,古瑶华,绿色,文学
22380,张璧华,绿色,文学
22381,郎士元,绿色,文学
22382,李群玉,绿色,文学
22383,刘言史,绿色,文学
22384,刘慎虚,绿色,文学
22385,孟云卿,绿色,文学
22386,包融,绿色,文学
22387,曹唐,绿色,文学
22388,李曾伯,绿色,文学
22389,翁卷,绿色,文学
22390,王迈,绿色,文学
22391,魏夫人,绿色,文学
22392,王庭圭,绿色,文学
22393,王令,绿色,文学
22394,曾畿,绿色,文学
22395,徐照,绿色,文学
22396,周昂,绿色,文学
22397,朱凯,绿色,文学
22398,李汾,绿色,文学
22399,张鸣善,绿色,文学
22400,袁易,绿色,文学
22401,姚燧,绿色,文学
22402,薛昂夫,绿色,文学
22403,杨显之,绿色,文学
22404,王安中,绿色,文学
22405,汪莘,绿色,文学
22406,舒儋,绿色,文学
22407,苏庠,绿色,文学
22408,沈瀛,绿色,文学
22409,石孝友,绿色,文学
22410,裘万顷,绿色,文学
22411,朱弁,绿色,文学
22412,郑侠,绿色,文学
22413,赵善括,绿色,文学
22414,仲殊,绿色,文学
22415,赵令□,绿色,文学
22416,赵师秀,绿色,文学
22417,赵汝□,绿色,文学
22418,张舜民,绿色,文学
22419,张□,绿色,文学
22420,岳珂,绿色,文学
22421,尹洙,绿色,文学
22422,炎正,绿色,文学
22423,扬无咎,绿色,文学
22424,徐铉,绿文,文学
22425,谢翱,绿文,文学
22426,萧德藻,绿色,文学
22427,向子諲,绿色,文学
22428,赵可,绿色,文学
22429,郑廷玉,绿色,文学
22430,郑元佑,绿色,文学
22431,张翥,绿色,文学
22432,张之翰,绿色,文学
22433,曾瑞,绿色,文学
22434,张国宾,绿色,文学
22435,贯云石,绿色,文学
22436,孙钟龄,绿色,文学
22437,张溥,绿色,文学
22438,陈青云,绿色,文学
22439,徐良,绿色,文学
22440,温瑞安,未知,文学
22441,恭顺皇贵妃,绿文,清朝
22442,潘思榘,绿文,清朝
22443,淑慎妃,绿文,清朝
22444,靳光瀚,未知,清朝
22445,顺治,未知,清朝
22446,康熙,未知,清朝
22447,乾隆,未知,清朝
22448,嘉庆,未知,清朝
22449,宣统,未知,清朝
22450,光绪,未知,清朝
22451,朱聿,未知,清朝
22452,大觉禅师,未知,清朝
22453,阿济格,绿文,清朝
22454,冯铨,未知,清朝
22455,刚林,未知,清朝
22456,祁充格,未知,清朝
22457,范西屏,紫文!,清朝
22458,黄龙士,紫武,清朝
22459,施襄夏,绿文,清朝
22460,黄飞鸿,蓝武,清朝
22461,霍元甲,蓝武,清朝
22462,样式雷,蓝色,清朝
22463,王正谊,蓝武,清朝
22464,孙诒让,蓝色,清朝
22465,吕四娘,绿武,清朝
22466,秋瑾,绿文,清朝
22467,郑燮,绿文,清朝
22468,周文楷,绿文,清朝
22469,郑士良,绿色,清朝
22470,杨潞玉,绿文,清朝
22471,杨露禅,绿色,清朝
22472,叶天士,绿色,清朝
22473,王朴诚,绿色,清朝
22474,程长庚,绿色,清朝
22475,陈梦吉,绿色,清朝
22476,董海川,绿武,清朝
22477,黄丕烈,绿色,清朝
22478,何焯,绿色,清朝
22479,金农,绿文,清朝
22480,吕璜,绿文,清朝
22481,李宗吾,绿文,清朝
22482,林觉民,绿武,清朝
22483,乔致庸,绿文,清朝
22484,边寿民,绿文,清朝
22485,周丰,绿色,清朝
22486,吴鞠通,绿文,清朝
22487,吴球,绿武,清朝
22488,吴桭臣,绿文,清朝
22489,吴士功,绿色,清朝
22490,吕犹龙,绿色,清朝
22491,向前,绿武,清朝
22492,史致光,绿文,清朝
22493,卢焯,绿文,清朝
22494,卞永誉,绿色,清朝
22495,刘秉政,绿色,清朝
22496,刘汉祚,绿色,清朝
22497,刘德宽,绿色,清朝
22498,刘子壮,绿文,清朝
22499,刘大櫆,绿色,清朝
22500,刘于义,绿文,清朝
22501,刘世民,绿文,清朝
22502,佟国鼐,绿色,清朝
22503,佟国维,绿文,清朝
22504,佟国器,绿色,清朝
22505,何福堂,绿文,清朝
22506,任熊,绿色,清朝
22507,云龙和尚,绿色,清朝
22508,世续,绿色,清朝
22509,赵之谦,绿文,清朝
22510,赵一清,绿文,清朝
22511,章学诚,绿色,清朝
22512,朱葆三,绿文,清朝
22513,张三禄,绿色,清朝
22514,张元济,绿色,清朝
22515,张玉书,绿文,清朝
22516,长妈妈,绿文,清朝
22517,钟天纬,绿文,清朝
22518,章鋆,绿文,清朝
22519,庄廷鑨,绿色,清朝
22520,郑克塽,绿色,清朝
22521,颜元,绿文,清朝
22522,喻培伦,绿色,清朝
22523,俞樾,绿文,清朝
22524,余三胜,绿文,清朝
22525,严信厚,绿色,清朝
22526,阎若璩,绿色,清朝
22527,严可均,绿文,清朝
22528,虞洽卿,绿文,清朝
22529,俞陛云,绿文,清朝
22530,谢清高,绿色,清朝
22531,徐星友,绿文,清朝
22532,徐时栋,绿文,清朝
22533,夏曾佑,绿色,清朝
22534,魏长生,绿色,清朝
22535,邬彬,绿文,清朝
22536,王先谦,绿文,清朝
22537,王懿荣,绿文,清朝
22538,武训,绿文,清朝
22539,文廷式,绿文,清朝
22540,文绣,绿文,清朝
22541,吴昌硕,绿文,清朝
22542,万斯大,绿色,清朝
22543,王文韶,绿色,清朝
22544,王清任,绿文,清朝
22545,汪莱,绿色,清朝
22546,王锡侯,绿色,清朝
22547,王念孙,绿色,清朝
22548,王铭槐,绿文,清朝
22549,王引之,绿文,清朝
22550,吴德旋,绿色,清朝
22551,邬希文,绿色,清朝
22552,王闿运,绿文,清朝
22553,王鸿绪,绿文,清朝
22554,魏源 (清),绿文,清朝
22555,吴樾,绿色,清朝
22556,吴兆骞,绿文,清朝
22557,田文镜,紫文!,清朝
22558,唐甄,绿文,清朝
22559,屠粹忠,绿文,清朝
22560,邵晋涵,绿文,清朝
22561,邵懿辰,绿文,清朝
22562,石涛,绿色,清朝
22563,沈家本,绿文,清朝
22564,善耆,绿文,清朝
22565,史可法,绿文,清朝
22566,史大成,绿文,清朝
22567,宋炜臣,绿色,清朝
22568,沈葆桢,绿文,清朝
22569,孙嘉淦,绿色,清朝
22570,容闳,绿色,清朝
22571,钱棨,绿文,清朝
22572,钱大昕,绿文,清朝
22573,岑毓英,绿武,清朝
22574,陈启源,绿色,清朝
22575,奇宠格,绿色,清朝
22576,曹颖甫,绿色,清朝
22577,蔡济民,绿色,清朝
22578,蔡杜氏,绿文,清朝
22579,陈梦雷,绿文,清朝
22580,陈享,绿武,清朝
22581,戴震,绿色,清朝
22582,刁戴高,绿文,清朝
22583,戴鸿慈,绿文,清朝
22584,戴梓,绿色,清朝
22585,段玉裁,绿色,清朝
22586,丰子恺,绿文,清朝
22587,傅兰雅,绿色,清朝
22588,高其佩,绿色,清朝
22589,胡天游,绿文,清朝
22590,胡雪岩,绿文,清朝
22591,黄远生,绿色,清朝
22592,纪客舒,绿色,清朝
22593,蒋廷锡,绿色,清朝
22594,江湜,绿色,清朝
22595,蒋肇聪,绿文,清朝
22596,姜宸英,绿色,清朝
22597,蒋斯千,绿色,清朝
22598,迦陵性音,绿色,清朝
22599,孔传铎,绿文,清朝
22600,孔庆镕,绿文,清朝
22601,柯劭忞,绿色,清朝
22602,林清,绿色,清朝
22603,刘熙载,绿色,清朝
22604,廖燕,绿文,清朝
22605,梁赞,绿武,清朝
22606,兰浦,绿文,清朝
22607,李汝珍,绿文,清朝
22608,凌廷堪,绿文,清朝
22609,六十七,绿文,清朝
22610,岳钟琪,绿色,清朝
22611,李塨,绿色,清朝
22612,陆锡熊,绿色,清朝
22613,李汝璜,绿文,清朝
22614,陆费墀,绿文,清朝
22615,乐显扬,绿文,清朝
22616,刘逢禄,绿色,清朝
22617,卢戆章,绿文,清朝
22618,李明彻,绿文,清朝
22619,李鳝,绿文,清朝
22620,林绍年,绿武,清朝
22621,梁发,绿文,清朝
22622,陆皓东,绿色,清朝
22623,马一浮,绿文,清朝
22624,缪荃孙,绿色,清朝
22625,马相伯,绿色,清朝
22626,潘平格,绿文,清朝
22627,彭元瑞,绿文,清朝
22628,裘琏,绿色,清朝
22629,屈大均,绿色,清朝
22630,纪晓岚,蓝文,清朝
22631,刘墉,绿文,清朝
22632,郑板桥,蓝文!,清朝
22633,张之洞,绿色,清朝
22634,洪钧,绿文,清朝
22635,林则徐,蓝文,清朝
22636,梁启超,绿文,清朝
22637,张謇,绿文,清朝
22638,蔡元培,蓝文！,清朝
22639,陈鱼门,未知,清朝
22640,陈介祺,未知,清朝
22641,方唐镜,未知,清朝
22642,刘静庵,未知,清朝
22643,卢文弨,未知,清朝
22644,李文昭,未知,清朝
22645,李思浩,未知,清朝
22646,李云书,未知,清朝
22647,李明澈,未知,清朝
22648,李颙,未知,清朝
22649,马宗汉,未知,清朝
22650,潘江,未知,清朝
22651,邵曰濂,绿色,清朝
22652,沈敦和,未知,清朝
22653,沈道宽,未知,清朝
22654,宋梧生,未知,清朝
22655,宋景诗,未知,清朝
22656,邵廷采,未知,清朝
22657,唐才常,未知,清朝
22658,王生岳,未知,清朝
22659,翁庆龙,未知,清朝
22660,吴经熊,未知,清朝
22661,王槐山,未知,清朝
22662,杨遇春,绿文,清朝
22663,姚燮,未知,清朝
22664,俞佐廷,未知,清朝
22665,严子均,未知,清朝
22666,杨坊,未知,清朝
22667,郑澍若,未知,清朝
22668,张美翊,未知,清朝
22669,张家骧,绿文,清朝
22670,张寿镛,未知,清朝
22671,诸重光,未知,清朝
22672,朱元树,未知,清朝
22673,刘一明,未知,清朝
22674,孙星衍,未知,清朝
22675,嵇璜,未知,清朝
22676,张保仔,未知,清朝
22677,张敬修,未知,清朝
22678,张继宗,未知,清朝
22679,徐宝山,未知,清朝
22680,徐建寅,未知,清朝
22681,德因泽,未知,清朝
22682,德楞泰,未知,清朝
22683,戴望,未知,清朝
22684,李宗孔,未知,清朝
22685,李涵虚,未知,清朝
22686,杨桂森,未知,清朝
22687,柳华阳,未知,清朝
22688,武亿,未知,清朝
22689,汉纳根,未知,清朝
22690,汤寿潜,未知,清朝
22691,汪明辰,未知,清朝
22692,洪颐煊,未知,清朝
22693,海兰察,未知,清朝
22694,王圆箓,绿色,清朝
22695,王聪儿,未知,清朝
22696,秦维瀚,未知,清朝
22697,英敛之,未知,清朝
22698,蒋垣,未知,清朝
22699,闵一得,未知,清朝
22700,魏象枢,未知,清朝
22701,黄体芳,未知,清朝
22702,江南八侠,未知,清朝
22703,丁莲,未知,清朝
22704,何器,绿文,清朝
22705,何士兰,蓝文,清朝
22706,何必捷,未知,清朝
22707,畲修梅,绿文,清朝
22708,俞国桢,绿文,清朝
22709,俞鹏,绿文,清朝
22710,傅恒,蓝文,清朝
22711,刘光第,蓝文,清朝
22712,梁巨川,绿文,清朝
22713,刘家谋,绿文,清朝
22714,刘文鹭,绿文,清朝
22715,刘洵,绿文,清朝
22716,刘自成,绿文,清朝
22717,刘荫棠,绿色,清朝
22718,刘长善,绿文,清朝
22719,劳崇光,绿文,清朝
22720,包德墉,绿文,清朝
22721,叶维荣,绿文,清朝
22722,吕兆璜,未知,清朝
22723,周于仁,绿文,清朝
22724,周兴健,未知,清朝
22725,塔尔岱,未知,清朝
22726,增福,未知,清朝
22727,姜春棠,绿文,清朝
22728,宓宏谟,绿文,清朝
22729,宗觐庭,绿文,清朝
22730,定长,绿文,清朝
22731,宜永贵,绿文,清朝
22732,宫梦仁,绿文,清朝
22733,富尼汉,绿文,清朝
22734,富纲,绿文,清朝
22735,屠本,未知,清朝
22736,岩大五,未知,清朝
22737,崔应阶,未知,清朝
22738,常赍,未知,清朝
22739,奕劻,绿文,清朝
22740,张与朱,绿文,清朝
22741,张仲举,绿文,清朝
22742,张克明,绿文,清朝
22743,张学圣,绿文,清朝
22744,张志栋,绿文,清朝
22745,张成器,绿文,清朝
22746,张采,绿文,清朝
22747,彭端淑,绿文,清朝
22748,徐永祯,绿文,清朝
22749,徐致靖,绿文,清朝
22750,朱纲,绿文,清朝
22751,朱镐昌,绿文,清朝
22752,李因培,未知,清朝
22753,李斯义,未知,清朝
22754,李殿图,绿文,清朝
22755,杜受田,绿文,清朝
22756,杨思聪,绿文,清朝
22757,杨熙,未知,清朝
22758,杨魁,绿文,清朝
22759,毛文铨,绿文,清朝
22760,汪志伊,绿文,清朝
22761,沈文凤,绿文,清朝
22762,温承惠,绿文,清朝
22763,温福,未知,清朝
22764,满保,未知,清朝
22765,潘思矩,绿文,清朝
22766,爱续,未知,清朝
22767,王仕任,绿文,清朝
22768,王廷璧,绿文,清朝
22769,王绍兰,绿文,清朝
22770,田凤仪,绿文,清朝
22771,礼思鹏,未知,清朝
22772,纪昀,紫文,清朝
22773,绰奇,绿文,清朝
22774,肃顺,蓝文,清朝
22775,荣庆,绿文,清朝
22776,庄有恭,绿文,清朝
22777,董国兴,绿文,清朝
22778,虞好善,未知,清朝
22779,许世昌,绿文,清朝
22780,许嗣兴,绿文,清朝
22781,费淳,绿文,清朝
22782,赫寿,未知,清朝
22783,赵国麟,未知,清朝
22784,郭实腊,未知,清朝
22785,鄂宁,未知,清朝
22786,鄂宝,未知,清朝
22787,金鋐,未知,清朝
22788,钟音,未知,清朝
22789,铁良,未知,清朝
22790,陈瑾,未知,清朝
22791,陈预,未知,清朝
22792,高鹗,蓝文,清朝
22793,魏应规,绿文,清朝
22794,魏彦仪,绿文,清朝
22795,魏肇基,绿文,清朝
22796,鲁浩,绿文,清朝
22797,黄国材,绿文,清朝
22798,黄检,绿文,清朝
22799,黄秉中,绿文,清朝
22800,凤山,未知,清朝
22801,博尔济吉特·娜木钟,未知,清朝
22802,多尔济塞布腾,未知,清朝
22803,德保,未知,清朝
22804,戊戌六君子,未知,清朝
22805,爱新觉罗·溥杰,未知,清朝
22806,宗乾隆,紫文,清朝
22807,爱新觉罗奕誴,未知,清朝
22808,王仁,未知,清朝
22809,王政,未知,清朝
22810,苏完瓜尔佳·幼兰,未知,清朝
22811,裕禄,未知,清朝
22812,纳喇·扬吉努,未知,清朝
22813,博尔济吉特·莽古思,未知,清朝
22814,博尔济吉特·习礼宰桑,未知,清朝
22815,博尔济吉特·满珠习礼,未知,清朝
22816,博尔济吉特·和拖,未知,清朝
22817,博尔济吉特·班第,未知,清朝
22818,博尔济吉特·罗布藏衮布,未知,清朝
22819,博尔济吉特·色腾巴勒珠尔,未知,清朝
22820,博尔济吉特·色旺诺尔布,未知,清朝
22821,博尔济吉特·旺扎勒多尔济,未知,清朝
22822,博尔济吉特·丹曾旺布,未知,清朝
22823,博尔济吉特·布彦温都尔,未知,清朝
22824,博尔济吉特·索特那木绷苏克,未知,清朝
22825,博尔济吉特·棍布旺济勒,未知,清朝
22826,博尔济吉特·那木济勒色楞,未知,清朝
22827,博尔济吉特·绰尔济,未知,清朝
22828,博尔济吉特·鄂缉尔,未知,清朝
22829,博尔济吉特·巴克什固尔,未知,清朝
22830,博尔济吉特·阿喇布坦,未知,清朝
22831,博尔济吉特·萨木丕勒札木素,未知,清朝
22832,博尔济吉特·三音察衮,未知,清朝
22833,博尔济吉特·色楞多尔济,未知,清朝
22834,博尔济吉特·贡格拉布坦,未知,清朝
22835,博尔济吉特·桑鲁布多特赛,未知,清朝
22836,博尔济吉特·昂噶扣,未知,清朝
22837,博尔济吉特·济克登达克斋瓦,未知,清朝
22838,博尔济吉特·济克登诺尔布尔沁扎木苏,未知,清朝
22839,佟佳·佟图赖,未知,清朝
22840,佟佳·佟国纲,未知,清朝
22841,佟佳·鄂伦岱,未知,清朝
22842,佟佳·夸岱,未知,清朝
22843,佟佳·纳穆图,未知,清朝
22844,佟佳·嗣存,未知,清朝
22845,佟佳·晋玺,未知,清朝
22846,佟佳·书明阿,未知,清朝
22847,佟佳·裕诚,未知,清朝
22848,佟佳·克昌,未知,清朝
22849,佟佳·堃林,未知,清朝
22850,佟佳·倚功,未知,清朝
22851,董鄂·鄂硕,未知,清朝
22852,董鄂·费扬古,未知,清朝
22853,董鄂·陈泰,未知,清朝
22854,董鄂·图把,未知,清朝
22855,董鄂·图桑阿,未知,清朝
22856,赫舍里·噶布拉,未知,清朝
22857,赫舍里·长泰,未知,清朝
22858,赫舍里·伦布,未知,清朝
22859,赫舍里·达尔玛,未知,清朝
22860,赫舍里·法尔玛,未知,清朝
22861,赫舍里·善保,未知,清朝
22862,赫舍里·双福,未知,清朝
22863,赫舍里·禄丰,未知,清朝
22864,赫舍里·和瑞,未知,清朝
22865,赫舍里·玉山,未知,清朝
22866,赫舍里·兴安,未知,清朝
22867,赫舍里·阿尔景阿,未知,清朝
22868,钮祜禄·遏必隆,未知,清朝
22869,钮祜禄·法喀,未知,清朝
22870,钮祜禄·佟国维,未知,清朝
22871,钮祜禄·隆科多,未知,清朝
22872,钮祜禄·庆复,未知,清朝
22873,乌雅·威武,未知,清朝
22874,乌雅·博启,未知,清朝
22875,乌雅·博永,未知,清朝
22876,乌雅·希明,未知,清朝
22877,乌雅·志福,未知,清朝
22878,乌雅·吉祥保,未知,清朝
22879,乌雅·增喜,未知,清朝
22880,乌雅·瑞兴,未知,清朝
22881,乌雅·振升,未知,清朝
22882,纳喇·费扬古,未知,清朝
22883,纳喇·五格,未知,清朝
22884,纳喇·德保,未知,清朝
22885,纳喇·德禄,未知,清朝
22886,纳喇·嵩山,未知,清朝
22887,纳喇·承恒,未知,清朝
22888,纳喇·继善,未知,清朝
22889,纳喇·肇兴,未知,清朝
22890,纳喇·麟征,未知,清朝
22891,纳喇·珠尔杭阿,未知,清朝
22892,钮祜禄·凌柱,未知,清朝
22893,钮祜禄·伊通阿,未知,清朝
22894,钮祜禄·伊松阿,未知,清朝
22895,钮祜禄·观音保,未知,清朝
22896,钮祜禄·富僧额,未知,清朝
22897,钮祜禄·盛福,未知,清朝
22898,钮祜禄·明存,未知,清朝
22899,钮祜禄·瑞兴,未知,清朝
22900,富察·李荣保,未知,清朝
22901,富察·富文,未知,清朝
22902,富察·富玉,未知,清朝
22903,富察·明瑞,未知,清朝
22904,富察·明俊,未知,清朝
22905,富察·奎林,未知,清朝
22906,富察·喜伦,未知,清朝
22907,富察·春福,未知,清朝
22908,富察·志钧,未知,清朝
22909,魏佳·清泰,未知,清朝
22910,魏佳·花沙布,未知,清朝
22911,魏佳·安诚,未知,清朝
22912,魏佳·恩荣,未知,清朝
22913,魏佳·瑞山,未知,清朝
22914,喜塔腊·和尔经额,未知,清朝
22915,喜塔腊·盛住,未知,清朝
22916,喜塔腊·孟住,未知,清朝
22917,喜塔腊·智林,未知,清朝
22918,喜塔腊·崇端,未知,清朝
22919,喜塔腊·裕辉,未知,清朝
22920,喜塔腊·熙俊,未知,清朝
22921,喜塔腊·承禔,未知,清朝
22922,钮祜禄·恭阿拉,未知,清朝
22923,钮祜禄·和世泰,未知,清朝
22924,钮祜禄·崇恩,未知,清朝
22925,钮祜禄·维庆,未知,清朝
22926,钮祜禄·信恪,未知,清朝
22927,钮祜禄·官箴,未知,清朝
22928,钮祜禄·布彦达赉,未知,清朝
22929,钮祜禄·熙敏,未知,清朝
22930,钮祜禄·克兴额,未知,清朝
22931,钮祜禄·恩庆,未知,清朝
22932,钮祜禄·英俊,未知,清朝
22933,佟佳·舒明阿,未知,清朝
22934,佟佳·裕宽,未知,清朝
22935,佟佳·广林,未知,清朝
22936,佟佳·克勤,未知,清朝
22937,佟佳·伟功,未知,清朝
22938,钮祜禄·颐龄,未知,清朝
22939,钮祜禄·胡图哩,未知,清朝
22940,钮祜禄·文寿,未知,清朝
22941,钮祜禄·庆麟,未知,清朝
22942,博尔济吉特·恩龄,未知,清朝
22943,博尔济吉特·吉拉敏,未知,清朝
22944,博尔济吉特·承荫,未知,清朝
22945,萨克达·富泰,未知,清朝
22946,萨克达·德懋,未知,清朝
22947,萨克达·钟秀,未知,清朝
22948,萨克达·璞玉,未知,清朝
22949,钮祜禄·穆扬阿,未知,清朝
22950,钮祜禄·广科,未知,清朝
22951,钮祜禄·恩焘,未知,清朝
22952,钮祜禄·荣泉,未知,清朝
22953,叶赫那拉·惠征,未知,清朝
22954,叶赫那拉·照祥,未知,清朝
22955,叶赫那拉·德善,未知,清朝
22956,阿鲁忒·崇绮,未知,清朝
22957,阿鲁忒·葆初,未知,清朝
22958,阿鲁忒·法亮,未知,清朝
22959,叶赫那拉·桂祥,未知,清朝
22960,庆恭妃,绿文,清朝
22961,曹仁父,绿武,清朝
22962,路民瞻,绿色,清朝
22963,周浔,绿武,清朝
22964,吕元,绿色,清朝
22965,白泰官,蓝武,清朝
22966,甘凤池,蓝武,清朝
22967,张云如,未知,清朝
22968,了因和尚,蓝武,清朝
22969,朋素克,未知,清朝
22970,胡守龙,未知,清朝
22971,蒋尔恂,未知,清朝
22972,王光代,未知,清朝
22973,张华山,未知,清朝
22974,张近堂,未知,清朝
22975,郑森,未知,清朝
22976,郑袭,未知,清朝
22977,王耀祖,未知,清朝
22978,杨起隆,未知,清朝
22979,耿精忠,未知,清朝
22980,李天极,未知,清朝
22981,魏枝叶,未知,清朝
22982,朱文非,未知,清朝
22983,钱宝通,未知,清朝
22984,张念一,未知,清朝
22985,朱一贵,未知,清朝
22986,林爽文,未知,清朝
22987,陈周全,未知,清朝
22988,吴八月,未知,清朝
22989,王大叔,未知,清朝
22990,黎树,未知,清朝
22991,蔡牵,未知,清朝
22992,朱毛俚,未知,清朝
22993,张丙,未知,清朝
22994,林恭,未知,清朝
22995,李明先,未知,清朝
22996,黄威,未知,清朝
22997,刘丽川,未知,清朝
22998,陈开,未知,清朝
22999,黄鼎凤,未知,清朝
23000,李永和,未知,清朝
23001,朱明月,未知,清朝
23002,宋继鹏,未知,清朝
23003,戴潮春,未知,清朝
23004,林日成,未知,清朝
23005,陈弄,未知,清朝
23006,洪欉,未知,清朝
23007,任柱,未知,清朝
23008,赖汶光,未知,清朝
23009,阿古柏,未知,清朝
23010,唐景崧,未知,清朝
23011,刘永福,未知,清朝
23012,洪全福,未知,清朝
23013,龚春台,未知,清朝
23014,察衮,未知,清朝
23015,丹津,未知,清朝
23016,伯布什,未知,清朝
23017,正明皇帝,未知,清朝
23018,阿剌布坦,未知,清朝
23019,车凌乌巴什,未知,清朝
23020,保伊额登,未知,清朝
23021,车凌蒙克,未知,清朝
23022,黄嘉略,未知,清朝
23023,巴克礼,未知,清朝
23024,陈维英,未知,清朝
23025,陈逊言,未知,清朝
23026,陈秋菊,未知,清朝
23027,达洪阿,未知,清朝
23028,胡邦翰,未知,清朝
23029,洪腾云,未知,清朝
23030,孔昭虔,未知,清朝
23031,林维源,未知,清朝
23032,李仙得,未知,清朝
23033,蓝廷珍,未知,清朝
23034,林平侯,未知,清朝
23035,施世骠,未知,清朝
23036,孙景燧,未知,清朝
23037,王敏政,未知,清朝
23038,郁永河,未知,清朝
23039,俞明震,绿文,清朝
23040,杨芳声,未知,清朝
23041,曾曰瑛,未知,清朝
23042,卓杞笃,未知,清朝
23043,乐文祥,未知,清朝
23044,于从濂,未知,清朝
23045,于湘兰,未知,清朝
23046,于荫霖,未知,清朝
23047,余文仪,未知,清朝
23048,俞兆岳,未知,清朝
23049,俞鸿,未知,清朝
23050,傅以礼,未知,清朝
23051,冯绍立,未知,清朝
23052,冷歧晖,未知,清朝
23053,刘亨基,未知,清朝
23054,刘功澍,未知,清朝
23055,刘辰骏,未知,清朝
23056,刘重麟,未知,清朝
23057,包瀜,未知,清朝
23058,区鸿基,未知,清朝
23059,卢承德,未知,清朝
23060,史济道,未知,清朝
23061,叶宝书,未知,清朝
23062,吴元琪,未知,清朝
23063,吴克成,未知,清朝
23064,吴凤,绿文,清朝
23065,吴士元,未知,清朝
23066,吴开福,未知,清朝
23067,吴本杰,未知,清朝
23068,吴汝祥,未知,清朝
23069,吴沙,未知,清朝
23070,吴秉纶,未知,清朝
23071,吴观域,未知,清朝
23072,吴赞诚,绿文,清朝
23073,吴达礼,未知,清朝
23074,周书凤,未知,清朝
23075,周祚熙,未知,清朝
23076,周缉敬,未知,清朝
23077,周钟瑄,未知,清朝
23078,唐孝本,未知,清朝
23079,唐赞衮,未知,清朝
23080,唐镒,未知,清朝
23081,图塔本,未知,清朝
23082,夏瑚,未知,清朝
23083,姚鸿,未知,清朝
23084,孙玉书,未知,清朝
23085,孙继祖,未知,清朝
23086,孟侯,未知,清朝
23087,宋应麟,未知,清朝
23088,平庆,未知,清朝
23089,延青云,未知,清朝
23090,张世珍,未知,清朝
23091,张于泰,未知,清朝
23092,张天德,未知,清朝
23093,张学溥,未知,清朝
23094,张家干,未知,清朝
23095,张廷琰,未知,清朝
23096,张弘章,未知,清朝
23097,张所受,未知,清朝
23098,张炯,未知,清朝
23099,张珽,未知,清朝
23100,张缟,未知,清朝
23101,彭达孙,未知,清朝
23102,徐宪文,未知,清朝
23103,徐廷抡,未知,清朝
23104,徐必观,未知,清朝
23105,徐琨,未知,清朝
23106,忠满,未知,清朝
23107,成城,未知,清朝
23108,戴大冕,未知,清朝
23109,文灿,未知,清朝
23110,方传穟,未知,清朝
23111,方应恒,未知,清朝
23112,方维宪,未知,清朝
23113,施九缎,未知,清朝
23114,曹德裕,未知,清朝
23115,曹煜,未知,清朝
23116,曾曰琇,未知,清朝
23117,朱尔申,未知,清朝
23118,朱山,未知,清朝
23119,朱岳楷,未知,清朝
23120,朱景英,未知,清朝
23121,李中素,未知,清朝
23122,李俊原,未知,清朝
23123,李淮浦,未知,清朝
23124,李维铮,未知,清朝
23125,李芸,未知,清朝
23126,李阊权,未知,清朝
23127,杨允玺,未知,清朝
23128,杨愚,未知,清朝
23129,杨景素,未知,清朝
23130,杨端祥,未知,清朝
23131,林兴泗,未知,清朝
23132,林文察,未知,清朝
23133,林文明,未知,清朝
23134,柯纬章,未知,清朝
23135,梁鸣谦,未知,清朝
23136,段玠,未知,清朝
23137,殷凤梧,未知,清朝
23138,汤启声,未知,清朝
23139,沈受谦,未知,清朝
23140,沈续,未知,清朝
23141,沈朝聘,未知,清朝
23142,沈茂荫,未知,清朝
23143,沈钦霖,未知,清朝
23144,沈钰,未知,清朝
23145,洪煌,未知,清朝
23146,潘庆辰,未知,清朝
23147,潘映辰,未知,清朝
23148,熊飞,未知,清朝
23149,王仕俊,未知,清朝
23150,王兆升,未知,清朝
23151,王右弼,未知,清朝
23152,王如璋,未知,清朝
23153,王廷干,未知,清朝
23154,王得禄,未知,清朝
23155,王德润,未知,清朝
23156,王文棨,未知,清朝
23157,王汧,未知,清朝
23158,王瑛曾,未知,清朝
23159,王衢,未知,清朝
23160,王锡缙,未知,清朝
23161,王露,蓝色,清朝
23162,白鹭卿,未知,清朝
23163,祁征祥,未知,清朝
23164,秦士望,未知,清朝
23165,秦煦,未知,清朝
23166,程起鹗,未知,清朝
23167,程运青,未知,清朝
23168,程述祖,未知,清朝
23169,穆和蔺,未知,清朝
23170,章士凤,未知,清朝
23171,章觐文,未知,清朝
23172,管裕畴,未知,清朝
23173,管遹仪,未知,清朝
23174,翟灏,未知,清朝
23175,胡国荣,未知,清朝
23176,胡培滋,未知,清朝
23177,胡承珙,未知,清朝
23178,苏泰,未知,清朝
23179,苏渭生,未知,清朝
23180,范克承,未知,清朝
23181,范邦干,未知,清朝
23182,董启埏,未知,清朝
23183,蒋允焄,未知,清朝
23184,蒋元枢,未知,清朝
23185,蒋相,未知,清朝
23186,蒋镛,未知,清朝
23187,蒯德标,未知,清朝
23188,袁本濂,未知,清朝
23189,解文燧,未知,清朝
23190,言尚焜,未知,清朝
23191,许凤翔,未知,清朝
23192,许廷璠,未知,清朝
23193,谈经正,未知,清朝
23194,谢洪光,未知,清朝
23195,费应豫,未知,清朝
23196,赖鹤年,未知,清朝
23197,赵奇芳,未知,清朝
23198,赵燮,未知,清朝
23199,赵爱,未知,清朝
23200,赵逢源,未知,清朝
23201,路以周,未知,清朝
23202,邓元资,未知,清朝
23203,连横,未知,清朝
23204,吴森,未知,清朝
23205,德文,未知,清朝
23206,扥克通阿,未知,清朝
23207,邬维肃,未知,清朝
23208,邵葆醇,未知,清朝
23209,郁正,未知,清朝
23210,郑用锡,未知,清朝
23211,郝敬修,未知,清朝
23212,郭兆荣,未知,清朝
23213,郭锡琉,未知,清朝
23214,钱巍业,未知,清朝
23215,钱燕喜,未知,清朝
23216,阎炘,未知,清朝
23217,陆广霖,未知,清朝
23218,陈世烈,未知,清朝
23219,陈同善,未知,清朝
23220,陈续,未知,清朝
23221,陈大辇,未知,清朝
23222,陈炳极,未知,清朝
23223,陈瑸,未知,清朝
23224,陈蒸,未知,清朝
23225,陈銮,未知,清朝
23226,陈中孚,未知,清朝
23227,陶浚,未知,清朝
23228,陶绍景,未知,清朝
23229,雷以镇,未知,清朝
23230,韩佐唐,未知,清朝
23231,顾肇熙,未知,清朝
23232,顾邻,未知,清朝
23233,马偕,未知,清朝
23234,马雅各布,未知,清朝
23235,高大镛,未知,清朝
23236,高拱干,未知,清朝
23237,高鸿飞,未知,清朝
23238,魏尧年,未知,清朝
23239,鲁鼎梅,未知,清朝
23240,鲍俊,未知,清朝
23241,黄宽,未知,清朝
23242,黄承乙,未知,清朝
23243,黄继先,未知,清朝
23244,黄维瑄,未知,清朝
23245,黎溶,未知,清朝
23246,常青,未知,清朝
23247,辜显荣,未知,清朝
23248,刘铭传,绿色,清朝
23249,沈应奎,未知,清朝
23250,邵友濂,未知,清朝
23251,杨廷理,未知,清朝
23252,李烇,未知,清朝
23253,林达泉,未知,清朝
23254,管元善,未知,清朝
23255,严成仪,未知,清朝
23256,严暻,未知,清朝
23257,何衢,未知,清朝
23258,何銮,未知,清朝
23259,俞唐,未知,清朝
23260,修史,未知,清朝
23261,倪象恺,未知,清朝
23262,傅尔泰,未知,清朝
23263,冯尽善,未知,清朝
23264,冷震金,未知,清朝
23265,刘作楫,未知,清朝
23266,刘宗枢,未知,清朝
23267,包容,未知,清朝
23268,华廷锡,未知,清朝
23269,单去非,未知,清朝
23270,单瑞龙,未知,清朝
23271,卫克堉,未知,清朝
23272,台湾县,未知,清朝
23273,史崧寿,未知,清朝
23274,叶意深,未知,清朝
23275,吕朝梁,未知,清朝
23276,吴凤笙,未知,清朝
23277,周大本,未知,清朝
23278,周芬斗,未知,清朝
23279,唐时勋,未知,清朝
23280,姚孔针,未知,清朝
23281,孙寿铭,未知,清朝
23282,孙育万,未知,清朝
23283,季麒光,未知,清朝
23284,宋廷枋,未知,清朝
23285,宋永清,未知,清朝
23286,尹士俍,未知,清朝
23287,嵇璇,未知,清朝
23288,庄年,未知,清朝
23289,廖仁翥,未知,清朝
23290,张可传,未知,清朝
23291,张尹,未知,清朝
23292,张星锷,未知,清朝
23293,张森,未知,清朝
23294,张继昌,未知,清朝
23295,张缙云,未知,清朝
23296,张芝馨,未知,清朝
23297,徐德峻,未知,清朝
23298,徐治民,未知,清朝
23299,支昭训,未知,清朝
23300,斌敏,未知,清朝
23301,方祖荫,未知,清朝
23302,方邦基,未知,清朝
23303,施模,未知,清朝
23304,曹永植,未知,清朝
23305,朱和钧,未知,清朝
23306,朱夔,未知,清朝
23307,朱干隆,未知,清朝
23308,朱懋,未知,清朝
23309,朱道中,未知,清朝
23310,李华远,未知,清朝
23311,李时英,未知,清朝
23312,李春荣,未知,清朝
23313,李本楠,未知,清朝
23314,李联圭,未知,清朝
23315,李镛,未知,清朝
23316,杨发和,未知,清朝
23317,杨宝吾,未知,清朝
23318,杨慰,未知,清朝
23319,杨馨,未知,清朝
23320,林菼,未知,清朝
23321,樊维屏,未知,清朝
23322,毛凤纶,未知,清朝
23323,毛殿扬,未知,清朝
23324,汪绅文,未知,清朝
23325,沈宗良,未知,清朝
23326,沈树政,未知,清朝
23327,沈荣勋,未知,清朝
23328,沈起元,未知,清朝
23329,潘文凤,未知,清朝
23330,王文昭,未知,清朝
23331,王隽,未知,清朝
23332,罗建祥,未知,清朝
23333,胡之锳,未知,清朝
23334,胡建伟,未知,清朝
23335,胡桂,未知,清朝
23336,罗大佑,未知,清朝
23337,萧赞廷,未知,清朝
23338,董之弼,未知,清朝
23339,董正官,未知,清朝
23340,袁闻拆,未知,清朝
23341,诸罗县,未知,清朝
23342,谢本量,未知,清朝
23343,辛竟可,未知,清朝
23344,邱峻南,未知,清朝
23345,邵嘉缜,未知,清朝
23346,邵用之,未知,清朝
23347,郝霪,未知,清朝
23348,郭恭,未知,清朝
23349,钟德,未知,清朝
23350,钱洙,未知,清朝
23351,陈松,未知,清朝
23352,陈玉友,未知,清朝
23353,陈良翼,未知,清朝
23354,陈起鲲,未知,清朝
23355,鹿泽长,未知,清朝
23356,黄嘉训,未知,清朝
23357,黄文奎,未知,清朝
23358,龙景惇,未知,清朝
23359,长庚,未知,清朝
23360,仇赋苹,未知,清朝
23361,何恺,未知,清朝
23362,何茹连,未知,清朝
23363,周作洵,未知,清朝
23364,周志侃,未知,清朝
23365,孙元衡,未知,清朝
23366,孙鲁,未知,清朝
23367,宋清源,未知,清朝
23368,张传敬,未知,清朝
23369,张启煊,未知,清朝
23370,张若霳,未知,清朝
23371,徐锷,未知,清朝
23372,李慎彝,未知,清朝
23373,林昌炎,未知,清朝
23374,沈树东,未知,清朝
23375,洪一栋,未知,清朝
23376,温溶,未知,清朝
23377,程峻,未知,清朝
23378,程文炘,未知,清朝
23379,胡振远,未知,清朝
23380,薛志亮,未知,清朝
23381,郑元杰,未知,清朝
23382,魏素,未知,清朝
23383,儿玉利国,未知,清朝
23384,孙福全,蓝武,清朝
23385,清华,未知,清朝
23386,王礼,未知,清朝
23387,牧朴真,未知,清朝
23388,韩琮,未知,清朝
23389,鲁楷,未知,清朝
23390,汪天来,未知,清朝
23391,孙续,未知,清朝
23392,徐林,未知,清朝
23393,杨毓健,未知,清朝
23394,梁尔寿,未知,清朝
23395,梁须楩,未知,清朝
23396,王作梅,未知,清朝
23397,赵纯禧,未知,清朝
23398,齐体物,未知,清朝
23399,龙光,未知,清朝
23400,陈星聚,未知,清朝
23401,徐梦麟,未知,清朝
23402,丁曰健,未知,清朝
23403,严金清,未知,清朝
23404,何恩绮,未知,清朝
23405,刘继祖,未知,清朝
23406,刘耀林,未知,清朝
23407,史密,未知,清朝
23408,吉寿,未知,清朝
23409,向熹,未知,清朝
23410,吴性诚,未知,清朝
23411,周式濂,未知,清朝
23412,娄云,未知,清朝
23413,宋学灏,未知,清朝
23414,富乐贺,未知,清朝
23415,寿同春,未知,清朝
23416,庞周,未知,清朝
23417,徐景杨,未知,清朝
23418,恩煜,未知,清朝
23419,成履泰,未知,清朝
23420,曹仕桂,未知,清朝
23421,曹谨,未知,清朝
23422,朱材哲,未知,清朝
23423,朱潮,未知,清朝
23424,李嗣邺,未知,清朝
23425,李廷璧,未知,清朝
23426,李振青,未知,清朝
23427,李明心,未知,清朝
23428,杜绍祁,未知,清朝
23429,杨廷桦,未知,清朝
23430,查廷华,未知,清朝
23431,汪楠,未知,清朝
23432,潘凯,未知,清朝
23433,焦长发,未知,清朝
23434,玉庚,未知,清朝
23435,王镛,未知,清朝
23436,宁长敬,未知,清朝
23437,秋曰觐,未知,清朝
23438,翟淦,未知,清朝
23439,胡应魁,未知,清朝
23440,苏鏊,未知,清朝
23441,范学恒,未知,清朝
23442,茅琳,未知,清朝
23443,袁秉义,未知,清朝
23444,陈培桂,未知,清朝
23445,马庆钊,未知,清朝
23446,马鸣镳,未知,清朝
23447,魏瀛,未知,清朝
23448,黄启埏,未知,清朝
23449,黄开基,未知,清朝
23450,龙大惇,未知,清朝
23451,唐均,未知,清朝
23452,张世英,未知,清朝
23453,李师敏,未知,清朝
23454,张维屏,未知,清朝
23455,杨绍裘,未知,清朝
23456,万绵前,未知,清朝
23457,同卜年,未知,清朝
23458,侯材骥,未知,清朝
23459,俞存仁,未知,清朝
23460,冯协一,未知,清朝
23461,刘良璧,未知,清朝
23462,卫台揆,未知,清朝
23463,叶宗元,未知,清朝
23464,吕志恒,未知,清朝
23465,吴国柱,未知,清朝
23466,吴逢圣,未知,清朝
23467,周元文,未知,清朝
23468,周彦,未知,清朝
23469,周懋琦,未知,清朝
23470,孔昭慈,未知,清朝
23471,庆保,未知,清朝
23472,张梦元,未知,清朝
23473,徐汝澜,未知,清朝
23474,徐镛,未知,清朝
23475,扥浑布,未知,清朝
23476,朱慧昌,未知,清朝
23477,梁元桂,未知,清朝
23478,毛鼎亨,未知,清朝
23479,沈近思,未知,清朝
23480,沈扬,未知,清朝
23481,洪毓琛,未知,清朝
23482,熊一本,未知,清朝
23483,王士任,未知,清朝
23484,王用宾,未知,清朝
23485,王衍庆,未知,清朝
23486,盖方泌,未知,清朝
23487,祝永清,未知,清朝
23488,秦廷基,未知,清朝
23489,范廷谋,未知,清朝
23490,范续,未知,清朝
23491,范昌治,未知,清朝
23492,蒋毓英,未知,清朝
23493,裕铎,未知,清朝
23494,褚禄,未知,清朝
23495,赵钧,未知,清朝
23496,遇昌,未知,清朝
23497,邓传安,未知,清朝
23498,邹应元,未知,清朝
23499,邹翰,未知,清朝
23500,郑佐廷,未知,清朝
23501,金溶,未知,清朝
23502,钱澍,未知,清朝
23503,陈俊千,未知,清朝
23504,陈思燏,未知,清朝
23505,陈懋烈,未知,清朝
23506,陈锷,未知,清朝
23507,靳治扬,未知,清朝
23508,马夔陛,未知,清朝
23509,马枢辉,未知,清朝
23510,高叔祥,未知,清朝
23511,高铎,未知,清朝
23512,觉罗四明,未知,清朝
23513,严榕照,未知,清朝
23514,任元壆,未知,清朝
23515,叶时秀,未知,清朝
23516,叶起蛟,未知,清朝
23517,吕圣宗,未知,清朝
23518,吴纮,未知,清朝
23519,周焜,未知,清朝
23520,孙琰,未知,清朝
23521,宋楘,未知,清朝
23522,尹复,未知,清朝
23523,左懋源,未知,清朝
23524,平廷熊,未知,清朝
23525,张东馨,未知,清朝
23526,张儒绩,未知,清朝
23527,张力恕,未知,清朝
23528,张天铨,未知,清朝
23529,张师孚,未知,清朝
23530,张德琇,未知,清朝
23531,彭思本,未知,清朝
23532,徐延俊,未知,清朝
23533,徐文尉,未知,清朝
23534,徐继谷,未知,清朝
23535,方学李,未知,清朝
23536,方逢月,未知,清朝
23537,朱士显,未知,清朝
23538,朱澜,未知,清朝
23539,李云龙,未知,清朝
23540,李传桩,未知,清朝
23541,李际时,未知,清朝
23542,林桂芬,未知,清朝
23543,林起元,未知,清朝
23544,梁狱钟,未知,清朝
23545,汪元任,未知,清朝
23546,汪朝栋,未知,清朝
23547,沈日源,未知,清朝
23548,王冲汶,未知,清朝
23549,王嗣彦,未知,清朝
23550,王续,未知,清朝
23551,王士勷,未知,清朝
23552,王惟馨,未知,清朝
23553,王执礼,未知,清朝
23554,王道弘,未知,清朝
23555,管纶,未知,清朝
23556,耳孔木,未知,清朝
23557,苏鸿,未知,清朝
23558,葛舜有,未知,清朝
23559,袁锡山,未知,清朝
23560,裘建功,未知,清朝
23561,褚天纬,未知,清朝
23562,费霖,未知,清朝
23563,邱琼章,未知,清朝
23564,郭士谦,未知,清朝
23565,金文英,未知,清朝
23566,金联,未知,清朝
23567,陈文起,未知,清朝
23568,陶宣,未知,清朝
23569,鲁岱,未知,清朝
23570,黄延昭,未知,清朝
23571,冯宗炜,未知,清朝
23572,姜文炳,未知,清朝
23573,杨奎,未知,清朝
23574,章汝奎,未知,清朝
23575,陈圣增,未知,清朝
23576,顾荃,未知,清朝
23577,俞森,未知,清朝
23578,冉正品,未知,清朝
23579,冯鸣鹤,未知,清朝
23580,刘榛,未知,清朝
23581,叶骏,未知,清朝
23582,夏允达,未知,清朝
23583,宓惟康,未知,清朝
23584,弓清瀚,未知,清朝
23585,张元疆,未知,清朝
23586,张国楷,未知,清朝
23587,易金杓,未知,清朝
23588,李守谐,未知,清朝
23589,樊炳文,未知,清朝
23590,王承烈,未知,清朝
23591,田光珣,未知,清朝
23592,章国钧,未知,清朝
23593,蒋律武,未知,清朝
23594,詹英,未知,清朝
23595,赵秉湘,未知,清朝
23596,邹祖寿,未知,清朝
23597,郭志纬,未知,清朝
23598,陈沣,未知,清朝
23599,陈鸿宝,未知,清朝
23600,顾晋,未知,清朝
23601,马克惇,未知,清朝
23602,曹汝霖,未知,清朝
23603,傅德柯,未知,清朝
23604,傅端铨,未知,清朝
23605,凌汝曾,未知,清朝
23606,史映奎,未知,清朝
23607,张景祈,未知,清朝
23608,李嘉棠,未知,清朝
23609,李淦,未知,清朝
23610,汪兴祎,未知,清朝
23611,翁秉钧,未知,清朝
23612,邓宗尧,未知,清朝
23613,顾镕,未知,清朝
23614,书成,未知,清朝
23615,俞成,未知,清朝
23616,冯廷丞,未知,清朝
23617,刘藩长,未知,清朝
23618,吴昌祚,未知,清朝
23619,孙国玺,未知,清朝
23620,孙孝瑜,未知,清朝
23621,常光裕,未知,清朝
23622,张嗣昌,未知,清朝
23623,张栋,未知,清朝
23624,朱鸿绪,未知,清朝
23625,梁文煊,未知,清朝
23626,梁文科,未知,清朝
23627,王之麟,未知,清朝
23628,王效宗,未知,清朝
23629,硕善,未知,清朝
23630,鄂善,未知,清朝
23631,陈文騄,未知,清朝
23632,拖穆齐图,未知,清朝
23633,永福,未知,清朝
23634,吉昌,未知,清朝
23635,雷其达,未知,清朝
23636,钱琦,未知,清朝
23637,张湄,未知,清朝
23638,丁士一,未知,清朝
23639,严瑞龙,未知,清朝
23640,书山,未知,清朝
23641,书昌,未知,清朝
23642,伊灵阿,未知,清朝
23643,单德谟,未知,清朝
23644,图尔泰,未知,清朝
23645,塞岱,未知,清朝
23646,夏之芳,未知,清朝
23647,奚德慎,未知,清朝
23648,孟邵,未知,清朝
23649,官保,未知,清朝
23650,尹秦,未知,清朝
23651,明善,未知,清朝
23652,景考祥,未知,清朝
23653,朱丕烈,未知,清朝
23654,李元直,未知,清朝
23655,李友棠,未知,清朝
23656,李宜青,未知,清朝
23657,杨世昌,未知,清朝
23658,杨二酉,未知,清朝
23659,杨开鼎,未知,清朝
23660,林天木,未知,清朝
23661,汪继璟,未知,清朝
23662,熊学鹏,未知,清朝
23663,王显曾,未知,清朝
23664,白瀛,未知,清朝
23665,白起图,未知,清朝
23666,禅济布,未知,清朝
23667,立柱,未知,清朝
23668,索琳,未知,清朝
23669,舒辂,未知,清朝
23670,范咸,未知,清朝
23671,诺穆布,未知,清朝
23672,赫硕色,未知,清朝
23673,雷轮,未知,清朝
23674,黄叔璥,未知,清朝
23675,喀尔崇义,未知,清朝
23676,宗室实麟,未知,清朝
23677,永泰,未知,清朝
23678,觉罗图思义,未知,清朝
23679,觉罗柏修,未知,清朝
23680,高山,未知,清朝
23681,刘璈,未知,清朝
23682,万钟杰,未知,清朝
23683,刘大懿,未知,清朝
23684,刘鸿翱,未知,清朝
23685,史谱,未知,清朝
23686,叶世倬,未知,清朝
23687,吴大廷,未知,清朝
23688,周凯,未知,清朝
23689,周续,未知,清朝
23690,周漪,未知,清朝
23691,夏献纶,未知,清朝
23692,季学锦,未知,清朝
23693,定保,未知,清朝
23694,张志绪,未知,清朝
23695,徐宗干,未知,清朝
23696,沈汝瀚,未知,清朝
23697,潘骏章,未知,清朝
23698,王庆常,未知,清朝
23699,瑞瑸,未知,清朝
23700,罗奇瑜,未知,清朝
23701,陈鸣志,未知,清朝
23702,黎兆棠,未知,清朝
23703,万国本,未知,清朝
23704,云鸿,未知,清朝
23705,什格,未知,清朝
23706,任文龙,未知,清朝
23707,何勉,未知,清朝
23708,何定江,未知,清朝
23709,倪兴,未知,清朝
23710,倪定得,未知,清朝
23711,党守正,未知,清朝
23712,关桂,未知,清朝
23713,冯建功,未知,清朝
23714,刘仁柏,未知,清朝
23715,刘奇伟,未知,清朝
23716,刘子桢,未知,清朝
23717,刘成魁,未知,清朝
23718,刘文珍,未知,清朝
23719,卓威光,未知,清朝
23720,卫圣畴,未知,清朝
23721,台湾镇,未知,清朝
23722,叶凯,未知,清朝
23723,叶国鼎,未知,清朝
23724,叶巨刚,未知,清朝
23725,叶常春,未知,清朝
23726,叶晞旸,未知,清朝
23727,吕得胜,未知,清朝
23728,吕瑞麟,未知,清朝
23729,吴光亮,未知,清朝
23730,吴光忠,未知,清朝
23731,吴国麟,未知,清朝
23732,吴大瑞,未知,清朝
23733,吴奇勋,未知,清朝
23734,吴奇贵,未知,清朝
23735,吴安邦,未知,清朝
23736,吴定邦,未知,清朝
23737,吴得勋,未知,清朝
23738,吴志忠,未知,清朝
23739,吴朝祥,未知,清朝
23740,吴朝良,未知,清朝
23741,吴英汉,未知,清朝
23742,吴鸿源,未知,清朝
23743,周善初,未知,清朝
23744,周承恩,未知,清朝
23745,唐守赞,未知,清朝
23746,唐希顺,未知,清朝
23747,夏汝贤,未知,清朝
23748,姚堂,未知,清朝
23749,姚应梦,未知,清朝
23750,孙全谋,未知,清朝
23751,孙得发,未知,清朝
23752,孟伍进,未知,清朝
23753,官玉,未知,清朝
23754,尚宣,未知,清朝
23755,崔相国,未知,清朝
23756,左瑛,未知,清朝
23757,常太,未知,清朝
23758,常遇恩,未知,清朝
23759,庄秉元,未知,清朝
23760,庄芳机,未知,清朝
23761,廖光宇,未知,清朝
23762,张世熊,未知,清朝
23763,张国,未知,清朝
23764,张天骏,未知,清朝
23765,张宪载,未知,清朝
23766,张家宾,未知,清朝
23767,张应金,未知,清朝
23768,张得功,未知,清朝
23769,张无咎,未知,清朝
23770,张旺,未知,清朝
23771,张显贵,未知,清朝
23772,张朝发,未知,清朝
23773,张永龙,未知,清朝
23774,张玉麒,未知,清朝
23775,张见升,未知,清朝
23776,徐廷荣,未知,清朝
23777,徐进才,未知,清朝
23778,戚连新,未知,清朝
23779,戴宪宗,未知,清朝
23780,戴福,未知,清朝
23781,招万成,未知,清朝
23782,敏禄,未知,清朝
23783,施得高,未知,清朝
23784,施必功,未知,清朝
23785,明祥,未知,清朝
23786,朱光正,未知,清朝
23787,朱天奇,未知,清朝
23788,朱文,未知,清朝
23789,朱杰,未知,清朝
23790,李云标,未知,清朝
23791,李光显,未知,清朝
23792,李共,未知,清朝
23793,李南馨,未知,清朝
23794,李友臣,未知,清朝
23795,李定勋,未知,清朝
23796,李文澜,未知,清朝
23797,李日程,未知,清朝
23798,李有用,未知,清朝
23799,李朝安,未知,清朝
23800,李维扬,未知,清朝
23801,李芳园,未知,清朝
23802,李长明,未知,清朝
23803,杨文魁,未知,清朝
23804,杨普,未知,清朝
23805,杨武镇,未知,清朝
23806,杨添,未知,清朝
23807,杨继勋,未知,清朝
23808,杨钾南,未知,清朝
23809,林亮,未知,清朝
23810,林光玉,未知,清朝
23811,林吕韬,未知,清朝
23812,林君升,未知,清朝
23813,林天洛,未知,清朝
23814,林廷福,未知,清朝
23815,林得成,未知,清朝
23816,林志忠,未知,清朝
23817,林晃,未知,清朝
23818,林珠,未知,清朝
23819,林瑞凤,未知,清朝
23820,林福喜,未知,清朝
23821,林荣茂,未知,清朝
23822,林葵,未知,清朝
23823,林续,未知,清朝
23824,林贵,未知,清朝
23825,柯俊,未知,清朝
23826,梁时楹,未知,清朝
23827,欧阳凯,未知,清朝
23828,江化龙,未知,清朝
23829,江国珍,未知,清朝
23830,江奕喜,未知,清朝
23831,江继芸,未知,清朝
23832,江起蛟,未知,清朝
23833,江鹤,未知,清朝
23834,汤亨斌,未知,清朝
23835,汤得升,未知,清朝
23836,沈廷耀,未知,清朝
23837,沈朝冠,未知,清朝
23838,海隆阿,未知,清朝
23839,温兆凤,未知,清朝
23840,温有哲,未知,清朝
23841,游崇功,未知,清朝
23842,滕国春,未知,清朝
23843,潘承家,未知,清朝
23844,潘汝渭,未知,清朝
23845,潘韬,未知,清朝
23846,焦云,未知,清朝
23847,熊廷扬,未知,清朝
23848,王万祥,未知,清朝
23849,王万邦,未知,清朝
23850,王三元,未知,清朝
23851,王介福,未知,清朝
23852,王光韬,未知,清朝
23853,王化行,未知,清朝
23854,王郡,未知,清朝
23855,王国兴,未知,清朝
23856,王国宪,未知,清朝
23857,王国忠,未知,清朝
23858,珊琳,未知,清朝
23859,白道升,未知,清朝
23860,祈进忠,未知,清朝
23861,福兰泰,未知,清朝
23862,穆维雍,未知,清朝
23863,章隆,未知,清朝
23864,章高元,未知,清朝
23865,编柱,未知,清朝
23866,罗万仓,未知,清朝
23867,罗光干,未知,清朝
23868,罗卓,未知,清朝
23869,翁国桢,未知,清朝
23870,聂世俊,未知,清朝
23871,聂国翰,未知,清朝
23872,胡振声,未知,清朝
23873,胡桂清,未知,清朝
23874,苏吉良,未知,清朝
23875,苏斐然,未知,清朝
23876,苏明良,未知,清朝
23877,英林,未知,清朝
23878,莫邝纬,未知,清朝
23879,萧得华,未知,清朝
23880,萧瑞芳,未知,清朝
23881,萧璟,未知,清朝
23882,董大功,未知,清朝
23883,董方,未知,清朝
23884,董金凤,未知,清朝
23885,康陵,未知,清朝
23886,李隆,未知,清朝
23887,特克什布,未知,清朝
23888,王元,未知,清朝
23889,苏巴尔汉,未知,清朝
23890,许云,未知,清朝
23891,陈伦炯,未知,清朝
23892,魏大猷,未知,清朝
23893,高得志,未知,清朝
23894,林洛,未知,清朝
23895,黄良,未知,清朝
23896,裴镜,未知,清朝
23897,陈启灿,未知,清朝
23898,赵一琴,未知,清朝
23899,龚宣,未知,清朝
23900,黄凤,未知,清朝
23901,金蟾桂,未知,清朝
23902,陈宗薄,未知,清朝
23903,郑瑞,未知,清朝
23904,隋光德,未知,清朝
23905,丁朝雄,未知,清朝
23906,陈光昭,未知,清朝
23907,陈上高,未知,清朝
23908,邹经,未知,清朝
23909,詹胜,未知,清朝
23910,钱万逵,未知,清朝
23911,邱良功,未知,清朝
23912,林承昌,未知,清朝
23913,谢恩诏,未知,清朝
23914,蔡安国,未知,清朝
23915,陈光求,未知,清朝
23916,陈一凯,未知,清朝
23917,陈化成,未知,清朝
23918,邵永福,未知,清朝
23919,谢建雍,未知,清朝
23920,黄贵,未知,清朝
23921,许灵,未知,清朝
23922,邱镇功,未知,清朝
23923,陈显生,未知,清朝
23924,郭扬声,未知,清朝
23925,吕大升,未知,清朝
23926,黄礼鉁,未知,清朝
23927,陈启祥,未知,清朝
23928,周振邦,未知,清朝
23929,郑超英,未知,清朝
23930,谢璇,未知,清朝
23931,陈策,未知,清朝
23932,黄英,未知,清朝
23933,马骥,未知,清朝
23934,陈汝键,未知,清朝
23935,马龙图,未知,清朝
23936,薛瑞,未知,清朝
23937,陈勇,未知,清朝
23938,马负书,未知,清朝
23939,陈林每,未知,清朝
23940,马大用,未知,清朝
23941,甘国宝,未知,清朝
23942,游金辂,未知,清朝
23943,杨瑞,未知,清朝
23944,王巍,未知,清朝
23945,叶相德,未知,清朝
23946,戴廷栋,未知,清朝
23947,吴必达,未知,清朝
23948,章绅,未知,清朝
23949,何思和,未知,清朝
23950,金彪,未知,清朝
23951,蓝元枚,未知,清朝
23952,颜鸣皋,未知,清朝
23953,董果,未知,清朝
23954,张继勋,未知,清朝
23955,张猛,未知,清朝
23956,柴大纪,未知,清朝
23957,陆廷柱,未知,清朝
23958,普吉保,未知,清朝
23959,蔡攀龙,未知,清朝
23960,奎林,未知,清朝
23961,哈当阿,未知,清朝
23962,爱新泰,未知,清朝
23963,许松年,未知,清朝
23964,武隆阿,未知,清朝
23965,庆山,未知,清朝
23966,印登额,未知,清朝
23967,观喜,未知,清朝
23968,明保,未知,清朝
23969,赵裕福,未知,清朝
23970,蔡万龄,未知,清朝
23971,刘廷斌,未知,清朝
23972,保芝琳,未知,清朝
23973,昌伊苏,未知,清朝
23974,武攀凤,未知,清朝
23975,叶长春,未知,清朝
23976,吕恒安,未知,清朝
23977,叶绍春,未知,清朝
23978,恒裕,未知,清朝
23979,邵连科,未知,清朝
23980,林向荣,未知,清朝
23981,曾元福,未知,清朝
23982,曾玉明,未知,清朝
23983,刘明灯,未知,清朝
23984,朱德明,未知,清朝
23985,杨在元,未知,清朝
23986,林宜华,未知,清朝
23987,张其光,未知,清朝
23988,张琴,未知,清朝
23989,詹六奇,未知,清朝
23990,陈国任,未知,清朝
23991,赵呈烜,未知,清朝
23992,顾元亮,未知,清朝
23993,郑李嘉,未知,清朝
23994,邱有章,未知,清朝
23995,魏文伟,未知,清朝
23996,谈秀,未知,清朝
23997,魏宗圣,未知,清朝
23998,许德,未知,清朝
23999,魏大斌,未知,清朝
24000,黄象新,未知,清朝
24001,魏成名,未知,清朝
24002,陈景星,未知,清朝
24003,陈梦熊,未知,清朝
24004,郭继青,未知,清朝
24005,阮朝良,未知,清朝
24006,陈景岚,未知,清朝
24007,詹功显,未知,清朝
24008,谢焜,未知,清朝
24009,韩嘉谟,未知,清朝
24010,黄进平,未知,清朝
24011,许扬州,未知,清朝
24012,陈国铨,未知,清朝
24013,黄锦云,未知,清朝
24014,陈宗凯,未知,清朝
24015,袁大鹤,未知,清朝
24016,袁廷芝,未知,清朝
24017,观柱,未知,清朝
24018,谢复云,未知,清朝
24019,赫生额,未知,清朝
24020,郑续,未知,清朝
24021,郝富有,未知,清朝
24022,郭宏基,未知,清朝
24023,金殿安,未知,清朝
24024,阮蔡文,未知,清朝
24025,陈大恩,未知,清朝
24026,陈贵,未知,清朝
24027,陈邦光,未知,清朝
24028,雷泽远,未知,清朝
24029,靳光翰,未知,清朝
24030,鲁安邦,未知,清朝
24031,黄其汉,未知,清朝
24032,高地,未知,清朝
24033,白齐文,未知,清朝
24034,陈玉成,未知,清朝
24035,程学启,绿武,清朝
24036,陈坤书,未知,清朝
24037,陈得才,未知,清朝
24038,陈炳文,未知,清朝
24039,傅善祥,未知,清朝
24040,范汝增,未知,清朝
24041,古隆贤,未知,清朝
24042,吉文元,未知,清朝
24043,郜云官,未知,清朝
24044,黄文金,未知,清朝
24045,黄呈忠,未知,清朝
24046,黄少春,绿武,清朝
24047,李世贤,未知,清朝
24048,李开芳,未知,清朝
24049,刘官芳,未知,清朝
24050,李秀成,未知,清朝
24051,林启荣,未知,清朝
24052,梁成富,未知,清朝
24053,练业坤,未知,清朝
24054,蓝成春,未知,清朝
24055,赖汉英,未知,清朝
24056,赖文光,未知,清朝
24057,陆顺德,未知,清朝
24058,莫仕葵,未知,清朝
24059,蒙得恩,未知,清朝
24060,马融和,未知,清朝
24061,牛宏升,未知,清朝
24062,潘贵升,未知,清朝
24063,秦日纲,未知,清朝
24064,邱远才,未知,清朝
24065,任化邦,未知,清朝
24066,石达开,蓝武,清朝
24067,石祥祯,未知,清朝
24068,谭体元,未知,清朝
24069,唐正才,未知,清朝
24070,童容海,未知,清朝
24071,谭绍光,未知,清朝
24072,汪海洋,未知,清朝
24073,叶云莱,未知,清朝
24074,杨辅清,未知,清朝
24075,曾天养,未知,清朝
24076,朱衣点,未知,清朝
24077,蔡元隆,未知,清朝
24078,呤唎,未知,清朝
24079,朱锡琨,未知,清朝
24080,洪宣娇,未知,清朝
24081,胡以晃,未知,清朝
24082,韦俊,未知,清朝
24083,鲍超,未知,清朝
24084,周寿臣,未知,清朝
24085,蒋益澧,未知,清朝
24086,丁汝昌,蓝武,清朝
24087,丁日昌,蓝武,清朝
24088,多隆阿,未知,清朝
24089,邓廷桢,未知,清朝
24090,邓世昌,未知,清朝
24091,冯云山,未知,清朝
24092,奕欣,蓝文,清朝
24093,郭嵩焘,未知,清朝
24094,郭松林,绿武,清朝
24095,高连升,未知,清朝
24096,胡林翼,绿色,清朝
24097,洪秀全,未知,清朝
24098,康有为,未知,清朝
24099,刘典,绿文,清朝
24100,李鸿章,蓝武,清朝
24101,李臣典,未知,清朝
24102,林旭,蓝文,清朝
24103,罗泽南,未知,清朝
24104,聂士成,绿文,清朝
24105,彭毓橘,绿文,清朝
24106,潘鼎新,绿武,清朝
24107,荣禄,未知,清朝
24108,唐定奎,绿武,清朝
24109,唐殿魁,绿武,清朝
24110,谭嗣同,蓝文,清朝
24111,康国器,未知,清朝
24112,王德榜,未知,清朝
24113,吴毓兰,绿武,清朝
24114,翁同和,未知,清朝
24115,韦昌辉,蓝文,清朝
24116,薛福成,绿色,清朝
24117,杨秀清,未知,清朝
24118,袁昶,未知,清朝
24119,杨深秀,蓝文,清朝
24120,袁世凯,未知,清朝
24121,赵秉钧,未知,清朝
24122,周盛波,绿武,清朝
24123,周盛传,蓝武,清朝
24124,左宗棠,蓝文!,清朝
24125,张树珊,绿色,清朝
24126,曾国藩,紫文,清朝
24127,曾国荃,蓝文,清朝
24128,曾纪泽,未知,清朝
24129,朱洪章,绿文,清朝
24130,赵藩,未知,清朝
24131,赵尔巽,未知,清朝
24132,光绪帝,未知,清朝
24133,同治帝,未知,清朝
24134,咸丰,未知,清朝
24135,李莲英,未知,清朝
24136,熊养和,未知,清朝
24137,珍妃,绿文,清朝
24138,裕德龄,绿文,清朝
24139,道光皇帝,绿文,清朝
24140,慈禧,绿文,清朝
24141,温德勒克西,未知,清朝
24142,成皇后,未知,清朝
24143,皇贵妃,未知,清朝
24144,康广仁,蓝文,清朝
24145,徐佩旒,未知,清朝
24146,徐礼明,未知,清朝
24147,徐日培,未知,清朝
24148,徐广滔,未知,清朝
24149,徐临端,未知,清朝
24150,徐茂燎,未知,清朝
24151,徐松根,未知,清朝
24152,徐满凌,未知,清朝
24153,徐昭良,未知,清朝
24154,徐培添,未知,清朝
24155,徐保生,未知,清朝
24156,徐廉辉,未知,清朝
24157,徐容九,未知,清朝
24158,徐进照,未知,清朝
24159,徐褶成,未知,清朝
24160,徐应安,未知,清朝
24161,李柄辉,未知,清朝
24162,李晚,未知,清朝
24163,李文楷,未知,清朝
24164,李文甫,未知,清朝
24165,李雁南,未知,清朝
24166,陈春,未知,清朝
24167,陈潮,未知,清朝
24168,陈文褒,未知,清朝
24169,罗仲霍,未知,清朝
24170,罗坤,未知,清朝
24171,庞雄,未知,清朝
24172,周华,未知,清朝
24173,游寿,未知,清朝
24174,江继复,未知,清朝
24175,郭继枚,未知,清朝
24176,劳培,未知,清朝
24177,杜凤书,未知,清朝
24178,余东雄,未知,清朝
24179,马侣,未知,清朝
24180,黄鹤鸣,未知,清朝
24181,饶辅廷,未知,清朝
24182,张学铨,未知,清朝
24183,周增,未知,清朝
24184,林修明,未知,清朝
24185,方声洞,未知,清朝
24186,冯超骧,未知,清朝
24187,罗乃琳,未知,清朝
24188,卓秋元,未知,清朝
24189,黄忠炳,未知,清朝
24190,王灿登,未知,清朝
24191,胡应升,未知,清朝
24192,林西惠,未知,清朝
24193,林尹民,未知,清朝
24194,林文,未知,清朝
24195,林时爽,未知,清朝
24196,刘元栋,未知,清朝
24197,魏金龙,未知,清朝
24198,陈可钧,未知,清朝
24199,陈更新,未知,清朝
24200,陈与焱,未知,清朝
24201,陈清畴,未知,清朝
24202,陈发炎,未知,清朝
24203,韦树模,未知,清朝
24204,韦荣初,未知,清朝
24205,韦统淮,未知,清朝
24206,韦统钤,未知,清朝
24207,李德山,未知,清朝
24208,林盛初,未知,清朝
24209,秦炳,未知,清朝
24210,饶国梁,未知,清朝
24211,程良,未知,清朝
24212,宋玉琳,未知,清朝
24213,石德宽,未知,清朝
24214,张照,未知,清朝
24215,陈梓,未知,清朝
24216,乔大壮,未知,清朝
24217,丁传靖,未知,清朝
24218,丁敬,未知,清朝
24219,范骧,未知,清朝
24220,孔继涑,未知,清朝
24221,梁巘,未知,清朝
24222,李仲干,未知,清朝
24223,梁同书,未知,清朝
24224,梁诗正,未知,清朝
24225,梁国治,未知,清朝
24226,梅调鼎,未知,清朝
24227,沈景修,未知,清朝
24228,沈荃,未知,清朝
24229,邵贴,未知,清朝
24230,吴大澄,未知,清朝
24231,王文治,未知,清朝
24232,严绳孙,未知,清朝
24233,杨沂孙,未知,清朝
24234,杨岘,未知,清朝
24235,曾熙,未知,清朝
24236,邓石如,未知,清朝
24237,黄易,未知,清朝
24238,陈撰,未知,清朝
24239,蔡东藩,未知,清朝
24240,戴名世,未知,清朝
24241,方东树,未知,清朝
24242,龚自珍,未知,清朝
24243,高士奇,未知,清朝
24244,洪升,未知,清朝
24245,韩邦庆,未知,清朝
24246,黄以周,未知,清朝
24247,孔尚任,未知,清朝
24248,吕碧城,未知,清朝
24249,李元度,绿文,清朝
24250,刘蓉,绿文,清朝
24251,李邺嗣,未知,清朝
24252,刘鹗,未知,清朝
24253,吕留良,未知,清朝
24254,李斗,未知,清朝
24255,李宝嘉,未知,清朝
24256,蒲松龄,未知,清朝
24257,钱宝琛,未知,清朝
24258,王尔烈,蓝文,清朝
24259,吴汝纶,未知,清朝
24260,汪琬,未知,清朝
24261,王士祯,未知,清朝
24262,王韬,未知,清朝
24263,夏燮,未知,清朝
24264,夏丏尊,未知,清朝
24265,严遂成,未知,清朝
24266,严复,未知,清朝
24267,俞万春,未知,清朝
24268,俞正燮,未知,清朝
24269,姚鼐,未知,清朝
24270,曾朴,未知,清朝
24271,张潮,未知,清朝
24272,赵翼,未知,清朝
24273,吴敬梓,未知,清朝
24274,姚际恒,未知,清朝
24275,孙髯翁,未知,清朝
24276,恽敬,未知,清朝
24277,文康,未知,清朝
24278,方苞,未知,清朝
24279,曹寅,未知,清朝
24280,李调元,未知,清朝
24281,程伟元,未知,清朝
24282,程晋芳,未知,清朝
24283,董兆熊,未知,清朝
24284,蒋春霖,未知,清朝
24285,褚人获,未知,清朝
24286,陈廷敬,未知,清朝
24287,顾太清,未知,清朝
24288,唐英,绿文,清朝
24289,尹湛纳希,未知,清朝
24290,张惠言,未知,清朝
24291,干隆帝,未知,清朝
24292,陈三立,未知,清朝
24293,李慈铭,未知,清朝
24294,陆圻,未知,清朝
24295,史承谦,未知,清朝
24296,谭宗浚,未知,清朝
24297,夏修恕,未知,清朝
24298,尤澹仙,未知,清朝
24299,杨圻,未知,清朝
24300,李若虚,未知,清朝
24301,西泠十子,未知,清朝
24302,惠栋,未知,清朝
24303,廖平,未知,清朝
24304,李绂,绿色,清朝
24305,潘德舆,未知,清朝
24306,皮锡瑞,未知,清朝
24307,阮元,绿文,清朝
24308,王鸣盛,未知,清朝
24309,张伯行,未知,清朝
24310,焦循,未知,清朝
24311,熊赐履,未知,清朝
24312,清初五大师,未知,清朝
24313,朱舜水,未知,清朝
24314,阿桂,未知,清朝
24315,成大吉,未知,清朝
24316,陈世章,未知,清朝
24317,张玉良,未知,清朝
24318,德兴阿,未知,清朝
24319,杜文秀,未知,清朝
24320,冯子才,未知,清朝
24321,关天培,未知,清朝
24322,和春,绿文,清朝
24323,郑汝成,未知,清朝
24324,刘步蟾,未知,清朝
24325,李长祥,未知,清朝
24326,刘秉璋,绿文,清朝
24327,林永升,未知,清朝
24328,林泰曾,未知,清朝
24329,骆秉章,未知,清朝
24330,彭玉麟,绿色,清朝
24331,孙延龄,未知,清朝
24332,尚之信,绿文,清朝
24333,双福,未知,清朝
24334,向荣,未知,清朝
24335,宋庆,未知,清朝
24336,李续宜,绿文,清朝
24337,胜保,未知,清朝
24338,萨镇冰,绿文,清朝
24339,赛尚阿,未知,清朝
24340,图海,未知,清朝
24341,塔齐布,未知,清朝
24342,乌兰泰,未知,清朝
24343,华尔,未知,清朝
24344,姚启圣,蓝文,清朝
24345,袁寿山,未知,清朝
24346,饶廷选,未知,清朝
24347,张乐行,未知,清朝
24348,张宗禹,未知,清朝
24349,周秀英,未知,清朝
24350,张佩纶,未知,清朝
24351,周天受,未知,清朝
24352,张国梁,未知,清朝
24353,臧纡青,未知,清朝
24354,蔡毓荣,未知,清朝
24355,年羹尧,未知,清朝
24356,张格尔,未知,清朝
24357,李文茂,未知,清朝
24358,王囊仙,未知,清朝
24359,白彦虎,未知,清朝
24360,董福祥,未知,清朝
24361,爱新觉罗博洛,未知,清朝
24362,丢乐德克,未知,清朝
24363,爱新觉罗·多铎,未知,清朝
24364,法尔思德,未知,清朝
24365,赖塔杰书,未知,清朝
24366,僧格林沁,未知,清朝
24367,大和卓波罗尼都,未知,清朝
24368,小和卓霍集占,未知,清朝
24369,爱新觉罗阿巴泰,未知,清朝
24370,萨木萨克,未知,清朝
24371,吴长庆,蓝武！,清朝
24372,李善兰,未知,清朝
24373,徐寿,蓝文,清朝
24374,刘沅,未知,清朝
24375,郑寿全,未知,清朝
24376,昭梿,未知,清朝
24377,毕沅,未知,清朝
24378,秦缃业,未知,清朝
24379,陈康祺,未知,清朝
24380,冯集梧,未知,清朝
24381,杭世骏,未知,清朝
24382,胡渭,未知,清朝
24383,徐倬,未知,清朝
24384,计六奇,未知,清朝
24385,谷应泰,未知,清朝
24386,李天根,未知,清朝
24387,李有棠,未知,清朝
24388,缪荃荪,未知,清朝
24389,钮琇,未知,清朝
24390,彭遵泗,未知,清朝
24391,汤球,未知,清朝
24392,屠寄,未知,清朝
24393,汪中,未知,清朝
24394,翁广平,未知,清朝
24395,汪楫,未知,清朝
24396,吴廷燮,未知,清朝
24397,汪由敦,未知,清朝
24398,温睿临,未知,清朝
24399,徐干学,未知,清朝
24400,徐元文,未知,清朝
24401,徐鼒,未知,清朝
24402,姚之骃,未知,清朝
24403,杨守敬,未知,清朝
24404,姚永朴,未知,清朝
24405,朱铭盘,未知,清朝
24406,查继佐,未知,清朝
24407,张廷玉,未知,清朝
24408,郑亦邹,未知,清朝
24409,曹廷杰,绿文,清朝
24410,顾祖禹,未知,清朝
24411,齐召南,绿文,清朝
24412,徐松,未知,清朝
24413,奕山,未知,清朝
24414,鲍康,未知,清朝
24415,白映棠,未知,清朝
24416,曹振镛,未知,清朝
24417,陈鹏年,未知,清朝
24418,陈本忠,未知,清朝
24419,陈名夏,未知,清朝
24420,陈永命,未知,清朝
24421,蔡珽,未知,清朝
24422,陈宝琛,未知,清朝
24423,陈若霖,未知,清朝
24424,周培公,未知,清朝
24425,岑春煊,未知,清朝
24426,蔡儒楷,未知,清朝
24427,陈季同,未知,清朝
24428,青麟,未知,清朝
24429,窦光鼎,未知,清朝
24430,丁振铎,未知,清朝
24431,范文程,未知,清朝
24432,冯应榴,未知,清朝
24433,方拱干,未知,清朝
24434,方履中,未知,清朝
24435,冯国璋,未知,清朝
24436,冯溥,未知,清朝
24437,韩菼,未知,清朝
24438,胡格,未知,清朝
24439,郝晋,未知,清朝
24440,何璟,未知,清朝
24441,何桂清,绿文,清朝
24442,韩国钧,蓝文,清朝
24443,蒋良骐,绿色,清朝
24444,季开生,未知,清朝
24445,蒋文庆,绿文,清朝
24446,孔自洙,绿文,清朝
24447,劳乃宣,绿文,清朝
24448,陆求可,未知,清朝
24449,李经芳,未知,清朝
24450,梁济,未知,清朝
24451,李文田,绿色,清朝
24452,梁樟,绿文,清朝
24453,李鸿藻,绿文,清朝
24454,隆科多,蓝文,清朝
24455,李佐贤,绿文,清朝
24456,廖鸿荃,未知,清朝
24457,李卫,紫文,清朝
24458,刘统勋,蓝文,清朝
24459,陆荣廷,未知,清朝
24460,龙文彬,绿文,清朝
24461,刘绎,未知,清朝
24462,李经方,绿文,清朝
24463,李光地,蓝文,清朝
24464,林启,绿文,清朝
24465,罗芳伯,绿文,清朝
24466,罗遵殿,绿文,清朝
24467,陆建瀛,绿文,清朝
24468,马新贻,绿文,清朝
24469,闵度,绿文,清朝
24470,马建忠,绿文,清朝
24471,纽琇,未知,清朝
24472,那桐,绿文,清朝
24473,潘耒,未知,清朝
24474,瞿鸿禨,绿文,清朝
24475,瑞澄,绿文,清朝
24476,宋祖法,绿文,清朝
24477,孙期昌,绿文,清朝
24478,孙之獬,绿文,清朝
24479,徐有壬,绿文,清朝
24480,沈桂芬,绿文,清朝
24481,薛焕,未知,清朝
24482,陶澍,绿文,清朝
24483,邓肇坚,绿文,清朝
24484,田本沛,绿文,清朝
24485,邓志昂,绿文,清朝
24486,汤斌,未知,清朝
24487,谭钟麟,绿文,清朝
24488,陶恩培,未知,清朝
24489,伍秉鉴,未知,清朝
24490,王震起,绿文,清朝
24491,文祥,绿文,清朝
24492,魏光焘,蓝文,清朝
24493,王祖庆,绿文,清朝
24494,吴良辅,蓝文,清朝
24495,汪大燮,绿文,清朝
24496,王顼龄,绿文,清朝
24497,汪鸣銮,绿色,清朝
24498,温世霖,未知,清朝
24499,倭仁,绿文,清朝
24500,吴棠,绿文,清朝
24501,吴煦,未知,清朝
24502,吴健彰,未知,清朝
24503,吴文镕,绿色,清朝
24504,王有龄,未知,清朝
24505,徐元梦,绿文,清朝
24506,萧应椿,蓝文,清朝
24507,萧朝贵,绿文,清朝
24508,徐嗣曾,未知,清朝
24509,徐桐,绿色,清朝
24510,于敏中,蓝文！,清朝
24511,叶名琛,绿文,清朝
24512,叶方霭,绿文,清朝
24513,袁甲三,绿文,清朝
24514,尹继善,绿文,清朝
24515,杨琪,绿文,清朝
24516,杨衢云,未知,清朝
24517,郑孝胥,未知,清朝
24518,赵启霖,绿文,清朝
24519,常大淳,绿武,清朝
24520,张百熙,未知,清朝
24521,罗伯特·赫德,未知,清朝
24522,纳兰明珠,未知,清朝
24523,索尼,蓝文,清朝
24524,谢升,绿文,清朝
24525,王九龄,绿文,清朝
24526,王文清,绿文,清朝
24527,赵继鼎,绿文,清朝
24528,朱筠,未知,清朝
24529,赵尔丰,未知,清朝
24530,赵申乔,未知,清朝
24531,何如璋,未知,清朝
24532,刚毅,未知,清朝
24533,官文,未知,清朝
24534,徐锡麟,未知,清朝
24535,恩铭,未知,清朝
24536,曹显庚,未知,清朝
24537,杨名时,未知,清朝
24538,杨增新,未知,清朝
24539,毓贤,未知,清朝
24540,洪仁玕,未知,清朝
24541,溥伦,未知,清朝
24542,福长安,未知,清朝
24543,穆彰阿,未知,清朝
24544,端方,未知,清朝
24545,耆英,未知,清朝
24546,荫昌,未知,清朝
24547,载洵,未知,清朝
24548,鄂尔泰,未知,清朝
24549,陆鹤,未知,清朝
24550,陈夔龙,未知,清朝
24551,麟桂,未知,清朝
24552,黄绍箕,未知,清朝
24553,丰绅殷德,未知,清朝
24554,洪天贵福,未知,清朝
24555,爱新觉罗弘皙,未知,清朝
24556,苏克萨哈,未知,清朝
24557,鹿传霖,未知,清朝
24558,吴郁生,未知,清朝
24559,爱新觉罗毓朗,未知,清朝
24560,世铎,未知,清朝
24561,徐世昌,未知,清朝
24562,毓朗,未知,清朝
24563,陈宝箴,未知,清朝
24564,康有溥,未知,清朝
24565,吴保初,未知,清朝
24566,知新报,未知,清朝
24567,徐仁铸,未知,清朝
24568,陶菊存,未知,清朝
24569,丁惠康,未知,清朝
24570,小德张,未知,清朝
24571,姜士桢,未知,清朝
24572,于成龙,未知,清朝
24573,王来任,未知,清朝
24574,琦善,未知,清朝
24575,陈大受,未知,清朝
24576,吴兴祚,未知,清朝
24577,姚棻,未知,清朝
24578,张师诚,未知,清朝
24579,浦霖,未知,清朝
24580,陈宏谋,未知,清朝
24581,雅德,未知,清朝
24582,杨士骧,未知,清朝
24583,袁树勋,未知,清朝
24584,张人骏,未知,清朝
24585,丁宝桢,未知,清朝
24586,佟养甲,未知,清朝
24587,倭什布,未知,清朝
24588,傅拉塔,未知,清朝
24589,刘长佑,未知,清朝
24590,卢兴祖,未知,清朝
24591,卢坤,未知,清朝
24592,史贻直,未知,清朝
24593,吉庆,未知,清朝
24594,吴熊光,未知,清朝
24595,周有德,未知,清朝
24596,噶礼,未知,清朝
24597,增祺,未知,清朝
24598,孔毓珣,未知,清朝
24599,孙士毅,未知,清朝
24600,富勒浑,未知,清朝
24601,巴延三,未知,清朝
24602,庆复,未知,清朝
24603,张兆栋,未知,清朝
24604,张树声,未知,清朝
24605,张鸣岐,未知,清朝
24606,张鹏翮,未知,清朝
24607,徐广缙,未知,清朝
24608,德沛,未知,清朝
24609,扬锡绂,未知,清朝
24610,施世纶,未知,清朝
24611,晏端书,未知,清朝
24612,朱圭,未知,清朝
24613,李侍尧,未知,清朝
24614,李栖凤,未知,清朝
24615,李瀚章,未知,清朝
24616,李率泰,未知,清朝
24617,李鸿宾,未知,清朝
24618,杨应琚,未知,清朝
24619,杨殿邦,未知,清朝
24620,杨琳,未知,清朝
24621,松筠,未知,清朝
24622,柏贵,未知,清朝
24623,查弼纳,未知,清朝
24624,王新命,未知,清朝
24625,班第,未知,清朝
24626,瑞麟,未知,清朝
24627,百龄,未知,清朝
24628,石琳,未知,清朝
24629,硕色,未知,清朝
24630,祁填,未知,清朝
24631,策楞,未知,清朝
24632,胡克家,未知,清朝
24633,舒常,未知,清朝
24634,苏昌,未知,清朝
24635,英翰,未知,清朝
24636,范承勋,未知,清朝
24637,范时绎,未知,清朝
24638,董讷,未知,清朝
24639,蒋攸铦,未知,清朝
24640,裕宽,未知,清朝
24641,许兆椿,未知,清朝
24642,赵弘恩,未知,清朝
24643,赵弘灿,未知,清朝
24644,那彦,未知,清朝
24645,那苏图,未知,清朝
24646,邵穆布,未知,清朝
24647,郎廷佐,未知,清朝
24648,郎廷极,未知,清朝
24649,郝玉麟,未知,清朝
24650,郭世隆,未知,清朝
24651,鄂弥达,未知,清朝
24652,金光祖,未知,清朝
24653,铁保,未知,清朝
24654,锡良,未知,清朝
24655,长麟,未知,清朝
24656,长鼐,未知,清朝
24657,阿山,未知,清朝
24658,阿席熙,未知,清朝
24659,阿里衮,未知,清朝
24660,陶模,未知,清朝
24661,马国柱,未知,清朝
24662,马尔泰,未知,清朝
24663,马鸣佩,未知,清朝
24664,高其倬,未知,清朝
24665,魏廷珍,未知,清朝
24666,鹤年,未知,清朝
24667,麻勒吉,未知,清朝
24668,黄宗汉,未知,清朝
24669,德寿,未知,清朝
24670,桂林,未知,清朝
24671,永保,未知,清朝
24672,王庆云,未知,清朝
24673,杨昌浚,未知,清朝
24674,升允,未知,清朝
24675,黄廷桂,未知,清朝
24676,鄂容安,未知,清朝
24677,高晋,未知,清朝
24678,萨载,未知,清朝
24679,李世杰,未知,清朝
24680,书麟,未知,清朝
24681,福崧,未知,清朝
24682,福宁,未知,清朝
24683,雅尔哈善,未知,清朝
24684,周天爵,未知,清朝
24685,裕泰,未知,清朝
24686,程采,未知,清朝
24687,张亮基,未知,清朝
24688,台涌,未知,清朝
24689,杨霈,未知,清朝
24690,谭廷襄,未知,清朝
24691,李翰章,未知,清朝
24692,郭柏荫,未知,清朝
24693,翁同爵,未知,清朝
24694,涂宗瀛,未知,清朝
24695,卞宝第,未知,清朝
24696,谭继洵,未知,清朝
24697,王士珍,未知,清朝
24698,段芝贵,未知,清朝
24699,段祺瑞,未知,清朝
24700,范承谟,未知,清朝
24701,文煜,未知,清朝
24702,富明安,未知,清朝
24703,王懿德,未知,清朝
24704,边宝泉,未知,清朝
24705,李鹤年,未知,清朝
24706,许应骥,未知,清朝
24707,许应骙,未知,清朝
24708,松寿,未知,清朝
24709,怡良,未知,清朝
24710,王继文,未知,清朝
24711,谭钧培,未知,清朝
24712,于振铎,未知,清朝
24713,李经羲,未知,清朝
24714,蔡士英,未知,清朝
24715,靳辅,未知,清朝
24716,姚明辉,绿文,清朝
24717,黄百家,绿文,清朝
24718,梅文鼎,绿文,清朝
24719,吴烺,未知,清朝
24720,吴全佑,蓝武,清朝
24721,姬际可,蓝武,清朝
24722,孙禄堂,未知,清朝
24723,洪熙官,紫武,清朝
24724,赵鑫洲,未知,清朝
24725,马学礼,绿武,清朝
24726,少林五祖,未知,清朝
24727,蔡德忠,蓝武,清朝
24728,方大洪,蓝武,清朝
24729,马超兴,蓝武,清朝
24730,胡德帝,蓝武,清朝
24731,李式开,蓝武,清朝
24732,周慰堂,未知,清朝
24733,李桂官,未知,清朝
24734,四王,未知,清朝
24735,钱慧安,未知,清朝
24736,秦祖永,未知,清朝
24737,戴熙,未知,清朝
24738,丁皋,未知,清朝
24739,丁观鹏,未知,清朝
24740,费丹旭,未知,清朝
24741,徐枋,未知,清朝
24742,胡义赞,未知,清朝
24743,黄慎,未知,清朝
24744,华岩,未知,清朝
24745,恽寿平,未知,清朝
24746,罗牧,未知,清朝
24747,李方膺,未知,清朝
24748,闵贞,未知,清朝
24749,罗聘,未知,清朝
24750,孙祜,未知,清朝
24751,上官周,未知,清朝
24752,王一亭,未知,清朝
24753,王时敏,未知,清朝
24754,王原祁,未知,清朝
24755,王翚,未知,清朝
24756,吴历,未知,清朝
24757,汪士慎,未知,清朝
24758,蒋骥,未知,清朝
24759,虚谷,未知,清朝
24760,张燕昌,未知,清朝
24761,任熏,未知,清朝
24762,周湘,未知,清朝
24763,程兆熊,未知,清朝
24764,陈岷,未知,清朝
24765,朱文治,未知,清朝
24766,张度,未知,清朝
24767,保庆帝,未知,清朝
24768,嘉庆帝,未知,清朝
24769,康熙帝,未知,清朝
24770,顺治帝,未知,清朝
24771,爱新觉罗·努尔哈赤,未知,清朝
24772,爱新觉罗·溥仪,未知,清朝
24773,爱新觉罗·皇太极,未知,清朝
24774,努尔哈赤,蓝文！,清朝
24775,瞿绍基,未知,清朝
24776,江藩,未知,清朝
24777,卢址,未知,清朝
24778,陆心源,未知,清朝
24779,祁理孙,未知,清朝
24780,杨以增,未知,清朝
24781,丁氏兄弟,未知,清朝
24782,丁申,未知,清朝
24783,丁丙,未知,清朝
24784,玉牒,未知,清朝
24785,奕譞图伦荣宪公主,绿文,清朝
24786,溥伟,未知,清朝
24787,爱新觉罗·豪格,未知,清朝
24788,爱新觉罗代善,未知,清朝
24789,豪格,蓝文,清朝
24790,硕塞,未知,清朝
24791,岳托,未知,清朝
24792,济尔哈朗,未知,清朝
24793,勒克德浑,未知,清朝
24794,太原公主,绿文,明朝
24795,和续,未知,清朝
24796,固续,未知,清朝
24797,孔四贞,绿文,清朝
24798,东果格格,绿文,清朝
24799,沈葆祯,绿文,清朝
24800,和硕淑慎公主,绿文,清朝
24801,和硕和嘉公主,绿文,清朝
24802,朱文治 (清朝),绿文,清朝
24803,和硕建宁长公主,绿文,清朝
24804,阮咸 (西晋),绿文,清朝
24805,固伦荣宪公主,绿文,清朝
24806,固伦温宪公主,绿文,清朝
24807,固伦纯悫公主,绿文,清朝
24808,固伦端敏公主,绿文,清朝
24809,敖汉固伦公主,绿文,清朝
24810,爱新觉罗·莽古济,未知,清朝
24811,常在,未知,清朝
24812,答应,未知,清朝
24813,颖贵妃,绿文,清朝
24814,富察晋妃,绿文,清朝
24815,纯惠皇贵妃,绿文,清朝
24816,荣惠皇贵妃,绿文,清朝
24817,敬懿皇太妃,绿文,清朝
24818,荣惠皇太妃,绿文,清朝
24819,珣皇太妃,绿文,清朝
24820,端康皇太妃,绿文,清朝
24821,华妃,绿文,清朝
24822,信妃,绿文,清朝
24823,齐妃,绿文,清朝
24824,荣妃,绿文,清朝
24825,和妃,绿文,清朝
24826,祥妃,绿文,清朝
24827,瑾妃,绿文,清朝
24828,惇妃,绿文,清朝
24829,恕妃,绿文,清朝
24830,惠妃,绿文,清朝
24831,舒妃,绿文,清朝
24832,淑惠妃,绿文,清朝
24833,贞妃,绿文,清朝
24834,博尔济吉特·海兰珠,未知,清朝
24835,博尔济吉特·巴特玛璪,未知,清朝
24836,寿康太妃,绿文,清朝
24837,纯裕勤妃,绿文,清朝
24838,富察·衮代,未知,清朝
24839,容妃,蓝文！,清朝
24840,佟佳·哈哈纳扎青,未知,清朝
24841,定妃万琉哈氏,未知,清朝
24842,顺懿密妃,绿文,清朝
24843,恩嫔,绿文,清朝
24844,淳嫔,绿文,清朝
24845,简嫔,绿文,清朝
24846,荣嫔,绿文,清朝
24847,逊嫔,绿文,清朝
24848,惇怡皇贵妃,绿文,清朝
24849,哲悯皇贵妃,绿文,清朝
24850,慧贤皇贵妃,绿文,清朝
24851,和裕皇贵妃,绿文,清朝
24852,恭顺妃,绿文,清朝
24853,庄和皇贵妃,绿文,清朝
24854,庄顺皇贵妃,绿文,清朝
24855,庄静皇贵妃,绿文,清朝
24856,庆恭皇贵妃陆氏,绿文,清朝
24857,悫惠皇贵妃,绿文,清朝
24858,敦肃皇贵妃,绿文,清朝
24859,敬懿皇贵妃,绿文,清朝
24860,敬敏皇贵妃,绿文,清朝
24861,淑嘉皇贵妃,绿文,清朝
24862,淑慎皇贵妃,绿文,清朝
24863,端恪皇贵妃,绿文,清朝
24864,纯悫皇贵妃,绿文,清朝
24865,彤贵妃,绿文,清朝
24866,玫贵妃,绿文,清朝
24867,婉贵妃,绿文,清朝
24868,戴佳忻妃,绿文,清朝
24869,珂里叶特愉妃,绿文,清朝
24870,伊尔根觉罗循妃,绿文,清朝
24871,文宗婉贵妃,绿文,清朝
24872,钮祜禄贵妃,绿文,清朝
24873,载振,未知,清朝
24874,恒瑞,未知,清朝
24875,载泽,未知,清朝
24876,固山贝子,未知,清朝
24877,多罗贝勒,未知,清朝
24878,爱新觉罗·舒尔哈齐,未知,清朝
24879,赖慕布,未知,清朝
24880,爱新觉罗·博穆博果尔,未知,清朝
24881,爱新觉罗·永琏,未知,清朝
24882,爱新觉罗·阿济格,未知,清朝
24883,爱新觉罗胤祉,未知,清朝
24884,李淑贤,绿文,清朝
24885,魏小玉,未知,清朝
24886,博尔济吉特·哲哲,未知,清朝
24887,孝庄皇太后,未知,清朝
24888,博尔济吉特·荣惠,未知,清朝
24889,博尔济吉特·孟古青,未知,清朝
24890,董鄂·乌云珠,未知,清朝
24891,富察·英琦,未知,清朝
24892,赫舍里·芳仪,未知,清朝
24893,慈安太后,未知,清朝
24894,钮祜禄·兰欣,未知,清朝
24895,钮祜禄·东珠,未知,清朝
24896,佟佳·念锦,未知,清朝
24897,佟佳·仙蕊,未知,清朝
24898,乌雅·德宛,未知,清朝
24899,乌拉那拉·景娴,未知,清朝
24900,乌拉那拉·舒兰,未知,清朝
24901,乌拉那拉·阿巴亥,未知,清朝
24902,叶赫那拉·孟古,未知,清朝
24903,喜塔腊·额穆齐,未知,清朝
24904,郭布罗·婉容,未知,清朝
24905,隆裕太后,未知,清朝
24906,德勒克,未知,清朝
24907,观音保,未知,清朝
24908,乌尔衮,未知,清朝
24909,策棱,未知,清朝
24910,德徽,未知,清朝
24911,景寿,未知,清朝
24912,福隆安,未知,清朝
24913,符珍,未知,清朝
24914,星德,未知,清朝
24915,恩崇,未知,清朝
24916,舜安颜,未知,清朝
24917,噶尔臧,未知,清朝
24918,札兰泰,未知,清朝
24919,德穆楚克扎布,未知,清朝
24920,齐默特多尔济,未知,清朝
24921,敦多布多尔济,未知,清朝
24922,索特纳木多布济,未知,清朝
24923,玛尼巴达喇,未知,清朝
24924,扎拉丰阿,未知,清朝
24925,包捷,未知,清朝
24926,陈笙郊,未知,清朝
24927,陈三岛,未知,清朝
24928,胤佑,绿文,清朝
24929,隆裕,绿文,清朝
24930,阿巴亥,未知,清朝
24931,哲哲,未知,清朝
24932,海兰珠,未知,清朝
24933,孝庄太后,未知,清朝
24934,布木布泰,未知,清朝
24935,娜木钟,未知,清朝
24936,婉容,未知,清朝
24937,陆阿采,未知,清朝
24938,方世玉,蓝色,清朝
24939,马兴超,未知,清朝
24940,庄妃,绿文,清朝
24941,纯惠妃,绿文,清朝
24942,孝献端敬皇后,绿文,清朝
24943,敏惠恭和元妃,绿文,清朝
24944,明珠,蓝文,清朝
24945,庄烈帝愍周皇后,绿文,清朝
24946,清显祖宣皇后,绿文,清朝
24947,孝慈高皇后,绿文,清朝
24948,孝端文皇后,绿文,清朝
24949,孝庄文皇后,绿文,清朝
24950,世祖废后,绿文,清朝
24951,孝惠章皇后,绿文,清朝
24952,孝献皇后,绿文,清朝
24953,孝诚仁皇后,绿文,清朝
24954,孝昭仁皇后,绿文,清朝
24955,孝懿仁皇后,绿文,清朝
24956,孝恭仁皇后,绿文,清朝
24957,孝敬宪皇后,绿文,清朝
24958,孝圣宪皇后,绿文,清朝
24959,孝贤纯皇后,绿文,清朝
24960,孝仪纯皇后,绿文,清朝
24961,孝淑睿皇后,绿文,清朝
24962,孝和睿皇后,绿文,清朝
24963,孝穆成皇后,绿文,清朝
24964,孝慎成皇后,绿文,清朝
24965,孝全成皇后,绿文,清朝
24966,孝静成皇后,绿文,清朝
24967,孝德显皇后,绿文,清朝
24968,孝贞显皇后,绿文,清朝
24969,孝钦显皇后,绿文,清朝
24970,孝哲毅皇后,绿文,清朝
24971,孝定景皇后,绿文,清朝
24972,宣统皇后,绿文,清朝
24973,尤侗,未知,清朝
24974,曹秀先,未知,清朝
24975,赵执信,未知,清朝
24976,丁恺曾,未知,清朝
24977,固伦公主,绿文,清朝
24978,嫩哲格格,绿文,清朝
24979,和硕公主,绿文,清朝
24980,固伦长公主,绿文,清朝
24981,永宁长公主,绿文,清朝
24982,温庄长公主,绿文,清朝
24983,和硕格格,绿文,清朝
24984,固山格格,绿文,清朝
24985,固伦和敬公主,绿文,清朝
24986,和硕和恪公主,绿文,清朝
24987,和硕嘉公主,绿文,清朝
24988,固伦和静公主,绿文,清朝
24989,固伦和孝公主,绿文,清朝
24990,和硕和婉公主,绿文,清朝
24991,巴约特格格,绿文,清朝
24992,肫哲公主,绿文,清朝
24993,敖汉公主,绿文,清朝
24994,淑哲公主,绿文,清朝
24995,固伦端献长公主,绿文,清朝
24996,固伦雍穆长公主,绿文,清朝
24997,固伦端靖长公主,绿文,清朝
24998,固伦温庄长公主,绿文,清朝
24999,端贞长公主,绿文,清朝
25000,固伦端顺长公主,绿文,清朝
25001,和硕恪纯长公主,绿文,清朝
25002,恭悫长公主,绿文,清朝
25003,和硕和顺公主,绿文,清朝
25004,和硕柔嘉公主,绿文,清朝
25005,和硕端敏公主,绿文,清朝
25006,和硕荣宪公主,绿文,清朝
25007,和硕端静公主,绿文,清朝
25008,固伦恪靖公主,绿文,清朝
25009,和硕温宪公主,绿文,清朝
25010,和硕纯悫公主,绿文,清朝
25011,和硕温恪公主,绿文,清朝
25012,和硕悫靖公主,绿文,清朝
25013,和硕敦恪公主,绿文,清朝
25014,和硕纯禧公主,绿文,清朝
25015,固伦纯禧公主,绿文,清朝
25016,和硕怀恪公主,绿文,清朝
25017,和硕和惠公主,绿文,清朝
25018,和硕端柔公主,绿文,清朝
25019,庄敬和硕公主,绿文,清朝
25020,庄静固伦公主,绿文,清朝
25021,慧安和硕公主,绿文,清朝
25022,慧愍固伦公主,绿文,清朝
25023,端悯固伦公主,绿文,清朝
25024,端顺固伦公主,绿文,清朝
25025,寿安固伦公主,绿文,清朝
25026,寿臧和硕公主,绿文,清朝
25027,寿恩固伦公主,绿文,清朝
25028,寿禧和硕公主,绿文,清朝
25029,寿庄固伦公主,绿文,清朝
25030,荣安固伦公主,绿文,清朝
25031,荣寿固伦公主,绿文,清朝
25032,颙琰,绿文,清朝
25033,尹福,未知,清朝
25034,程廷华,未知,清朝
25035,程殿华,未知,清朝
25036,程有龙,未知,清朝
25037,程有生,未知,清朝
25038,程中发,未知,清朝
25039,程有信,未知,清朝
25040,许立坊,未知,清朝
25041,孙志君,未知,清朝
25042,许繁增,未知,清朝
25043,段炳章,未知,清朝
25044,钱文章,未知,清朝
25045,张荣利,未知,清朝
25046,李存义,未知,清朝
25047,孙锡堃,未知,清朝
25048,马德山,未知,清朝
25049,朱文豹,未知,清朝
25050,吴俊山,绿色,清朝
25051,兴平公主,绿文,清朝
25052,胡阔海,未知,清朝
25053,刘宝珍,未知,清朝
25054,高子英,未知,清朝
25055,郭云深,未知,清朝
25056,夏国勋,未知,清朝
25057,李元智,绿武,清朝
25058,程海亭,未知,清朝
25059,傅淑云,未知,清朝
25060,赵福林,未知,清朝
25061,郭铸山,未知,清朝
25062,张万英,未知,清朝
25063,乔鸿儒,未知,清朝
25064,郭古民,未知,清朝
25065,李子鸣,未知,清朝
25066,马贵,未知,清朝
25067,宫宝田,未知,清朝
25068,爱新觉罗·胤佑,绿色,清朝
25069,冯克善,未知,清朝
25070,牛亮臣,未知,清朝
25071,何道源,未知,清朝
25072,溥杰,绿文,清朝
25073,刘坤一,绿文!,清朝
25074,恒钛,未知,清朝
25075,载瀛,未知,清朝
25076,溥伒,未知,清朝
25077,溥僩,未知,清朝
25078,溥佺,未知,清朝
25079,溥佐,未知,清朝
25080,毓峨,未知,清朝
25081,溥儒,未知,清朝
25082,张大千,未知,清朝
25083,充善,未知,清朝
25084,董山,未知,清朝
25085,童山,未知,清朝
25086,童昌,未知,清朝
25087,充尚,未知,清朝
25088,李满柱,未知,清朝
25089,连博,未知,清朝
25090,恒毅,未知,清朝
25091,熙洽,未知,清朝
25092,朴厚,未知,清朝
25093,钟继,未知,清朝
25094,溥瀛,未知,清朝
25095,斌碹,未知,清朝
25096,今松乔,未知,清朝
25097,庆厚,未知,清朝
25098,恩纶,未知,清朝
25099,塔克世,未知,清朝
25100,福临,未知,清朝
25101,玄烨,未知,清朝
25102,胤稹,未知,清朝
25103,长孙隆,未知,五胡
25104,奕泞,未知,清朝
25105,载淳,未知,清朝
25106,觉罗,未知,清朝
25107,福满,未知,清朝
25108,觉昌安,未知,清朝
25109,舒尔哈齐,未知,清朝
25110,阿尔通阿,未知,清朝
25111,舒尔赫,未知,清朝
25112,阿敏,未知,清朝
25113,塞克图,未知,清朝
25114,拉哈礼,未知,清朝
25115,爱度,未知,清朝
25116,昭献贵妃,绿文,清朝
25117,杨桑,未知,清朝
25118,务能义,未知,清朝
25119,脑岱,未知,清朝
25120,巴雅喇,未知,清朝
25121,巩阿岱,未知,清朝
25122,锡翰,未知,清朝
25123,德玛护,未知,清朝
25124,苏努,未知,清朝
25125,褚英,未知,清朝
25126,代善,蓝文,清朝
25127,兴瑞,未知,清朝
25128,全亮,未知,清朝
25129,硕托,未知,清朝
25130,萨哈廉,未知,清朝
25131,阿达礼,未知,清朝
25132,莽古尔泰,未知,清朝
25133,塔拜,未知,清朝
25134,额尔济图,未知,清朝
25135,阿巴泰,未知,清朝
25136,岳乐,未知,清朝
25137,务尔占,未知,清朝
25138,德格类,未知,清朝
25139,费扬古,未知,清朝
25140,猛我,未知,清朝
25141,延信,未知,清朝
25142,德世库主,未知,清朝
25143,尼扬古,未知,清朝
25144,瓦哈,未知,清朝
25145,庄顺妃,绿文,清朝
25146,陆虎臣,未知,清朝
25147,塔思护之,未知,清朝
25148,长安保,未知,清朝
25149,丰盛额,未知,清朝
25150,猛哥帖木儿,未知,清朝
25151,多尼,未知,清朝
25152,鄂札,未知,清朝
25153,修龄,未知,清朝
25154,德昭,未知,清朝
25155,裕丰,未知,清朝
25156,裕兴,未知,清朝
25157,裕全,未知,清朝
25158,义道,未知,清朝
25159,本格,未知,清朝
25160,懋林,未知,清朝
25161,多尔博,未知,清朝
25162,绵懿,未知,清朝
25163,永璋,未知,清朝
25164,永璂,未知,清朝
25165,绵偬,未知,清朝
25166,绵永,未知,清朝
25167,奕纶,未知,清朝
25168,永碱,未知,清朝
25169,绵惠,未知,清朝
25170,载岐,未知,清朝
25171,永瑾,未知,清朝
25172,奕缮,未知,清朝
25173,奕谅,未知,清朝
25174,绵恺,未知,清朝
25175,溥修,未知,清朝
25176,载濂,未知,清朝
25177,载津,未知,清朝
25178,载漪,未知,清朝
25179,奕诘,未知,清朝
25180,绵忻,未知,清朝
25181,溥忻,未知,清朝
25182,奕谣,未知,清朝
25183,奕误,未知,清朝
25184,载泥,未知,清朝
25185,咸丰皇帝,绿文,清朝
25186,载沣,未知,清朝
25187,同治,未知,清朝
25188,奕誌,未知,清朝
25189,懿靖大贵妃,绿文,清朝
25190,载涛,未知,清朝
25191,绵愉,未知,清朝
25192,奕谟,未知,清朝
25193,奕譞,绿文,清朝
25194,奕诒,未知,清朝
25195,雍正,紫文,清朝
25196,允祥,未知,清朝
25197,永瑢,未知,清朝
25198,保泰,未知,清朝
25199,允祺,未知,清朝
25200,阿其那,未知,清朝
25201,允糖,未知,清朝
25202,塞思黑,未知,清朝
25203,弘旺,未知,清朝
25204,菩萨保,未知,清朝
25205,弘皙,未知,清朝
25206,四十六,未知,清朝
25207,允祁,未知,清朝
25208,哈哈纳扎青,绿文,清朝
25209,慧贤妃,绿文,清朝
25210,淑嘉妃,绿文,清朝
25211,恪纯公主,绿文,清朝
25212,和裕妃,绿文,清朝
25213,敦肃妃,绿文,清朝
25214,郭常在,绿文,清朝
25215,郭贵人,绿文,清朝
25216,李贵人,绿文,清朝
25217,安贵人,绿文,清朝
25218,海常在,绿文,清朝
25219,海贵人,绿文,清朝
25220,张常在,绿文,清朝
25221,张贵人,绿文,清朝
25222,马答应,绿文,清朝
25223,马常在,绿文,清朝
25224,李答应,绿文,清朝
25225,李常在,绿文,清朝
25226,顾常在,绿文,清朝
25227,高答应,绿文,清朝
25228,高常在,绿文,清朝
25229,春常在,绿文,清朝
25230,苏答应,绿文,清朝
25231,那常在,绿文,清朝
25232,伊格格,绿文,清朝
25233,老贵人,绿文,清朝
25234,吉常在,绿文,清朝
25235,吉官,绿文,清朝
25236,英答应,绿文,清朝
25237,兰英,绿文,清朝
25238,汪答应,绿文,清朝
25239,德答应,绿文,清朝
25240,云惠,绿文,清朝
25241,胤禛,未知,清朝
25242,弘晖,未知,清朝
25243,弘昐,未知,清朝
25244,弘昀,未知,清朝
25245,弘时,未知,清朝
25246,弘历,未知,清朝
25247,弘昼,未知,清朝
25248,福宜,未知,清朝
25249,福惠,未知,清朝
25250,福沛,未知,清朝
25251,弘曕,未知,清朝
25252,纯懿妃,未知,清朝
25253,谦妃,未知,清朝
25254,懋嫔,未知,清朝
25255,胤禔,未知,清朝
25256,胤礽,未知,清朝
25257,胤祉,绿文,清朝
25258,胤祀,未知,清朝
25259,胤祺,未知,清朝
25260,白眉鹰王,蓝色,清朝
25261,胤禩,未知,清朝
25262,胤禟,未知,清朝
25263,胤祹,未知,清朝
25264,胤祥,未知,清朝
25265,胤禵,未知,清朝
25266,永琰,未知,清朝
25267,绵宁,未知,清朝
25268,旻寕,未知,清朝
25269,奕詝,未知,清朝
25270,载湉,未知,清朝
25271,溥仪,未知,清朝
25272,戴铎,未知,清朝
25273,载润,未知,清朝
25274,敬敏妃,绿文,清朝
25275,敦怡妃,绿文,清朝
25276,悫惠妃,绿文,清朝
25277,温僖妃,绿文,清朝
25278,定妃,绿文,清朝
25279,宜妃,绿文,清朝
25280,恭让章皇后,绿文,清朝
25281,慧妃,绿文,清朝
25282,良妃,绿文,清朝
25283,宣妃,绿文,清朝
25284,成妃,绿文,清朝
25285,密妃,绿文,清朝
25286,勤妃,绿文,清朝
25287,襄嫔,绿文,清朝
25288,谨嫔,绿文,清朝
25289,静嫔,绿文,清朝
25290,熙嫔,绿文,清朝
25291,穆嫔,绿文,清朝
25292,僖嫔,绿文,清朝
25293,端嫔,绿文,清朝
25294,昭庆公主,绿文,宋朝
25295,安嫔,绿文,清朝
25296,敬嫔,绿文,清朝
25297,庶妃,绿文,清朝
25298,淳妃,绿文,清朝
25299,永璘,未知,清朝
25300,好好里,未知,清朝
25301,莽古济,绿文,清朝
25302,穆库什,绿文,清朝
25303,聪古伦,绿文,清朝
25304,马喀塔,绿文,清朝
25305,雅图,绿文,清朝
25306,阿图,绿文,清朝
25307,康惠淑纪,绿文,清朝
25308,承瑞,未知,清朝
25309,赛音察浑,未知,清朝
25310,长华,未知,清朝
25311,长生,未知,清朝
25312,允祉,未知,清朝
25313,香妃,绿文,清朝
25314,惠征,未知,清朝
25315,云映淮,未知,清朝
25316,张玉秀,未知,清朝
25317,花燕芳,未知,清朝
25318,赛金花,未知,清朝
25319,荣惠妃,绿文,清朝
25320,赖塔,绿武,清朝
25321,陈真,未知,清朝
25322,霍东阁,未知,清朝
25323,霍东觉,未知,清朝
25324,鬼脚七,未知,清朝
25325,猪肉荣,未知,清朝
25326,十三姨,未知,清朝
25327,奕誴,绿文,清朝
25328,奕,绿色,清朝
25329,庄和妃,绿文,清朝
25330,博穆博果尔,绿文,清朝
25331,哲悯皇妃,绿文,清朝
25332,慧贤皇妃,未知,清朝
25333,淑嘉皇妃,未知,清朝
25334,显祖宣皇后,绿文,清朝
25335,杨锺岳,未知,清朝
25336,朱琦,未知,清朝
25337,彭昱尧,未知,清朝
25338,龙启瑞,未知,清朝
25339,王拯,未知,清朝
25340,彰泰,未知,清朝
25341,察尼,未知,清朝
25342,喇布,未知,清朝
25343,傅宏烈,未知,清朝
25344,三德和尚,未知,清朝
25345,胡惠干,未知,清朝
25346,童千斤,未知,清朝
25347,和硕恭悫长公主,绿文,清朝
25348,包兆龙,未知,清朝
25349,钱宛鸾,未知,清朝
25350,继皇后,绿文,清朝
25351,孝端显皇后,绿文,清朝
25352,李天中,绿色,温瑞安
25353,姬摇花,未知,温瑞安
25354,过之梗,绿色,温瑞安
25355,字文秀,绿武,温瑞安
25356,高上天,绿武,温瑞安
25357,仇三,绿色,温瑞安
25358,萧日山,绿武,温瑞安
25359,陆霸宏,绿色,温瑞安
25360,齐青瑶,绿武,温瑞安
25361,黑蝴蝶,绿色,温瑞安
25362,冷血,紫武,温瑞安
25363,无情,紫武,温瑞安
25364,水芙蓉,蓝武,温瑞安
25365,追命,紫武,温瑞安
25366,铁手,紫武,温瑞安
25367,诸葛神候,紫武,温瑞安
25368,独孤伊人,绿武,温瑞安
25369,柳激烟,蓝武!,温瑞安
25370,施国清,绿武,温瑞安
25371,潘氏,绿色,温瑞安
25372,鲍蛇,绿色,温瑞安
25373,郑因和,绿武,温瑞安
25374,聂千愁,未知,温瑞安
25375,铁游夏,未知,温瑞安
25376,崔略商,未知,温瑞安
25377,崔内伤,未知,温瑞安
25378,冷凌弃,未知,温瑞安
25379,成崖余,未知,温瑞安
25380,盛崖余,未知,温瑞安
25381,诸葛小花,未知,温瑞安
25382,巴蜀人,未知,温瑞安
25383,庄之洞,绿武,温瑞安
25384,高山青,未知,温瑞安
25385,凌玉象,蓝武,温瑞安
25386,慕容水云,蓝武,温瑞安
25387,金盛煌,蓝武,温瑞安
25388,沈错骨,蓝色,温瑞安
25389,龟敬渊,蓝武,温瑞安
25390,刘九如,绿武,温瑞安
25391,石幽明,未知,温瑞安
25392,艳无忧,未知,温瑞安
25393,辛十三娘,未知,温瑞安
25394,鲍龙,绿武,温瑞安
25395,鲍虎,绿武,温瑞安
25396,翁四,未知,温瑞安
25397,宇文秀,绿色,温瑞安
25398,屈奔雷,未知,温瑞安
25399,温僖贵妃,绿文,清朝
25400,殷乘风,未知,温瑞安
25401,蔡玉丹,未知,温瑞安
25402,青灵子,绿色,温瑞安
25403,辛仇,未知,温瑞安
25404,辛杀,未知,温瑞安
25405,施铜,未知,温瑞安
25406,公冶肆,未知,温瑞安
25407,毕扁,未知,温瑞安
25408,彭古建,未知,温瑞安
25409,楚相玉,未知,温瑞安
25410,时正冲,未知,温瑞安
25411,金蛇子,未知,温瑞安
25412,铁线蛇,未知,温瑞安
25413,青竹蛇,未知,温瑞安
25414,四脚蛇,未知,温瑞安
25415,赤练蛇,未知,温瑞安
25416,蟒蛇,未知,温瑞安
25417,银蛇,未知,温瑞安
25418,花蛇,未知,温瑞安
25419,孙庭芳,未知,温瑞安
25420,时震东,未知,温瑞安
25421,周冷龙,未知,温瑞安
25422,胜一彪,未知,温瑞安
25423,沈云山,未知,温瑞安
25424,田大错,未知,温瑞安
25425,柳雁平,未知,温瑞安
25426,帅风旗,未知,温瑞安
25427,伍刚中,未知,温瑞安
25428,周白宇,未知,温瑞安
25429,原混天,未知,温瑞安
25430,穆鸠平,未知,温瑞安
25431,管仲一,未知,温瑞安
25432,勾青峰,未知,温瑞安
25433,孟有威,未知,温瑞安
25434,马掌柜,未知,温瑞安
25435,盛鼎天,未知,温瑞安
25436,甄绣衣,未知,温瑞安
25437,崔嵬坡,未知,温瑞安
25438,曹敬雄,未知,温瑞安
25439,雷小屈,未知,温瑞安
25440,淳于洋,未知,温瑞安
25441,尤疾,未知,温瑞安
25442,马六甲,未知,温瑞安
25443,鲁万乘,未知,温瑞安
25444,戚红菊,未知,温瑞安
25445,杨四海,未知,温瑞安
25446,刁胜,未知,温瑞安
25447,戚三功,未知,温瑞安
25448,巫赐雄,未知,温瑞安
25449,铁镜和尚,未知,温瑞安
25450,侍旗大汉,未知,温瑞安
25451,武胜东,未知,温瑞安
25452,武胜西,未知,温瑞安
25453,欧阳大,未知,温瑞安
25454,张虚傲,未知,温瑞安
25455,关海明,未知,温瑞安
25456,莫三给给,未知,温瑞安
25457,冷柳平,未知,温瑞安
25458,独孤威,未知,温瑞安
25459,薛狐悲,未知,温瑞安
25460,杜莲,未知,温瑞安
25461,司马荒坟,未知,温瑞安
25462,西门公子,未知,温瑞安
25463,薛过,未知,温瑞安
25464,薛过人,未知,温瑞安
25465,欧玉蝶,未知,温瑞安
25466,吴铁翼,未知,温瑞安
25467,赵燕侠,未知,温瑞安
25468,余求病,未知,温瑞安
25469,唐又,未知,温瑞安
25470,呼延五十,未知,温瑞安
25471,于七十,未知,温瑞安
25472,文震旦,未知,温瑞安
25473,吴离离,未知,温瑞安
25474,小去,未知,温瑞安
25475,呼年也,未知,温瑞安
25476,玄老大,未知,温瑞安
25477,萧老八,未知,温瑞安
25478,放老三,未知,温瑞安
25479,顾夕朝,未知,温瑞安
25480,萧亮,未知,温瑞安
25481,方觉晓,未知,温瑞安
25482,白欣如,绿武,温瑞安
25483,伍彩云,未知,温瑞安
25484,霍银仙,未知,温瑞安
25485,黄天星,未知,温瑞安
25486,谢难成,未知,温瑞安
25487,谢红殿,未知,温瑞安
25488,敖近铁,未知,温瑞安
25489,司徒不,未知,温瑞安
25490,奚九娱,未知,温瑞安
25491,叶朱颜,未知,温瑞安
25492,江瘦语,未知,温瑞安
25493,元无物,未知,温瑞安
25494,奚采桑,未知,温瑞安
25495,梁红石,未知,温瑞安
25496,休春水,未知,温瑞安
25497,江爱天,未知,温瑞安
25498,居悦穗,未知,温瑞安
25499,顾秋暖,未知,温瑞安
25500,段柔青,未知,温瑞安
25501,岑燕若,未知,温瑞安
25502,岑策踪,未知,温瑞安
25503,尤菊剑,未知,温瑞安
25504,殷丽情,未知,温瑞安
25505,予素冬,未知,温瑞安
25506,冷迷菊,未知,温瑞安
25507,刘独峰,未知,温瑞安
25508,云大,未知,温瑞安
25509,李二,未知,温瑞安
25510,蓝三,未知,温瑞安
25511,周四,未知,温瑞安
25512,张五,绿武,温瑞安
25513,廖六,未知,温瑞安
25514,冷呼儿,未知,温瑞安
25515,鲜于仇,未知,温瑞安
25516,黄金鳞,未知,温瑞安
25517,陈洋,未知,温瑞安
25518,曾应得,未知,温瑞安
25519,休生,未知,温瑞安
25520,张十骑,未知,温瑞安
25521,欧阳斗,未知,温瑞安
25522,郗舜才,未知,温瑞安
25523,宾东成,未知,温瑞安
25524,喜来锦,未知,温瑞安
25525,梁纪文,未知,温瑞安
25526,洪放,未知,温瑞安
25527,朱魂,未知,温瑞安
25528,余大民,未知,温瑞安
25529,林阁,未知,温瑞安
25530,陈素,未知,温瑞安
25531,倪卜,未知,温瑞安
25532,曾宝新,未知,温瑞安
25533,曾宝宣,未知,温瑞安
25534,顾惜朝,未知,温瑞安
25535,冯乱虎,未知,温瑞安
25536,张乱法,未知,温瑞安
25537,李慧,未知,温瑞安
25538,郦速迟,未知,温瑞安
25539,舒自绣,未知,温瑞安
25540,九幽神君,未知,温瑞安
25541,龙涉虚,未知,温瑞安
25542,狐震碑,未知,温瑞安
25543,铁蒺藜,未知,温瑞安
25544,英绿荷,未知,温瑞安
25545,无梦女,未知,温瑞安
25546,陈大纲,未知,明朝
25547,孙不恭,未知,温瑞安
25548,劳穴光,未知,温瑞安
25549,阮明正,未知,温瑞安
25550,翁同龢,绿文,清朝
25551,游天龙,未知,温瑞安
25552,雷卷,未知,温瑞安
25553,沈边儿,未知,温瑞安
25554,雷腾,未知,温瑞安
25555,雷炮,未知,温瑞安
25556,雷远,未知,温瑞安
25557,息红泪,未知,温瑞安
25558,南晚楚,未知,温瑞安
25559,孝渊景皇后,绿文,明朝
25560,秦晚晴,未知,温瑞安
25561,孝和王太后,绿文,明朝
25562,言伯干,绿色,金庸
25563,孝愍让皇后,绿文,清朝
25564,马光明,未知,温瑞安
25565,尤知味,未知,温瑞安
25566,申子浅,未知,温瑞安
25567,侯失剑,未知,温瑞安
25568,周笑笑,未知,温瑞安
25569,唐铁书,未知,温瑞安
25570,唐春雨,未知,温瑞安
25571,惠千紫,未知,温瑞安
25572,赫连春水,未知,温瑞安
25573,沈钩月,未知,温瑞安
25574,张钓诗,未知,温瑞安
25575,孟金风,未知,温瑞安
25576,罗盘古,未知,温瑞安
25577,十一郎,未知,温瑞安
25578,十二郎,未知,温瑞安
25579,十三妹,未知,温瑞安
25580,龚翠环,未知,温瑞安
25581,薛丈一,未知,温瑞安
25582,盛朝光,未知,温瑞安
25583,薛丈二,未知,温瑞安
25584,升平公主,绿文,汉朝
25585,玉冠珊,未知,温瑞安
25586,吴双烛,未知,温瑞安
25587,巴三奇,未知,温瑞安
25588,刘单云,未知,温瑞安
25589,海托山,未知,温瑞安
25590,王命君,未知,温瑞安
25591,张穷,未知,温瑞安
25592,秦独,未知,温瑞安
25593,楼大恐,未知,温瑞安
25594,彭七勒,未知,温瑞安
25595,友朋全,未知,温瑞安
25596,田九如,绿武,温瑞安
25597,小郡主,蓝色,温瑞安
25598,木水云,未知,温瑞安
25599,白愁飞,未知,温瑞安
25600,萧佛狸,未知,温瑞安
25601,刘桥,未知,温瑞安
25602,顾曲周,未知,温瑞安
25603,唐斩,未知,温瑞安
25604,廖碎,未知,温瑞安
25605,武知仁,未知,温瑞安
25606,许显纯,未知,温瑞安
25607,平越珊,未知,温瑞安
25608,曹无愧,未知,温瑞安
25609,严虬,未知,温瑞安
25610,风半疯,未知,温瑞安
25611,桂铁拐,未知,温瑞安
25612,纽玉枢,未知,温瑞安
25613,贝玄衣,未知,温瑞安
25614,水小倩,未知,温瑞安
25615,郎挺,未知,温瑞安
25616,黄昧明,未知,温瑞安
25617,鲁布衣,未知,温瑞安
25618,姚到,未知,温瑞安
25619,茅雨人,未知,温瑞安
25620,柳焚余,未知,温瑞安
25621,唐可,未知,温瑞安
25622,夏衣,未知,温瑞安
25623,项雪桐,未知,温瑞安
25624,翟瘦僧,未知,温瑞安
25625,老萧,未知,温瑞安
25626,黔娄一屈,未知,温瑞安
25627,危小枫,未知,温瑞安
25628,穷计,未知,温瑞安
25629,戒声,未知,温瑞安
25630,戒香,未知,温瑞安
25631,戒味,未知,温瑞安
25632,戒触,未知,温瑞安
25633,戒法,未知,温瑞安
25634,戒色,未知,温瑞安
25635,屈圆,未知,温瑞安
25636,贾中锋,未知,温瑞安
25637,贾风骚,未知,温瑞安
25638,贾风汉,未知,温瑞安
25639,杨风铃,未知,温瑞安
25640,朱风霜,未知,温瑞安
25641,白兰渡,未知,温瑞安
25642,哈佛大师,未知,温瑞安
25643,烦恼大师,未知,温瑞安
25644,菩萨和尚,未知,温瑞安
25645,一恼上人,未知,温瑞安
25646,霍冤崖,未知,温瑞安
25647,张恨守,未知,温瑞安
25648,伊卖,未知,温瑞安
25649,梅买,未知,温瑞安
25650,曹七,未知,温瑞安
25651,秦明月,未知,温瑞安
25652,关时汉,未知,温瑞安
25653,胡蝶梦,未知,温瑞安
25654,孝康章皇后,绿文,清朝
25655,瑶英长公主,绿文,五代十国
25656,灵邱公主,绿文,明朝
25657,石断眉,未知,温瑞安
25658,瘟神,未知,温瑞安
25659,飞廉子,未知,温瑞安
25660,蓝星子,未知,温瑞安
25661,红星子,未知,温瑞安
25662,飞星子,未知,温瑞安
25663,大耗,未知,温瑞安
25664,小耗,未知,温瑞安
25665,亡神,未知,温瑞安
25666,喜神,未知,温瑞安
25667,食神,未知,温瑞安
25668,白虎,未知,温瑞安
25669,青龙,未知,温瑞安
25670,萧笑,未知,温瑞安
25671,王寇,未知,温瑞安
25672,老丈,未知,温瑞安
25673,老外,未知,温瑞安
25674,孟孙屠,未知,温瑞安
25675,铁威,未知,温瑞安
25676,苏丸决,未知,温瑞安
25677,墨三传,未知,温瑞安
25678,杨照暖,未知,温瑞安
25679,高魁阳,未知,温瑞安
25680,宣可扬,未知,温瑞安
25681,慕容不是,未知,温瑞安
25682,霍图,未知,温瑞安
25683,何止此,未知,温瑞安
25684,梁浸浸,未知,温瑞安
25685,凌笑霞,未知,温瑞安
25686,孙式郎,未知,温瑞安
25687,尤可恨,未知,温瑞安
25688,梁婆心,未知,温瑞安
25689,梁嫁,未知,温瑞安
25690,梁员外,未知,温瑞安
25691,区吊拖,未知,温瑞安
25692,王飞,未知,温瑞安
25693,墓,未知,温瑞安
25694,孙促芳,绿色,温瑞安
25695,方振眉,未知,温瑞安
25696,我是谁,未知,温瑞安
25697,沈太公,未知,温瑞安
25698,薛初晴,未知,温瑞安
25699,田纯,未知,温瑞安
25700,萧秋水,未知,温瑞安
25701,唐方,未知,温瑞安
25702,燕狂徒,未知,温瑞安
25703,李沉舟,未知,温瑞安
25704,唐甜,未知,温瑞安
25705,茹小意,未知,温瑞安
25706,方轻霞,未知,温瑞安
25707,嫣夜来,未知,温瑞安
25708,赖药儿,未知,温瑞安
25709,赵师容,未知,温瑞安
25710,冰三家,未知,温瑞安
25711,小刀,未知,温瑞安
25712,孙摇红,未知,温瑞安
25713,李布衣,未知,温瑞安
25714,诸葛半里,未知,温瑞安
25715,谷秀夫,未知,温瑞安
25716,小珍,未知,温瑞安
25717,龙舌兰,未知,温瑞安
25718,温柔,未知,温瑞安
25719,离离,未知,温瑞安
25720,小透,未知,温瑞安
25721,纳兰,未知,温瑞安
25722,方歌吟,未知,温瑞安
25723,公子襄,未知,温瑞安
25724,李中生,未知,温瑞安
25725,铁剑将军,未知,温瑞安
25726,万人敌,未知,温瑞安
25727,方恨少,未知,温瑞安
25728,唐宝牛,未知,温瑞安
25729,李商一,未知,温瑞安
25730,蔡可饥,未知,温瑞安
25731,徐无害,未知,温瑞安
25732,燕赵,未知,温瑞安
25733,李玄衣,未知,温瑞安
25734,黄牛,绿色,古龙
25735,谢豹花,未知,温瑞安
25736,关飞渡,未知,温瑞安
25737,白大帝,未知,温瑞安
25738,大不慈悲,未知,温瑞安
25739,方应,未知,温瑞安
25740,叶梦色,未知,温瑞安
25741,马四海,绿武,温瑞安
25742,何八,绿武,温瑞安
25743,史三金,绿色,温瑞安
25744,邵双影,绿武,温瑞安
25745,左于羽,绿武,温瑞安
25746,徐天过,绿武,温瑞安
25747,诸葛贤德,蓝武,温瑞安
25748,魏明飞,绿武,温瑞安
25749,黄喜山,绿色,温瑞安
25750,孟行雷,绿武,温瑞安
25751,阴阳无极,绿色,温瑞安
25752,白娇娇,绿色,温瑞安
25753,金丝猴,绿色,温瑞安
25754,薛游,绿色,温瑞安
25755,错骨拂,蓝武,温瑞安
25756,李天行,绿武,温瑞安
25757,李天心,绿武,温瑞安
25758,李天英,绿色,温瑞安
25759,李天铮,绿色,温瑞安
25760,李天胜,绿色,温瑞安
25761,李天鹰,绿色,温瑞安
25762,李天力,绿色,温瑞安
25763,李天过,绿色,温瑞安
25764,李天佑,绿色,温瑞安
25765,李天雄,绿色,温瑞安
25766,李天定,绿色,温瑞安
25767,李天龙,绿色,温瑞安
25768,李天忠,绿色,温瑞安
25769,李天生,绿色,温瑞安
25770,李天丛,绿色,温瑞安
25771,李天正,绿色,温瑞安
25772,李天虎,绿色,温瑞安
25773,金子牙,绿武,温瑞安
25774,铁木铜,绿武,温瑞安
25775,区修竹,绿武,温瑞安
25776,崔厉阳,未知,温瑞安
25777,叶邪,未知,温瑞安
25778,长佛,未知,温瑞安
25779,怪佛,未知,温瑞安
25780,孙仲芳,未知,温瑞安
25781,石亦非,绿武,温瑞安
25782,千臂臾,未知,温瑞安
25783,铁掌望,未知,温瑞安
25784,雪雁子,未知,温瑞安
25785,海灵子,未知,温瑞安
25786,戚继威,未知,温瑞安
25787,陆戏尘,未知,温瑞安
25788,无谓先生,未知,温瑞安
25789,向太后,未知,温瑞安
25790,想飞娘娘,未知,温瑞安
25791,赵锷,未知,温瑞安
25792,公孙十二,未知,温瑞安
25793,杨梦,未知,温瑞安
25794,孙公公,未知,温瑞安
25795,马宾,未知,温瑞安
25796,列宾,未知,温瑞安
25797,飞天蝙蝠,未知,温瑞安
25798,廖耿正,未知,温瑞安
25799,娄鹰野,未知,温瑞安
25800,一爷,未知,温瑞安
25801,舒无戏,未知,温瑞安
25802,闪电手,未知,温瑞安
25803,朱盐平,未知,温瑞安
25804,金腰带,未知,温瑞安
25805,朱幽浮,未知,温瑞安
25806,方士国师,未知,温瑞安
25807,元妙先生,未知,温瑞安
25808,红烧真人,未知,温瑞安
25809,林十三,未知,温瑞安
25810,鱼大师,未知,温瑞安
25811,黑光上人,未知,温瑞安
25812,詹别野,未知,温瑞安
25813,言无密,未知,温瑞安
25814,火眼金睛,未知,温瑞安
25815,金门羽客,未知,温瑞安
25816,王仔厝,未知,温瑞安
25817,翁四先生,未知,温瑞安
25818,刘混康,未知,温瑞安
25819,戴花和尚,未知,温瑞安
25820,落魄道人,未知,温瑞安
25821,张怀素,未知,温瑞安
25822,不笑上人,未知,温瑞安
25823,叶一指,未知,温瑞安
25824,树大夫,未知,温瑞安
25825,树大风,未知,温瑞安
25826,厨王,未知,温瑞安
25827,尤食髓,未知,温瑞安
25828,石敢当,未知,温瑞安
25829,石唱唱,未知,温瑞安
25830,小霸王,未知,温瑞安
25831,吴约,未知,温瑞安
25832,诸葛正我,未知,温瑞安
25833,成亭田,未知,温瑞安
25834,仇烈香,未知,温瑞安
25835,姬瑶花,未知,温瑞安
25836,唐晚词,未知,温瑞安
25837,飞月,未知,温瑞安
25838,醉翻天,未知,温瑞安
25839,崔唇容,未知,温瑞安
25840,烟水寒,未知,温瑞安
25841,梁初心,未知,温瑞安
25842,舒动人,未知,温瑞安
25843,温庄公主,绿文,清朝
25844,擒心娘子,未知,温瑞安
25845,崔妙花,未知,温瑞安
25846,毒胆公子,未知,温瑞安
25847,温亮郁,未知,温瑞安
25848,拼命阿吉,未知,温瑞安
25849,许吉,未知,温瑞安
25850,黑目女,未知,温瑞安
25851,狠将,未知,温瑞安
25852,陈金枪,未知,温瑞安
25853,大眼神枪,未知,温瑞安
25854,罗有意,未知,温瑞安
25855,双枪过三关,未知,温瑞安
25856,仇友三,未知,温瑞安
25857,白首书生,未知,温瑞安
25858,韦空帷,未知,温瑞安
25859,剑主浮沉,未知,温瑞安
25860,贺静波,未知,温瑞安
25861,求败刀,未知,温瑞安
25862,牛寄娇,未知,温瑞安
25863,杀手楼主,未知,温瑞安
25864,刘扭扭,未知,温瑞安
25865,萧寒僧,未知,温瑞安
25866,殷动儿,未知,温瑞安
25867,金剑童子,未知,温瑞安
25868,金俑枭神剑,未知,温瑞安
25869,林邀得,未知,温瑞安
25870,林邀德,未知,温瑞安
25871,银剑童子,未知,温瑞安
25872,银河七夕剑,未知,温瑞安
25873,何梵,未知,温瑞安
25874,铜剑童子,未知,温瑞安
25875,阴阳小剑仙,未知,温瑞安
25876,陈日月,未知,温瑞安
25877,铁剑童子,未知,温瑞安
25878,阴山铁柔剑,未知,温瑞安
25879,叶告,未知,温瑞安
25880,风云一刀童,未知,温瑞安
25881,白可儿,未知,温瑞安
25882,白凤玩,未知,温瑞安
25883,刘靓子,未知,温瑞安
25884,孙死,未知,温瑞安
25885,箫童,未知,温瑞安
25886,夏雨晴,未知,温瑞安
25887,笛童,未知,温瑞安
25888,谢雨凝,未知,温瑞安
25889,韦青青,未知,温瑞安
25890,戚倩芝,未知,温瑞安
25891,韦怜怜,未知,温瑞安
25892,雪飞重楼,未知,温瑞安
25893,蔡过其,未知,温瑞安
25894,王三一,未知,温瑞安
25895,方清霞,未知,温瑞安
25896,狄楚静,未知,温瑞安
25897,懒残大师,未知,温瑞安
25898,叶哀禅,未知,温瑞安
25899,沈虎禅,未知,温瑞安
25900,范忠,未知,温瑞安
25901,天衣居士,未知,温瑞安
25902,许笑一,未知,温瑞安
25903,神针婆婆,未知,温瑞安
25904,织女,未知,温瑞安
25905,许天衣,未知,温瑞安
25906,王小石,未知,温瑞安
25907,元十三限,未知,温瑞安
25908,鲁书一,未知,温瑞安
25909,燕诗二,未知,温瑞安
25910,顾铁三,未知,温瑞安
25911,赵画四,未知,温瑞安
25912,叶棋五,未知,温瑞安
25913,齐文六,未知,温瑞安
25914,文雪岸,未知,温瑞安
25915,傅宗书,未知,温瑞安
25916,刀巴上人,未知,温瑞安
25917,临风步意,未知,温瑞安
25918,龙百谦,未知,温瑞安
25919,捕风叟,未知,温瑞安
25920,解严冷,未知,温瑞安
25921,捉影客,未知,温瑞安
25922,楼独妙,未知,温瑞安
25923,临风布阵,未知,温瑞安
25924,丁郁峰,未知,温瑞安
25925,张天艾,未知,温瑞安
25926,梁任花,未知,温瑞安
25927,翠儿,未知,温瑞安
25928,温小白,未知,温瑞安
25929,三枯大师,未知,温瑞安
25930,三姑大师,未知,温瑞安
25931,米苍穹,未知,温瑞安
25932,脱胎,未知,温瑞安
25933,张巨阳,未知,温瑞安
25934,换骨,未知,温瑞安
25935,陈苦莲,未知,温瑞安
25936,不坏和尚,未知,温瑞安
25937,铜锣金刚,未知,温瑞安
25938,平另彭,未知,温瑞安
25939,张李陈,未知,温瑞安
25940,四书五经,未知,温瑞安
25941,九大鬼,未知,温瑞安
25942,斩龙,未知,温瑞安
25943,夏天毒,未知,温瑞安
25944,小影,未知,温瑞安
25945,小映,未知,温瑞安
25946,甄宁,未知,温瑞安
25947,甄可羡,未知,温瑞安
25948,夏侯楚唱,未知,温瑞安
25949,戴冲寒,未知,温瑞安
25950,高曾花,未知,温瑞安
25951,戴鹰鹰,未知,温瑞安
25952,鹰鹰,未知,温瑞安
25953,楚寻魂,未知,温瑞安
25954,战焰焰,未知,温瑞安
25955,五角儿,未知,温瑞安
25956,沈戚亲,未知,温瑞安
25957,钦小佩,未知,温瑞安
25958,一流流剑,未知,温瑞安
25959,雪青寒,未知,温瑞安
25960,魂飞天外,未知,温瑞安
25961,关梦散,未知,温瑞安
25962,伤入膏肓,未知,温瑞安
25963,吕伤伤,未知,温瑞安
25964,张瓦子,未知,温瑞安
25965,行将就木,未知,温瑞安
25966,盛一吊,未知,温瑞安
25967,盛虎秀,未知,温瑞安
25968,大雷神,未知,温瑞安
25969,战渺渺,未知,温瑞安
25970,血癣,未知,温瑞安
25971,叶柏牛,未知,温瑞安
25972,月夜飞尸,未知,温瑞安
25973,简夫之,未知,温瑞安
25974,妖神,未知,温瑞安
25975,战聪聪,未知,温瑞安
25976,残骸公子,未知,温瑞安
25977,战貌貌,未知,温瑞安
25978,丈大夫,未知,温瑞安
25979,狂僧,未知,温瑞安
25980,梁癫,未知,温瑞安
25981,梁四,未知,温瑞安
25982,梁养养,未知,温瑞安
25983,疯圣,未知,温瑞安
25984,蔡狂,未知,温瑞安
25985,虎胆狂龙,未知,温瑞安
25986,大破车,未知,温瑞安
25987,苏车破,未知,温瑞安
25988,苏世尼,未知,温瑞安
25989,大红狼,未知,温瑞安
25990,铁秀男,未知,温瑞安
25991,狂菊,未知,温瑞安
25992,苏眉,未知,温瑞安
25993,豹胆威龙,未知,温瑞安
25994,苏冬皮,未知,温瑞安
25995,苏逸木,未知,温瑞安
25996,七层虎,未知,温瑞安
25997,朱麦,未知,温瑞安
25998,朱七富,未知,温瑞安
25999,摇身一鞭,未知,温瑞安
26000,王坏雨,未知,温瑞安
26001,一笑倾城,未知,温瑞安
26002,罗氏兄弟,未知,温瑞安
26003,一针见血,未知,温瑞安
26004,钟擒,未知,温瑞安
26005,一击必杀,未知,温瑞安
26006,钟授,未知,温瑞安
26007,麻烦大师,未知,温瑞安
26008,麻太希,未知,温瑞安
26009,鹤立霜田,未知,温瑞安
26010,朱叶三,未知,温瑞安
26011,虎行雪地,未知,温瑞安
26012,梅花五,未知,温瑞安
26013,虞老太爷,未知,温瑞安
26014,倒开江,未知,温瑞安
26015,虞招风,未知,温瑞安
26016,虞老头子,未知,温瑞安
26017,虞厉之,未知,温瑞安
26018,小帽,未知,温瑞安
26019,虞少爷,未知,温瑞安
26020,金枪不倒,未知,温瑞安
26021,虞永昼,未知,温瑞安
26022,盛小牙,未知,温瑞安
26023,步小璇,未知,温瑞安
26024,司空望,未知,温瑞安
26025,司徒闻,未知,温瑞安
26026,司马问,未知,温瑞安
26027,司一切,未知,温瑞安
26028,天罗,未知,温瑞安
26029,叶灵峰,未知,温瑞安
26030,地网,未知,温瑞安
26031,张留海,未知,温瑞安
26032,箭胆金心,未知,温瑞安
26033,莫衷一,未知,温瑞安
26034,四究先生,未知,温瑞安
26035,三八病夫,未知,温瑞安
26036,蔡绝,未知,温瑞安
26037,风水轮,未知,温瑞安
26038,张壹圆,未知,温瑞安
26039,口是,未知,温瑞安
26040,庄独钟,未知,温瑞安
26041,心非,未知,温瑞安
26042,杨独错,未知,温瑞安
26043,龙飞凤舞,未知,温瑞安
26044,宋小鸡,未知,温瑞安
26045,大彻大悟,未知,温瑞安
26046,曾今觉,未知,温瑞安
26047,杜怒福,未知,温瑞安
26048,小趾,未知,温瑞安
26049,陈风威,未知,温瑞安
26050,李凉苍,未知,温瑞安
26051,张寞寂,未知,温瑞安
26052,王烈壮,未知,温瑞安
26053,晴时飞云,未知,温瑞安
26054,龙阵雨,未知,温瑞安
26055,白额大王,未知,温瑞安
26056,朱拔树,未知,温瑞安
26057,王嵯峨,未知,温瑞安
26058,皓首神君,未知,温瑞安
26059,叶帅儿,未知,温瑞安
26060,白额将军,未知,温瑞安
26061,帅秀锋,未知,温瑞安
26062,萨星豪,未知,温瑞安
26063,张傲爷,未知,温瑞安
26064,张戚亲,未知,温瑞安
26065,三杯酒,未知,温瑞安
26066,何拒伴,未知,温瑞安
26067,阮梦敌,未知,温瑞安
26068,断剑先生,未知,温瑞安
26069,段断,未知,温瑞安
26070,斩,未知,温瑞安
26071,息,未知,温瑞安
26072,断,未知,温瑞安
26073,烈酒,未知,温瑞安
26074,雷念,未知,温瑞安
26075,毒酒,未知,温瑞安
26076,温心老契,未知,温瑞安
26077,花酒,未知,温瑞安
26078,唐青红,未知,温瑞安
26079,疯牛怒斧,未知,温瑞安
26080,燕佛林,未知,温瑞安
26081,小牛刀,未知,温瑞安
26082,萧佛妆,未知,温瑞安
26083,潜翔大阵,未知,温瑞安
26084,十亏九空,未知,温瑞安
26085,谭空空,未知,温瑞安
26086,赵司空,未知,温瑞安
26087,空闻和尚,未知,温瑞安
26088,吃亏郎中,未知,温瑞安
26089,刑自亏,未知,温瑞安
26090,鹿冰亏,未知,温瑞安
26091,仇十世,未知,温瑞安
26092,林投花,未知,温瑞安
26093,梁牛,未知,温瑞安
26094,善哉和尚,未知,温瑞安
26095,采花和尚,未知,温瑞安
26096,李诗歌,未知,温瑞安
26097,一飞冲天,未知,温瑞安
26098,雄霸天下,未知,温瑞安
26099,张猛禽,未知,温瑞安
26100,司徒黐,未知,温瑞安
26101,欧阳线,未知,温瑞安
26102,慕容黐线,未知,温瑞安
26103,小相公,未知,温瑞安
26104,李镜花,未知,温瑞安
26105,飞天遁,未知,温瑞安
26106,林山甲,未知,温瑞安
26107,响头蛇,未知,温瑞安
26108,侯大治,未知,温瑞安
26109,西班咀,未知,温瑞安
26110,祈大乱,未知,温瑞安
26111,红发神婴,未知,温瑞安
26112,洪水清,未知,温瑞安
26113,飞空千里,未知,温瑞安
26114,神鸟,未知,温瑞安
26115,沙小田,未知,温瑞安
26116,三祭酒,未知,温瑞安
26117,司空愧,未知,温瑞安
26118,司徒悔,未知,温瑞安
26119,司马打冷,未知,温瑞安
26120,冒风情,未知,温瑞安
26121,冒风险,未知,温瑞安
26122,冒风霜,未知,温瑞安
26123,一楼一,未知,温瑞安
26124,凤姑,未知,温瑞安
26125,伏鸣凤,未知,温瑞安
26126,余国情,未知,温瑞安
26127,宋国旗,未知,温瑞安
26128,大相公,未知,温瑞安
26129,李国花,未知,温瑞安
26130,长孙光明,未知,温瑞安
26131,冲天一鹤,未知,温瑞安
26132,公孙照,未知,温瑞安
26133,长空一鹤,未知,温瑞安
26134,仲孙映,未知,温瑞安
26135,独孤一鹤,未知,温瑞安
26136,孙照映,未知,温瑞安
26137,金甲开山,未知,温瑞安
26138,陆大命,未知,温瑞安
26139,金人,未知,温瑞安
26140,班星,未知,温瑞安
26141,木人,未知,温瑞安
26142,班红,未知,温瑞安
26143,水人,未知,温瑞安
26144,班青,未知,温瑞安
26145,火人,未知,温瑞安
26146,班花,未知,温瑞安
26147,土人,未知,温瑞安
26148,班虎,未知,温瑞安
26149,白衣大侠,未知,温瑞安
26150,龙喜扬,未知,温瑞安
26151,铁塔道人,未知,温瑞安
26152,一毛不拔,未知,温瑞安
26153,蔡戈汉,未知,温瑞安
26154,逐日天王,未知,温瑞安
26155,秦向阳,未知,温瑞安
26156,鬼发,未知,温瑞安
26157,回单刀,未知,温瑞安
26158,蔡单刀,未知,温瑞安
26159,鬼角,未知,温瑞安
26160,陶双刀,未知,温瑞安
26161,鬼脚,未知,温瑞安
26162,过三刀,未知,温瑞安
26163,金花大少,未知,温瑞安
26164,唐民煌,未知,温瑞安
26165,蚁王,未知,温瑞安
26166,方狂欢,未知,温瑞安
26167,徐愿意,未知,温瑞安
26168,温江才女,未知,温瑞安
26169,宋小耳,未知,温瑞安
26170,薛剑,未知,温瑞安
26171,朱铁儿,未知,温瑞安
26172,九尺飞仙,未知,温瑞安
26173,郭洞洞,未知,温瑞安
26174,大小口,未知,温瑞安
26175,顾星飞,未知,温瑞安
26176,汝倒也,未知,温瑞安
26177,何原耶,未知,温瑞安
26178,小蚂蚁,未知,温瑞安
26179,惹不得,未知,温瑞安
26180,方怒儿,未知,温瑞安
26181,盛小指,未知,温瑞安
26182,卫冲冲,未知,温瑞安
26183,雪里红,未知,温瑞安
26184,黑先生,未知,温瑞安
26185,淦世移,未知,温瑞安
26186,重色轻友,未知,温瑞安
26187,雷碰碰,未知,温瑞安
26188,颜殁,未知,温瑞安
26189,不死神龙,未知,温瑞安
26190,冷悔善,未知,温瑞安
26191,冷小欺,未知,温瑞安
26192,凌小骨,未知,温瑞安
26193,惊怖大将军,未知,温瑞安
26194,凌落石,未知,温瑞安
26195,宋红男,未知,温瑞安
26196,张判,未知,温瑞安
26197,凌小刀,未知,温瑞安
26198,神一魁,未知,温瑞安
26199,曾谁雄,未知,温瑞安
26200,大笑姑婆,未知,温瑞安
26201,谢朝花,未知,温瑞安
26202,花珍代,未知,温瑞安
26203,苏花公,未知,温瑞安
26204,苏绿刑,未知,温瑞安
26205,苏青刑,未知,温瑞安
26206,邹青营,未知,温瑞安
26207,唐红月,未知,温瑞安
26208,尚大师,未知,温瑞安
26209,凌尚岩,未知,温瑞安
26210,上太师,未知,温瑞安
26211,上闹热,未知,温瑞安
26212,上伤衷,未知,温瑞安
26213,有影无踪,未知,温瑞安
26214,崔各田,未知,温瑞安
26215,过天皇,未知,温瑞安
26216,唐伯凤,未知,温瑞安
26217,过天晓,未知,温瑞安
26218,唐伯马,未知,温瑞安
26219,老铛铛,未知,温瑞安
26220,吴盐,未知,温瑞安
26221,老张飞,未知,温瑞安
26222,石南虫,未知,温瑞安
26223,小千变,未知,温瑞安
26224,朱北牛,未知,温瑞安
26225,搂山虎,未知,温瑞安
26226,胡花,未知,温瑞安
26227,山猎鹰,未知,温瑞安
26228,胡笑,未知,温瑞安
26229,盖虎蓝,未知,温瑞安
26230,唐大宗,未知,温瑞安
26231,李阁下,未知,温瑞安
26232,小寒神,未知,温瑞安
26233,萧剑僧,未知,温瑞安
26234,小劈棺,未知,温瑞安
26235,唐小鸟,未知,温瑞安
26236,射日天王,未知,温瑞安
26237,雷大弓,未知,温瑞安
26238,一了百了,未知,温瑞安
26239,兔大师,未知,温瑞安
26240,一死百了,未知,温瑞安
26241,狗道人,未知,温瑞安
26242,于一鞭,未知,温瑞安
26243,张满枝,未知,温瑞安
26244,于投,未知,温瑞安
26245,于玲,未知,温瑞安
26246,金眼妖,未知,温瑞安
26247,毛猛,未知,温瑞安
26248,快手神枪,未知,温瑞安
26249,招九积,未知,温瑞安
26250,于勇花,未知,温瑞安
26251,孟怒安,未知,温瑞安
26252,大败将军,未知,温瑞安
26253,司徒拔道,未知,温瑞安
26254,蔷薇将军,未知,温瑞安
26255,于春童,未知,温瑞安
26256,曾春童,未知,温瑞安
26257,于爱喜,未知,温瑞安
26258,曾爱喜,未知,温瑞安
26259,三间虎,未知,温瑞安
26260,傅从,未知,温瑞安
26261,霹雳将军,未知,温瑞安
26262,雷暴,未知,温瑞安
26263,砍头将军,未知,温瑞安
26264,莫富大,未知,温瑞安
26265,影子将军,未知,温瑞安
26266,沙岗,未知,温瑞安
26267,金甲将军,未知,温瑞安
26268,石岗,未知,温瑞安
26269,盖世王,未知,温瑞安
26270,柳锐奇,未知,温瑞安
26271,奸商通明,未知,温瑞安
26272,阴司,未知,温瑞安
26273,杨奸,未知,温瑞安
26274,旺姐,未知,温瑞安
26275,张无须,未知,温瑞安
26276,宋无虚,未知,温瑞安
26277,小老妈子,未知,温瑞安
26278,甩甩,未知,温瑞安
26279,凶神,未知,温瑞安
26280,马尔,未知,温瑞安
26281,恶煞,未知,温瑞安
26282,寇梁,未知,温瑞安
26283,冷过水,未知,温瑞安
26284,舒伯德,未知,温瑞安
26285,急惊风,未知,温瑞安
26286,巴比隆,未知,温瑞安
26287,霎时云,未知,温瑞安
26288,梁爱孙,未知,温瑞安
26289,风云第一矛,未知,温瑞安
26290,赫怒雪,未知,温瑞安
26291,石火,未知,温瑞安
26292,巴坭,未知,温瑞安
26293,电光,未知,温瑞安
26294,牛敦,未知,温瑞安
26295,慑青,未知,温瑞安
26296,闪灵,未知,温瑞安
26297,柴义,未知,温瑞安
26298,雷轰,未知,温瑞安
26299,钟碎,未知,温瑞安
26300,陈大胆,未知,温瑞安
26301,何二胆,未知,温瑞安
26302,文三胆,未知,温瑞安
26303,轩辕,未知,温瑞安
26304,海豹,未知,温瑞安
26305,铁铁,未知,温瑞安
26306,元元,未知,温瑞安
26307,丫头子,未知,温瑞安
26308,陈三五郎,未知,温瑞安
26309,陈三,未知,温瑞安
26310,五郎,未知,温瑞安
26311,言衷虚,未知,温瑞安
26312,饮雪上人,未知,温瑞安
26313,李血,未知,温瑞安
26314,刘全我,未知,温瑞安
26315,黎井塘,未知,温瑞安
26316,飞龙快棍,未知,温瑞安
26317,马善欺,未知,温瑞安
26318,马高言,未知,温瑞安
26319,智利,未知,温瑞安
26320,屈完,未知,温瑞安
26321,多足如来,未知,温瑞安
26322,黎八嫩,未知,温瑞安
26323,张显然,未知,温瑞安
26324,蔡炒,未知,温瑞安
26325,巴哈,未知,温瑞安
26326,无息上人,未知,温瑞安
26327,尚小和,未知,温瑞安
26328,倒采花,未知,温瑞安
26329,铁乐仕,未知,温瑞安
26330,何怒七,未知,温瑞安
26331,段断虎,未知,温瑞安
26332,余再来,未知,温瑞安
26333,刀剑书生,未知,温瑞安
26334,林大史,未知,温瑞安
26335,猫魔,未知,温瑞安
26336,鲁雪夫,未知,温瑞安
26337,倒神,未知,温瑞安
26338,莫伯伤,未知,温瑞安
26339,倒爷,未知,温瑞安
26340,莫扎德,未知,温瑞安
26341,玉碎叟,未知,温瑞安
26342,互存老人,未知,温瑞安
26343,艾略德,未知,温瑞安
26344,天机大侠,未知,温瑞安
26345,爸爹,未知,温瑞安
26346,张三爸,未知,温瑞安
26347,玉箫仙子,未知,温瑞安
26348,张一女,未知,温瑞安
26349,张炭,未知,温瑞安
26350,张二爹,未知,温瑞安
26351,大口飞耙,未知,温瑞安
26352,梁小悲,未知,温瑞安
26353,小解鬼手,未知,温瑞安
26354,蔡老择,未知,温瑞安
26355,灯火金刚,未知,温瑞安
26356,陈笑,未知,温瑞安
26357,一气成河,未知,温瑞安
26358,何大愤,未知,温瑞安
26359,中原一笔虎,未知,温瑞安
26360,谢子咏,未知,温瑞安
26361,大马金刀,未知,温瑞安
26362,郑重重,未知,温瑞安
26363,温暖,未知,温瑞安
26364,艳芳大师,未知,温瑞安
26365,温泉,未知,温瑞安
26366,补白天王,未知,温瑞安
26367,袁祖贤,未知,温瑞安
26368,九九修罗斧神君,未知,温瑞安
26369,哈三天,未知,温瑞安
26370,哈佛,未知,温瑞安
26371,李大七,未知,温瑞安
26372,牛眼,未知,温瑞安
26373,荣仔,未知,温瑞安
26374,长下巴,未知,温瑞安
26375,大头小个子,未知,温瑞安
26376,神龙见首,未知,温瑞安
26377,罗小豆,未知,温瑞安
26378,苏遮幕,未知,温瑞安
26379,苏行远,未知,温瑞安
26380,斑搬办,未知,温瑞安
26381,苏梦枕,未知,温瑞安
26382,地狱寺,未知,温瑞安
26383,小寒山,未知,温瑞安
26384,小寒山报地狱寺,未知,温瑞安
26385,十五上人,未知,温瑞安
26386,戚少商,蓝武,温瑞安
26387,一言为定,未知,温瑞安
26388,金风玉露,未知,温瑞安
26389,苏春阳,未知,温瑞安
26390,上官中神,未知,温瑞安
26391,上官悠云,未知,温瑞安
26392,郭东神,未知,温瑞安
26393,刀南神,未知,温瑞安
26394,泼皮风,未知,温瑞安
26395,莫北神,未知,温瑞安
26396,无法无天,未知,温瑞安
26397,算无遗策,未知,温瑞安
26398,童叟无欺,未知,温瑞安
26399,杨无邪,未知,温瑞安
26400,师无愧,未知,温瑞安
26401,花无错,未知,温瑞安
26402,古董,未知,温瑞安
26403,余无语,未知,温瑞安
26404,茶花,未知,温瑞安
26405,沃夫子,未知,温瑞安
26406,起死回生,未知,温瑞安
26407,苏铁标,未知,温瑞安
26408,起回生死,未知,温瑞安
26409,苏雄标,未知,温瑞安
26410,死起回生,未知,温瑞安
26411,苏铁梁,未知,温瑞安
26412,一帘幽梦,未知,温瑞安
26413,利小吉,未知,温瑞安
26414,小蚊子,未知,温瑞安
26415,祥哥儿,未知,温瑞安
26416,一索而得,未知,温瑞安
26417,朱如是,未知,温瑞安
26418,无尾飞铊,未知,温瑞安
26419,欧阳意意,未知,温瑞安
26420,梁何,未知,温瑞安
26421,杀手锏,未知,温瑞安
26422,孙鱼,未知,温瑞安
26423,瞎王子,未知,温瑞安
26424,马克白,未知,温瑞安
26425,万里望,未知,温瑞安
26426,新月剑,未知,温瑞安
26427,陈皮,未知,温瑞安
26428,杀人放火,未知,温瑞安
26429,毛拉拉,未知,温瑞安
26430,杜仲,未知,温瑞安
26431,金钱鞭,未知,温瑞安
26432,归当,未知,温瑞安
26433,孙尤烈,未知,温瑞安
26434,梁贱儿,未知,温瑞安
26435,何太绝,未知,温瑞安
26436,余更猛,未知,温瑞安
26437,蔡心空,未知,温瑞安
26438,余少名,未知,温瑞安
26439,孙青牙,未知,温瑞安
26440,刀色青青,未知,温瑞安
26441,周不时,未知,温瑞安
26442,三不管,未知,温瑞安
26443,官叔二,未知,温瑞安
26444,王大痴,未知,温瑞安
26445,金宝大侠,未知,温瑞安
26446,王天六,未知,温瑞安
26447,王紫萍,未知,温瑞安
26448,霹雳八,未知,温瑞安
26449,书到用时,未知,温瑞安
26450,方试妆,未知,温瑞安
26451,雨亦奇,未知,温瑞安
26452,施算了,未知,温瑞安
26453,铜皮铁骨,未知,温瑞安
26454,贪花大侠,未知,温瑞安
26455,神偷得法,未知,温瑞安
26456,饭王,未知,温瑞安
26457,松风,未知,温瑞安
26458,王小慢,未知,温瑞安
26459,田老子,未知,温瑞安
26460,十二生肖,未知,温瑞安
26461,朱大块儿,未知,温瑞安
26462,独沽一味,未知,温瑞安
26463,唐七昧,未知,温瑞安
26464,毒菩萨,未知,温瑞安
26465,温宝,未知,温瑞安
26466,用手走路,未知,温瑞安
26467,梁阿牛,未知,温瑞安
26468,老天爷,未知,温瑞安
26469,何小河,未知,温瑞安
26470,蔡水择,未知,温瑞安
26471,颜鹤发,未知,温瑞安
26472,意中无人,未知,温瑞安
26473,落花舞影,未知,温瑞安
26474,朱小腰,未知,温瑞安
26475,一极棒,未知,温瑞安
26476,柴可夫,未知,温瑞安
26477,一叶惊秋,未知,温瑞安
26478,花枯发,未知,温瑞安
26479,花晴洲,未知,温瑞安
26480,掷海神叉,未知,温瑞安
26481,张顺泰,未知,温瑞安
26482,赵天容,未知,温瑞安
26483,唐一独,未知,温瑞安
26484,吴一厢,未知,温瑞安
26485,龙一悲,未知,温瑞安
26486,霍一想,未知,温瑞安
26487,挫骨扬灰,未知,温瑞安
26488,水火不容,未知,温瑞安
26489,何择钟,未知,温瑞安
26490,破山刀客,未知,温瑞安
26491,银盛雪,未知,温瑞安
26492,袋袋平安,未知,温瑞安
26493,龙吐珠,未知,温瑞安
26494,扫眉才子,未知,温瑞安
26495,宋展眉,未知,温瑞安
26496,目为之盲,未知,温瑞安
26497,梁色,未知,温瑞安
26498,面面俱黑,未知,温瑞安
26499,蔡追猫,未知,温瑞安
26500,蔡建祥,未知,温瑞安
26501,丈八剑,未知,温瑞安
26502,洛五霞,未知,温瑞安
26503,今宵多珍重,未知,温瑞安
26504,戚恋霞,未知,温瑞安
26505,前途无亮,未知,温瑞安
26506,吴谅,未知,温瑞安
26507,孤独剑,未知,温瑞安
26508,沙老田,未知,温瑞安
26509,温梦成,未知,温瑞安
26510,夏寻石,未知,温瑞安
26511,商生石,未知,温瑞安
26512,周磊石,未知,温瑞安
26513,秦送石,未知,温瑞安
26514,唐怀石,未知,温瑞安
26515,宋弃石,未知,温瑞安
26516,元炸石,未知,温瑞安
26517,明求石,未知,温瑞安
26518,清谋石,未知,温瑞安
26519,华井石,未知,温瑞安
26520,佟琼崖,未知,温瑞安
26521,一叶兰,未知,温瑞安
26522,佟劲秋,未知,温瑞安
26523,八大天王,未知,温瑞安
26524,高大名,未知,温瑞安
26525,雷震雷,未知,温瑞安
26526,雷媚,未知,温瑞安
26527,雷镭,未知,温瑞安
26528,雷损,未知,温瑞安
26529,梦幻天罗,未知,温瑞安
26530,关昭弟,未知,温瑞安
26531,雷纯,未知,温瑞安
26532,后会有期,未知,温瑞安
26533,惊涛书生,未知,温瑞安
26534,吴其荣,未知,温瑞安
26535,雷阵雨,未知,温瑞安
26536,杀头大将军,未知,温瑞安
26537,霹雳火神,未知,温瑞安
26538,老林禅师,未知,温瑞安
26539,杀人王,未知,温瑞安
26540,雷雨,未知,温瑞安
26541,放火王,未知,温瑞安
26542,雷逾求,未知,温瑞安
26543,雷逾,未知,温瑞安
26544,雷无妄,未知,温瑞安
26545,小忽雷,未知,温瑞安
26546,雷一,未知,温瑞安
26547,旱天雷,未知,温瑞安
26548,雷悒,未知,温瑞安
26549,无声雷,未知,温瑞安
26550,雷意,未知,温瑞安
26551,低首神龙,未知,温瑞安
26552,狄飞惊,未知,温瑞安
26553,狄路,未知,温瑞安
26554,老饼,未知,温瑞安
26555,雷动天,未知,温瑞安
26556,无剑神剑手,未知,温瑞安
26557,阿蚊,未知,温瑞安
26558,雷恨,未知,温瑞安
26559,雷滚,未知,温瑞安
26560,雷念滚,未知,温瑞安
26561,雷娇,未知,温瑞安
26562,豆子婆婆,未知,温瑞安
26563,花衣和尚,未知,温瑞安
26564,霍董,未知,温瑞安
26565,三箭将军,未知,温瑞安
26566,鲁三箭,未知,温瑞安
26567,赵铁冷,未知,温瑞安
26568,薛西神,未知,温瑞安
26569,独脚铁鹤,未知,温瑞安
26570,周角,未知,温瑞安
26571,鬼神劈,未知,温瑞安
26572,任鬼神,未知,温瑞安
26573,苍生刺,未知,温瑞安
26574,邓苍生,未知,温瑞安
26575,如有雷同,未知,温瑞安
26576,雷如,未知,温瑞安
26577,雷有,未知,温瑞安
26578,雷雷,未知,温瑞安
26579,雷同,未知,温瑞安
26580,山抬炮,未知,温瑞安
26581,雷凸,未知,温瑞安
26582,抬山炮,未知,温瑞安
26583,雷凹,未知,温瑞安
26584,独一无二,未知,温瑞安
26585,雷壹,未知,温瑞安
26586,禁忌二使,未知,温瑞安
26587,林示己,未知,温瑞安
26588,林己心,未知,温瑞安
26589,厉单,未知,温瑞安
26590,厉蕉红,未知,温瑞安
26591,顾寒林,未知,温瑞安
26592,丁瘦鹤,未知,温瑞安
26593,过山虎,未知,温瑞安
26594,沈恒,未知,温瑞安
26595,虎前狐,未知,温瑞安
26596,李越,未知,温瑞安
26597,战神,未知,温瑞安
26598,天敌,未知,温瑞安
26599,关木旦,未知,温瑞安
26600,长尾煞星,未知,温瑞安
26601,金面兽,未知,温瑞安
26602,闵进,未知,温瑞安
26603,开心神仙,未知,温瑞安
26604,水晶狂魔,未知,温瑞安
26605,吕破军,未知,温瑞安
26606,毒手摩什,未知,温瑞安
26607,黑面神君,未知,温瑞安
26608,张纷燕,未知,温瑞安
26609,张铁树,未知,温瑞安
26610,张烈心,未知,温瑞安
26611,水蝎子,未知,温瑞安
26612,陈斩槐,未知,温瑞安
26613,迷天七煞,未知,温瑞安
26614,者天仇,未知,温瑞安
26615,笑韦陀,未知,温瑞安
26616,铁镜大师,未知,温瑞安
26617,银扇罗汉,未知,温瑞安
26618,不忍大师,未知,温瑞安
26619,铁掌僧,未知,温瑞安
26620,取舍禅师,未知,温瑞安
26621,金刚大师,未知,温瑞安
26622,青松子,未知,温瑞安
26623,长虚道长,未知,温瑞安
26624,清灵子,未知,温瑞安
26625,冥阳子,未知,温瑞安
26626,青竹追魂,未知,温瑞安
26627,包竹霄,未知,温瑞安
26628,雪山银鹰,未知,温瑞安
26629,意想不到,未知,温瑞安
26630,乌衣赤发,未知,温瑞安
26631,追魂手,未知,温瑞安
26632,勾魂鬼爪,未知,温瑞安
26633,防不胜防,未知,温瑞安
26634,燕啸天,未知,温瑞安
26635,燕啸云,未知,温瑞安
26636,陈离山,未知,温瑞安
26637,雪山老魅,未知,温瑞安
26638,郝不喜,未知,温瑞安
26639,雪山双雄,未知,温瑞安
26640,秋映瑞,未知,温瑞安
26641,钟错,未知,温瑞安
26642,程无想,未知,温瑞安
26643,程无常,未知,温瑞安
26644,邵星舞,未知,温瑞安
26645,雷伟,未知,温瑞安
26646,邵星云,未知,温瑞安
26647,冷秋帆,未知,温瑞安
26648,纵横天下,未知,温瑞安
26649,李柳赵,未知,温瑞安
26650,柳公子,未知,温瑞安
26651,陶二,未知,温瑞安
26652,恭三,未知,温瑞安
26653,麦四,未知,温瑞安
26654,钱六,未知,温瑞安
26655,商七,未知,温瑞安
26656,司徒长乐,未知,温瑞安
26657,龙放啸,未知,温瑞安
26658,风云无敌手,未知,温瑞安
26659,九大关刀,未知,温瑞安
26660,过桥抽板,未知,温瑞安
26661,原来如此,未知,温瑞安
26662,独劈华山,未知,温瑞安
26663,宋虎泉,未知,温瑞安
26664,一指定中原,未知,温瑞安
26665,朱一点,未知,温瑞安
26666,金小肚,未知,温瑞安
26667,五步追魂,未知,温瑞安
26668,齐顶铭,未知,温瑞安
26669,快刀客,未知,温瑞安
26670,车雷,未知,温瑞安
26671,四平镇山拳,未知,温瑞安
26672,陆自钦,未知,温瑞安
26673,九指金龙,未知,温瑞安
26674,五龙神拐,未知,温瑞安
26675,血剑神医,未知,温瑞安
26676,丁隐,未知,温瑞安
26677,流星赶月,未知,温瑞安
26678,武兆兴,未知,温瑞安
26679,大环刀客,未知,温瑞安
26680,胡过,未知,温瑞安
26681,一柱擎天,未知,温瑞安
26682,张自流,未知,温瑞安
26683,双刀无影,未知,温瑞安
26684,邵力山,未知,温瑞安
26685,赛张飞,未知,温瑞安
26686,庄君柏,未知,温瑞安
26687,九节金鞭,未知,温瑞安
26688,仇苏,未知,温瑞安
26689,高处石,未知,温瑞安
26690,高风亮,未知,温瑞安
26691,高晓心,未知,温瑞安
26692,大脚,未知,温瑞安
26693,勇成,未知,温瑞安
26694,豹子胆,未知,温瑞安
26695,唐肯,未知,温瑞安
26696,蓝老大,未知,温瑞安
26697,张义宏,未知,温瑞安
26698,吴胜,未知,温瑞安
26699,钟应,未知,温瑞安
26700,郑忠,未知,温瑞安
26701,鳌镖头,未知,温瑞安
26702,黎笑虹,未知,温瑞安
26703,仁伯,未知,温瑞安
26704,张国仁,未知,温瑞安
26705,杏伯,未知,温瑞安
26706,小蜻,未知,温瑞安
26707,兰姊,未知,温瑞安
26708,金刀无敌,未知,温瑞安
26709,大猛龙,未知,温瑞安
26710,白花花,未知,温瑞安
26711,椎心刺,未知,温瑞安
26712,王氏,绿文,宋朝
26713,逢打必败,未知,温瑞安
26714,邝无极,未知,温瑞安
26715,钱塘蛟龙,未知,温瑞安
26716,游敬堂,未知,温瑞安
26717,暗器漫天,未知,温瑞安
26718,姚一江,未知,温瑞安
26719,过山步,未知,温瑞安
26720,雷电锤,未知,温瑞安
26721,李开山,未知,温瑞安
26722,碎碑手,未知,温瑞安
26723,雍穆公主,绿文,清朝
26724,过关刀,未知,温瑞安
26725,持旗壮汉,未知,温瑞安
26726,捧刀青僮,未知,温瑞安
26727,三绝一声雷,未知,温瑞安
26728,彩云飞,未知,温瑞安
26729,急电,未知,温瑞安
26730,上方剑,未知,温瑞安
26731,三眼怪,未知,温瑞安
26732,黑煞神,未知,温瑞安
26733,地趟刀,未知,温瑞安
26734,蓝敬天,未知,温瑞安
26735,蓝元山,未知,温瑞安
26736,周敬述,未知,温瑞安
26737,周逢春,未知,温瑞安
26738,周天定,未知,温瑞安
26739,龙虎山人,未知,温瑞安
26740,仙子女侠,未知,温瑞安
26741,雪峰神尼,未知,温瑞安
26742,八臂金刚,未知,温瑞安
26743,诸葛正,未知,温瑞安
26744,大漠飞驼,未知,温瑞安
26745,洪汉洪鞋而,未知,温瑞安
26746,洪汉,未知,温瑞安
26747,洪鞋而,未知,温瑞安
26748,熊护法,未知,温瑞安
26749,彭护法,未知,温瑞安
26750,高护法,未知,温瑞安
26751,赵护法,未知,温瑞安
26752,戴护法,未知,温瑞安
26753,关护法,未知,温瑞安
26754,曾护法,未知,温瑞安
26755,宁护法,未知,温瑞安
26756,阮护法,未知,温瑞安
26757,牟护法,未知,温瑞安
26758,老丁,未知,温瑞安
26759,金胜山,未知,温瑞安
26760,史中明,未知,温瑞安
26761,白不邪,未知,温瑞安
26762,马淡水,未知,温瑞安
26763,血霜妃,未知,温瑞安
26764,绝灭王,未知,温瑞安
26765,天剑,未知,温瑞安
26766,绝刀,未知,温瑞安
26767,时正锋,未知,温瑞安
26768,孙天方,未知,温瑞安
26769,快刀三虎,未知,温瑞安
26770,魔姑,未知,温瑞安
26771,飞仙,未知,温瑞安
26772,臧其克,未知,温瑞安
26773,麻国刚,未知,温瑞安
26774,卓天城,未知,温瑞安
26775,李淑妃,未知,明朝
26776,莫神仙,未知,温瑞安
26777,胡飞,未知,温瑞安
26778,丘独,未知,温瑞安
26779,郭彬,未知,温瑞安
26780,金化,未知,温瑞安
26781,丁亥,未知,温瑞安
26782,魏尖,未知,温瑞安
26783,彭喜,未知,温瑞安
26784,关小趣,未知,温瑞安
26785,关趣,未知,温瑞安
26786,丁裳衣,未知,温瑞安
26787,蓝林,未知,温瑞安
26788,丁雪奇,未知,温瑞安
26789,丁三通,未知,温瑞安
26790,飞骑,未知,温瑞安
26791,袁飞,未知,温瑞安
26792,牛蛋,未知,温瑞安
26793,万老六,未知,温瑞安
26794,嵇老八,未知,温瑞安
26795,独手,未知,温瑞安
26796,孝慈皇后,绿文,明朝
26797,宋乱水,未知,温瑞安
26798,霍乱步,未知,温瑞安
26799,赛诸葛,未知,温瑞安
26800,阵前风,未知,温瑞安
26801,千狼魔僧,未知,温瑞安
26802,红袍绿发,未知,温瑞安
26803,金蛇枪,未知,温瑞安
26804,双刃搜魂,未知,温瑞安
26805,霸王棍,未知,温瑞安
26806,郭乱步,未知,温瑞安
26807,麻脸汉,未知,温瑞安
26808,塌鼻汉,未知,温瑞安
26809,老九,未知,温瑞安
26810,雷滪,未知,温瑞安
26811,雷实,未知,温瑞安
26812,雷属,未知,温瑞安
26813,雷巧,未知,温瑞安
26814,雷合,未知,温瑞安
26815,女关公,未知,温瑞安
26816,万剑柔,未知,温瑞安
26817,萧靓妹,未知,温瑞安
26818,小眉,未知,温瑞安
26819,柳姐,未知,温瑞安
26820,高鸡血,未知,温瑞安
26821,韦鸭毛,未知,温瑞安
26822,冲锋,未知,温瑞安
26823,禹全盛,未知,温瑞安
26824,幸不辱命,未知,温瑞安
26825,陶清,未知,温瑞安
26826,巴三力,未知,温瑞安
26827,福骥王,未知,温瑞安
26828,习豫楚,未知,温瑞安
26829,露明飞将,未知,温瑞安
26830,习祈堂,未知,温瑞安
26831,艳阳天王,未知,温瑞安
26832,习奔龙,未知,温瑞安
26833,习酒井,未知,温瑞安
26834,棋高一着,未知,温瑞安
26835,习笑风,未知,温瑞安
26836,黎露雨,未知,温瑞安
26837,习球,未知,温瑞安
26838,习秋崖,未知,温瑞安
26839,习玫红,未知,温瑞安
26840,唐失惊,未知,温瑞安
26841,添胜爷,未知,温瑞安
26842,习良晤,未知,温瑞安
26843,马聂胜,未知,温瑞安
26844,习英鸣,未知,温瑞安
26845,习野寺,未知,温瑞安
26846,习获,未知,温瑞安
26847,习甘,未知,温瑞安
26848,单手棍,未知,温瑞安
26849,周丙,未知,温瑞安
26850,周升冲,未知,温瑞安
26851,周旋,未知,温瑞安
26852,周东得,未知,温瑞安
26853,四十四,未知,温瑞安
26854,冯三诗,未知,温瑞安
26855,大手神龙,未知,温瑞安
26856,班是之,未知,温瑞安
26857,罗白乃,未知,温瑞安
26858,虎尾棍,未知,温瑞安
26859,孙看前,未知,温瑞安
26860,冲锋枪,未知,温瑞安
26861,余顾后,未知,温瑞安
26862,温丝卷,未知,温瑞安
26863,温约红,未知,温瑞安
26864,罗更,未知,温瑞安
26865,李盐冰,未知,温瑞安
26866,孙激华,未知,温瑞安
26867,睡觉大师,未知,温瑞安
26868,毒圣,未知,温瑞安
26869,温兄,未知,温瑞安
26870,白老总,未知,温瑞安
26871,白赶了,未知,温瑞安
26872,白猖狂,未知,温瑞安
26873,崩大碗,未知,温瑞安
26874,白婆婆,未知,温瑞安
26875,六迟居士,未知,温瑞安
26876,温米汤,未知,温瑞安
26877,孙黄豆,未知,温瑞安
26878,余扁豆,未知,温瑞安
26879,何蚕豆,未知,温瑞安
26880,梁绿豆,未知,温瑞安
26881,詹黑豆,未知,温瑞安
26882,余碗豆,未知,温瑞安
26883,陈大豆,未知,温瑞安
26884,谭红豆,未知,温瑞安
26885,陈张八妹,未知,温瑞安
26886,孟将旅,未知,温瑞安
26887,何车,未知,温瑞安
26888,鱼天梁,未知,温瑞安
26889,鱼天凉,未知,温瑞安
26890,小鸟,未知,温瑞安
26891,高飞,未知,温瑞安
26892,高亦桦,未知,温瑞安
26893,鱼头,未知,温瑞安
26894,鱼尾,未知,温瑞安
26895,李忠顺,未知,温瑞安
26896,陈恕芳,未知,温瑞安
26897,魔刃手,未知,温瑞安
26898,狄米,未知,温瑞安
26899,言尖,未知,温瑞安
26900,于情,未知,温瑞安
26901,阿晴,未知,温瑞安
26902,小花,未知,温瑞安
26903,西瓜,未知,温瑞安
26904,宣翼娃,未知,温瑞安
26905,粉肠,未知,温瑞安
26906,陈分长,未知,温瑞安
26907,陈汉思,未知,温瑞安
26908,花脸煞星,未知,温瑞安
26909,司徒丙,未知,温瑞安
26910,大胃,未知,温瑞安
26911,王大维,未知,温瑞安
26912,狗狗,未知,温瑞安
26913,陈老板,未知,温瑞安
26914,张叹,未知,温瑞安
26915,赖怒江,未知,温瑞安
26916,笑桃花,未知,温瑞安
26917,娥衣轻,未知,温瑞安
26918,赖笑娥,未知,温瑞安
26919,刀下留头,未知,温瑞安
26920,齐相好,未知,温瑞安
26921,小雪衣,未知,温瑞安
26922,任古书,未知,温瑞安
26923,任小时,未知,温瑞安
26924,稚子剑,未知,温瑞安
26925,任笑玉,未知,温瑞安
26926,雷大先生,未知,温瑞安
26927,雷肃桐,未知,温瑞安
26928,深仇大师,未知,温瑞安
26929,修罗掌,未知,温瑞安
26930,神判,未知,温瑞安
26931,祖浮沉,未知,温瑞安
26932,电侠,未知,温瑞安
26933,雷唇,未知,温瑞安
26934,公羽敬,未知,温瑞安
26935,不倒翁,未知,温瑞安
26936,薛东邻,未知,温瑞安
26937,简易行,未知,温瑞安
26938,萧邦,未知,温瑞安
26939,叶月珊,未知,温瑞安
26940,匕金牛,未知,温瑞安
26941,沈三三,未知,温瑞安
26942,千字架,未知,温瑞安
26943,余别恋,未知,温瑞安
26944,谈公璧,未知,温瑞安
26945,谈珍儿,未知,温瑞安
26946,唐佐,未知,温瑞安
26947,唐佑,未知,温瑞安
26948,南天王,未知,温瑞安
26949,钟诗牛,未知,温瑞安
26950,钟夫人,未知,温瑞安
26951,白风花,未知,温瑞安
26952,钟小倦,未知,温瑞安
26953,女夫人,未知,温瑞安
26954,钟诗情,未知,温瑞安
26955,梁忘机,未知,温瑞安
26956,洛氏,未知,温瑞安
26957,见光死,未知,温瑞安
26958,舒钊,未知,温瑞安
26959,莫星邪,未知,温瑞安
26960,棺棺王,未知,温瑞安
26961,白不采,未知,温瑞安
26962,日官,未知,温瑞安
26963,月官,未知,温瑞安
26964,星官,未知,温瑞安
26965,云官,未知,温瑞安
26966,水晶,未知,温瑞安
26967,翡翠,未知,温瑞安
26968,浩妈妈,未知,温瑞安
26969,韦青青青,未知,温瑞安
26970,查先生,未知,温瑞安
26971,五泽居士,未知,温瑞安
26972,梦入高唐,未知,温瑞安
26973,蔡般若,未知,温瑞安
26974,蔡显策,未知,温瑞安
26975,独孤轮回,未知,温瑞安
26976,蔡黛玉,未知,温瑞安
26977,蔡五,未知,温瑞安
26978,蔡青山,未知,温瑞安
26979,招久积,未知,温瑞安
26980,张笑舫,未知,温瑞安
26981,瓶魔,未知,温瑞安
26982,鞍神,未知,温瑞安
26983,戟妖,未知,温瑞安
26984,何吉,未知,温瑞安
26985,磬仙,未知,温瑞安
26986,陈庆,未知,温瑞安
26987,裘师父,未知,温瑞安
26988,林凤公,未知,温瑞安
26989,岑疋儿,未知,温瑞安
26990,七情居士,未知,温瑞安
26991,一择散人,未知,温瑞安
26992,林醉,未知,温瑞安
26993,林远笑,未知,温瑞安
26994,林晚笑,未知,温瑞安
26995,池散木,未知,温瑞安
26996,池日丽,未知,温瑞安
26997,颜夕,未知,温瑞安
26998,池日暮,未知,温瑞安
26999,方邪真,未知,温瑞安
27000,方谢谢,未知,温瑞安
27001,列长恨,未知,温瑞安
27002,方父,未知,温瑞安
27003,方灵,未知,温瑞安
27004,惜惜,未知,温瑞安
27005,七发大师,未知,温瑞安
27006,刘狮子,未知,温瑞安
27007,刘是之,未知,温瑞安
27008,洪三热,未知,温瑞安
27009,黑旋风,未知,温瑞安
27010,小白,未知,温瑞安
27011,陈青龙,未知,温瑞安
27012,孙白虎,未知,温瑞安
27013,余朱雀,未知,温瑞安
27014,梁玄武,未知,温瑞安
27015,游卧农,未知,温瑞安
27016,游玉遮,未知,温瑞安
27017,顾佛影,未知,温瑞安
27018,简迅,未知,温瑞安
27019,花沾唇,未知,温瑞安
27020,何岸发,未知,温瑞安
27021,梁拔罗,未知,温瑞安
27022,游纪原,未知,温瑞安
27023,游应德,未知,温瑞安
27024,游雅盛,未知,温瑞安
27025,游大黑,未知,温瑞安
27026,游小林,未知,温瑞安
27027,游怀文,未知,温瑞安
27028,游忠伟,未知,温瑞安
27029,游白鸣,未知,温瑞安
27030,田东,未知,温瑞安
27031,田西,未知,温瑞安
27032,回亿雨,未知,温瑞安
27033,回百应,未知,温瑞安
27034,林礼礼,未知,温瑞安
27035,林念念,未知,温瑞安
27036,回绝,未知,温瑞安
27037,回万雷,未知,温瑞安
27038,回兆电,未知,温瑞安
27039,回兆涛,未知,温瑞安
27040,回千风,未知,温瑞安
27041,回一铭,未知,温瑞安
27042,回百响,未知,温瑞安
27043,回龙斩,未知,温瑞安
27044,林乃罪,未知,温瑞安
27045,笑神猴,未知,温瑞安
27046,招展书,未知,温瑞安
27047,庄慧娘,未知,温瑞安
27048,刘晴虎,未知,温瑞安
27049,回送灯,未知,温瑞安
27050,回易皇,未知,温瑞安
27051,回维鸣,未知,温瑞安
27052,司马爱恩,未知,温瑞安
27053,司徒诗坦,未知,温瑞安
27054,卜易生,未知,温瑞安
27055,余开花,未知,温瑞安
27056,一奸大师,未知,温瑞安
27057,史思诗,未知,温瑞安
27058,花枪王,未知,温瑞安
27059,孙火炭,未知,温瑞安
27060,梁芜心,未知,温瑞安
27061,黑人,未知,温瑞安
27062,孙三太公,未知,温瑞安
27063,阿贼,未知,温瑞安
27064,葛寒灯,未知,温瑞安
27065,女公子,未知,温瑞安
27066,葛铃铃,未知,温瑞安
27067,葛想想,未知,温瑞安
27068,葛粉儿,未知,温瑞安
27069,司空剑冠,未知,温瑞安
27070,公输猿犬,未知,温瑞安
27071,蔡旋钟,未知,温瑞安
27072,蔡钟,未知,温瑞安
27073,钟旋蔡,未知,温瑞安
27074,钟蔡,未知,温瑞安
27075,暗器王,未知,温瑞安
27076,秦点,未知,温瑞安
27077,仇灰灰,未知,温瑞安
27078,戒杀大师,未知,温瑞安
27079,中方杀手,未知,温瑞安
27080,柳天君,未知,温瑞安
27081,王井树,未知,温瑞安
27082,蝴蝶梦,未知,温瑞安
27083,沈凄旋,未知,温瑞安
27084,孙夫子,未知,温瑞安
27085,袁煎炸,未知,温瑞安
27086,石老幺,未知,温瑞安
27087,石心肠,未知,温瑞安
27088,满天星,未知,温瑞安
27089,亮晶晶,未知,温瑞安
27090,斐廉子,未知,温瑞安
27091,神不知,未知,温瑞安
27092,鬼不觉,未知,温瑞安
27093,天外天,未知,温瑞安
27094,白训,未知,温瑞安
27095,张十一,未知,温瑞安
27096,七七头,未知,温瑞安
27097,金刀,未知,温瑞安
27098,白发,未知,温瑞安
27099,武解,未知,温瑞安
27100,辛大辛,未知,温瑞安
27101,辛大苦,未知,温瑞安
27102,八字刀,未知,温瑞安
27103,庞捌,未知,温瑞安
27104,马交,未知,温瑞安
27105,巴比虫,未知,温瑞安
27106,见心师太,未知,温瑞安
27107,侯小宇,未知,温瑞安
27108,轩辕空明,未知,温瑞安
27109,郝福祥,未知,温瑞安
27110,关更山,未知,温瑞安
27111,阿福,未知,温瑞安
27112,铁拐,未知,温瑞安
27113,三节棍,未知,温瑞安
27114,方便铲,未知,温瑞安
27115,夺魂铃,未知,温瑞安
27116,行千里,未知,温瑞安
27117,常无天,未知,温瑞安
27118,戚千功,未知,温瑞安
27119,石满唐,未知,温瑞安
27120,岑策纵,未知,温瑞安
27121,于素冬,未知,温瑞安
27122,末军头,未知,温瑞安
27123,末军投,未知,温瑞安
27124,末红痣,未知,温瑞安
27125,末红志,未知,温瑞安
27126,末斑长,未知,温瑞安
27127,末斑常,未知,温瑞安
27128,末山地,未知,温瑞安
27129,末山悌,未知,温瑞安
27130,末飞象,未知,温瑞安
27131,末斐相,未知,温瑞安
27132,苦耳神僧,未知,温瑞安
27133,宋一,未知,温瑞安
27134,宋二,未知,温瑞安
27135,宋三,绿色,温瑞安
27136,宋理忠,未知,温瑞安
27137,德步西,未知,温瑞安
27138,鲁山阴,未知,温瑞安
27139,徐赤水,未知,温瑞安
27140,丁五姑,未知,温瑞安
27141,万古烧,未知,温瑞安
27142,苑锐虎,未知,温瑞安
27143,苑利池,未知,温瑞安
27144,俸化天,未知,温瑞安
27145,辛己泣,未知,温瑞安
27146,生死桥,未知,温瑞安
27147,何奈,未知,温瑞安
27148,七斤大师,未知,温瑞安
27149,梁废,未知,温瑞安
27150,梁肥,未知,温瑞安
27151,单红,未知,温瑞安
27152,风云铡,未知,温瑞安
27153,马屯珠,未知,温瑞安
27154,一月禅师,未知,温瑞安
27155,张钩子,未知,温瑞安
27156,丁拐子,未知,温瑞安
27157,宝哥儿,未知,温瑞安
27158,趟小七,未知,温瑞安
27159,德叔,未知,温瑞安
27160,牛胆,未知,温瑞安
27161,敖曼余,未知,温瑞安
27162,米雪花,未知,温瑞安
27163,霍桑,未知,温瑞安
27164,吴辣,未知,温瑞安
27165,梁惊,未知,温瑞安
27166,孙咸,未知,温瑞安
27167,陈酸,未知,温瑞安
27168,何惧,未知,温瑞安
27169,余爱,未知,温瑞安
27170,梁一忘,未知,温瑞安
27171,何一烦,未知,温瑞安
27172,罗一担,未知,温瑞安
27173,陈一路,未知,温瑞安
27174,温一笑,未知,温瑞安
27175,孙一哭,未知,温瑞安
27176,吴一澜,未知,温瑞安
27177,关老大,未知,温瑞安
27178,唐老大,未知,温瑞安
27179,小黑龙,未知,温瑞安
27180,伏龙山人,未知,温瑞安
27181,金屏大师,未知,温瑞安
27182,初一禅师,未知,温瑞安
27183,陈不丁,未知,温瑞安
27184,冯不八,未知,温瑞安
27185,牵牛尊者,未知,温瑞安
27186,六容大师,未知,温瑞安
27187,甘勇,未知,温瑞安
27188,甘新,未知,温瑞安
27189,奈奈,未知,温瑞安
27190,野野,未知,温瑞安
27191,石见,未知,温瑞安
27192,老侯爷,未知,温瑞安
27193,邪神枪,未知,温瑞安
27194,王令行,未知,温瑞安
27195,曾永远,未知,温瑞安
27196,顾有我,未知,温瑞安
27197,单名黑,未知,温瑞安
27198,过天星,未知,温瑞安
27199,混世王,未知,温瑞安
27200,楼山虎,未知,温瑞安
27201,一宇龙,未知,温瑞安
27202,魔什,未知,温瑞安
27203,冷令今,未知,温瑞安
27204,窦狂眠,未知,温瑞安
27205,原高枕,未知,温瑞安
27206,任老鸡,未知,温瑞安
27207,苏素树,未知,温瑞安
27208,谷凡谷,未知,温瑞安
27209,高更高,未知,温瑞安
27210,查理,未知,温瑞安
27211,崔大左,未知,温瑞安
27212,史历巴,未知,温瑞安
27213,宋拜石,未知,温瑞安
27214,月下飞猫,未知,温瑞安
27215,铁郎君,未知,温瑞安
27216,江堂竞,未知,温瑞安
27217,雷剑心,未知,温瑞安
27218,蓝深判,未知,温瑞安
27219,死不了,未知,温瑞安
27220,茶奶奶,未知,温瑞安
27221,八婆红,未知,温瑞安
27222,噬月魔王,未知,温瑞安
27223,滚龙王,未知,温瑞安
27224,长畸甲谷,未知,温瑞安
27225,赤焰神君,未知,温瑞安
27226,龙吟,未知,温瑞安
27227,冷连环,未知,温瑞安
27228,戚威,未知,温瑞安
27229,霍桐,未知,温瑞安
27230,崔雷,未知,温瑞安
27231,公孙子厉,未知,温瑞安
27232,黄七海,未知,温瑞安
27233,不死老道,未知,温瑞安
27234,金银山,未知,温瑞安
27235,金燕神鹰,未知,温瑞安
27236,霍独夫,未知,温瑞安
27237,马搜神,未知,温瑞安
27238,苏送爽,未知,温瑞安
27239,天梁,未知,温瑞安
27240,天相,未知,温瑞安
27241,天府,未知,温瑞安
27242,连目上人,未知,温瑞安
27243,谢三胜,未知,温瑞安
27244,姚小雯,未知,温瑞安
27245,显道神,未知,温瑞安
27246,李化,未知,温瑞安
27247,甘晓岚,未知,温瑞安
27248,陈海兽,未知,温瑞安
27249,陶千云,未知,温瑞安
27250,高加索,未知,温瑞安
27251,师守砚,未知,温瑞安
27252,灌天任,未知,温瑞安
27253,席秋野,未知,温瑞安
27254,庄复谐,未知,温瑞安
27255,赵哀伤,未知,温瑞安
27256,柳青子,未知,温瑞安
27257,余吼地,未知,温瑞安
27258,殷色可,未知,温瑞安
27259,朱丽丽,未知,温瑞安
27260,宋光束,未知,温瑞安
27261,徐光速,未知,温瑞安
27262,何花冠,未知,温瑞安
27263,孙擎雷,未知,温瑞安
27264,孙棘牙,未知,温瑞安
27265,叶瑞气,未知,温瑞安
27266,毕逢辰,未知,温瑞安
27267,何太靱,未知,温瑞安
27268,余大畏,未知,温瑞安
27269,金小钟,未知,温瑞安
27270,梁然,未知,温瑞安
27271,曲犬氏,未知,温瑞安
27272,马大哈,未知,温瑞安
27273,百忍禅师,未知,温瑞安
27274,梁飞图,未知,温瑞安
27275,关海三,未知,温瑞安
27276,毛更闲,未知,温瑞安
27277,华矛,未知,温瑞安
27278,金倚伦,未知,温瑞安
27279,江带衣,未知,温瑞安
27280,血焰叉,未知,温瑞安
27281,戎飞虎,未知,温瑞安
27282,涂维,未知,温瑞安
27283,布十耳,未知,温瑞安
27284,天痴上人,未知,温瑞安
27285,长恨人,未知,温瑞安
27286,革动地,未知,温瑞安
27287,江方寸,未知,温瑞安
27288,省无名,未知,温瑞安
27289,宗一仇,未知,温瑞安
27290,洪烈,未知,温瑞安
27291,萧竹天,未知,温瑞安
27292,程拾云,未知,温瑞安
27293,郭天涯,未知,温瑞安
27294,李三声,未知,温瑞安
27295,金满楼,未知,温瑞安
27296,银子来,未知,温瑞安
27297,王慕之,未知,温瑞安
27298,天菩萨,未知,温瑞安
27299,谢胜,未知,温瑞安
27300,拓大荒,未知,温瑞安
27301,李强,未知,温瑞安
27302,余裕,未知,温瑞安
27303,龚定庵,未知,温瑞安
27304,井如府,未知,温瑞安
27305,荒山道人,未知,温瑞安
27306,铁碎柔,未知,温瑞安
27307,石剑垂,未知,温瑞安
27308,一心上人,未知,温瑞安
27309,断肠老尼,未知,温瑞安
27310,三太子,未知,温瑞安
27311,师老大,未知,温瑞安
27312,常惨大师,未知,温瑞安
27313,铁甲将军,未知,温瑞安
27314,王空虚,未知,温瑞安
27315,朱看天,未知,温瑞安
27316,刘留留,未知,温瑞安
27317,高大手,未知,温瑞安
27318,马宅,未知,温瑞安
27319,雷温虎,未知,温瑞安
27320,圆寂大师,未知,温瑞安
27321,李剑鬼,未知,温瑞安
27322,僧无由,未知,温瑞安
27323,雷钝,未知,温瑞安
27324,刘宗穆,未知,温瑞安
27325,龙头陀,未知,温瑞安
27326,张笙苍,未知,温瑞安
27327,雷老虎,未知,温瑞安
27328,大杀手,未知,温瑞安
27329,大天王,未知,温瑞安
27330,仇厉生,未知,温瑞安
27331,青蚂蚁,未知,温瑞安
27332,元妃,绿文,清朝
27333,金大朱,未知,温瑞安
27334,朱大金,未知,温瑞安
27335,蓝虎虎,未知,温瑞安
27336,言句句,未知,温瑞安
27337,钱穷穷,未知,温瑞安
27338,余也直,未知,温瑞安
27339,金蜀锋,未知,温瑞安
27340,三匙公子,未知,温瑞安
27341,居然神僧,未知,温瑞安
27342,梅轩,未知,温瑞安
27343,沙珠,未知,温瑞安
27344,独燃老人,未知,温瑞安
27345,扑空上人,未知,温瑞安
27346,赵大盗,未知,温瑞安
27347,赵大道,未知,温瑞安
27348,赵一之,未知,温瑞安
27349,卜先知,未知,温瑞安
27350,虎虎子,未知,温瑞安
27351,王红公,未知,温瑞安
27352,司徒坦,未知,温瑞安
27353,欧阳白,未知,温瑞安
27354,哭魔,未知,温瑞安
27355,笑神,未知,温瑞安
27356,小气鬼,未知,温瑞安
27357,黄山石,未知,温瑞安
27358,何叶,未知,温瑞安
27359,十一彪,未知,温瑞安
27360,帅红牛,未知,温瑞安
27361,凤利兵,未知,温瑞安
27362,汤告,未知,温瑞安
27363,浮生一君,未知,温瑞安
27364,申江王,未知,温瑞安
27365,余毛雨,未知,温瑞安
27366,陈念华,未知,温瑞安
27367,张万仙,未知,温瑞安
27368,李太子,未知,温瑞安
27369,何子威,未知,温瑞安
27370,徐靖,未知,温瑞安
27371,张迪,未知,温瑞安
27372,魏博,未知,温瑞安
27373,杨天王,未知,温瑞安
27374,孙刘整,未知,温瑞安
27375,高托山,未知,温瑞安
27376,高托天,未知,温瑞安
27377,武胡,未知,温瑞安
27378,徐进,未知,温瑞安
27379,丑春雨,未知,温瑞安
27380,倪老前辈,未知,温瑞安
27381,纳兰初见,未知,温瑞安
27382,温百闲,未知,温瑞安
27383,古欢,未知,温瑞安
27384,遇衣轻,未知,温瑞安
27385,贾奕,未知,温瑞安
27386,林哥哥,未知,温瑞安
27387,鲁志子,未知,温瑞安
27388,常威,未知,温瑞安
27389,周冲,未知,温瑞安
27390,暗花大师,未知,温瑞安
27391,惨大师,未知,温瑞安
27392,陈滋我,未知,温瑞安
27393,蝶衣轻,未知,温瑞安
27394,汪泼大师,未知,温瑞安
27395,丁小臂,未知,温瑞安
27396,丁小发,未知,温瑞安
27397,红牌红姑,未知,温瑞安
27398,倪三娘,未知,温瑞安
27399,香姑,未知,温瑞安
27400,楼满花,未知,温瑞安
27401,梁婆娘,未知,温瑞安
27402,小气,未知,温瑞安
27403,小灯,未知,温瑞安
27404,花中花,未知,温瑞安
27405,杜爱花,未知,温瑞安
27406,玉板白,未知,温瑞安
27407,月仙,未知,温瑞安
27408,鸾喜,未知,温瑞安
27409,李姥,未知,温瑞安
27410,白牡丹,未知,温瑞安
27411,徐婆惜,未知,温瑞安
27412,封宜奴,未知,温瑞安
27413,孙三四,未知,温瑞安
27414,张小唱,未知,温瑞安
27415,水仙,未知,温瑞安
27416,于春勇,未知,温瑞安
27417,老爹,未知,温瑞安
27418,阿笨,未知,温瑞安
27419,梅大善人,未知,温瑞安
27420,陈今示,未知,温瑞安
27421,梁氏,未知,温瑞安
27422,叶金童,未知,温瑞安
27423,余氏,未知,温瑞安
27424,囡囡,未知,温瑞安
27425,周敏,未知,温瑞安
27426,尤独虎,未知,温瑞安
27427,罗勃高,未知,温瑞安
27428,庄老波,未知,温瑞安
27429,周升,未知,温瑞安
27430,但寡妇,未知,温瑞安
27431,卜老大,未知,温瑞安
27432,余春,未知,温瑞安
27433,吴成材,未知,温瑞安
27434,哈大马,未知,温瑞安
27435,孙叫机,未知,温瑞安
27436,乔青虎,未知,温瑞安
27437,何永华,未知,温瑞安
27438,乔旋东,未知,温瑞安
27439,乔玉凤,未知,温瑞安
27440,袁浩恩,未知,温瑞安
27441,胡仲荣,未知,温瑞安
27442,袁纯恩,未知,温瑞安
27443,胡宗荣,未知,温瑞安
27444,程分,未知,温瑞安
27445,梁丙寅,未知,温瑞安
27446,蔡嫣姐,未知,温瑞安
27447,姜任庭,未知,温瑞安
27448,姜瑞平,未知,温瑞安
27449,寒亭君,未知,温瑞安
27450,仓媪君,未知,温瑞安
27451,万里平原,未知,温瑞安
27452,陶百窗,未知,温瑞安
27453,恭文羽,未知,温瑞安
27454,麦当豪,未知,温瑞安
27455,柳随风,未知,温瑞安
27456,钱山谷,未知,温瑞安
27457,商天良,未知,温瑞安
27458,燕沉舟,未知,温瑞安
27459,左天德,未知,温瑞安
27460,应欺天,未知,温瑞安
27461,宋明珠,未知,温瑞安
27462,莫艳霞,未知,温瑞安
27463,高似兰,未知,温瑞安
27464,冷笑卿,未知,温瑞安
27465,水柔心,未知,温瑞安
27466,白丹书,未知,温瑞安
27467,蓝放晴,未知,温瑞安
27468,孙金猿,未知,温瑞安
27469,沈潜龙,未知,温瑞安
27470,屈寒山,未知,温瑞安
27471,兆秋息,未知,温瑞安
27472,莫非冤,未知,温瑞安
27473,阴公,未知,温瑞安
27474,祖金殿,未知,温瑞安
27475,鞠秀山,未知,温瑞安
27476,唐君伤,未知,温瑞安
27477,公共工,未知,温瑞安
27478,邓玉平,未知,温瑞安
27479,官古书,未知,温瑞安
27480,蛇王老人,未知,温瑞安
27481,蛇王少女,未知,温瑞安
27482,华孤坟,未知,温瑞安
27483,南宫松篁,未知,温瑞安
27484,康出渔,未知,温瑞安
27485,康劫生,未知,温瑞安
27486,盛江北,未知,温瑞安
27487,盛文隆,未知,温瑞安
27488,左常生,未知,温瑞安
27489,钟壹窟,未知,温瑞安
27490,钟无离,未知,温瑞安
27491,柳有孔,未知,温瑞安
27492,柳双洞,未知,温瑞安
27493,傅天义,未知,温瑞安
27494,英剑波,未知,温瑞安
27495,何昆,未知,温瑞安
27496,秤千金,未知,温瑞安
27497,管八方,未知,温瑞安
27498,孔扬泰,未知,温瑞安
27499,江秀音,未知,温瑞安
27500,登雕梁,未知,温瑞安
27501,温艳阳,未知,温瑞安
27502,孙人屠,未知,温瑞安
27503,齐青峰,未知,温瑞安
27504,穆浪山,未知,温瑞安
27505,厉雪花,未知,温瑞安
27506,堂三绝,未知,温瑞安
27507,辛虎丘,未知,温瑞安
27508,辛妙常,未知,温瑞安
27509,蔡泣神,未知,温瑞安
27510,余哭余,未知,温瑞安
27511,余不笑,未知,温瑞安
27512,余笑不,未知,温瑞安
27513,余我吾,未知,温瑞安
27514,沙千灯,未知,温瑞安
27515,沙风,未知,温瑞安
27516,沙云,未知,温瑞安
27517,沙电,未知,温瑞安
27518,沙雷,未知,温瑞安
27519,彭九,未知,温瑞安
27520,吴明,未知,温瑞安
27521,杜绝,未知,温瑞安
27522,五马分尸,未知,温瑞安
27523,顾环青,未知,温瑞安
27524,老李,未知,温瑞安
27525,阎鬼鬼,未知,温瑞安
27526,石判官,未知,温瑞安
27527,索判官,未知,温瑞安
27528,安判官,未知,温瑞安
27529,向判官,未知,温瑞安
27530,铁判官,未知,温瑞安
27531,茅判官,未知,温瑞安
27532,柳千变,未知,温瑞安
27533,戚常戚,未知,温瑞安
27534,梁消暑,未知,温瑞安
27535,狮公,未知,温瑞安
27536,虎婆,未知,温瑞安
27537,朱大天王,未知,温瑞安
27538,朱侠武,未知,温瑞安
27539,朱顺水,未知,温瑞安
27540,左丘超然,未知,温瑞安
27541,娄小叶,未知,温瑞安
27542,杭八,未知,温瑞安
27543,章残金,未知,温瑞安
27544,万碎玉,未知,温瑞安
27545,邵流泪,未知,温瑞安
27546,祁十九,未知,温瑞安
27547,诸序中,未知,温瑞安
27548,居正,未知,温瑞安
27549,卞晓风,未知,温瑞安
27550,雍希羽,未知,温瑞安
27551,巫杀,未知,温瑞安
27552,余杀,未知,温瑞安
27553,苏杀,未知,温瑞安
27554,敖杀,未知,温瑞安
27555,龚杀,未知,温瑞安
27556,苗杀,未知,温瑞安
27557,常无奇,未知,温瑞安
27558,孟东林,未知,温瑞安
27559,字文栋,未知,温瑞安
27560,金北望,未知,温瑞安
27561,薛金英,未知,温瑞安
27562,符永祥,未知,温瑞安
27563,战其力,未知,温瑞安
27564,荣林,未知,温瑞安
27565,靳钦,未知,温瑞安
27566,左丘道亭,未知,温瑞安
27567,项释儒,未知,温瑞安
27568,萧栖梧,未知,温瑞安
27569,萧西楼,未知,温瑞安
27570,孙慧珊,未知,温瑞安
27571,张长弓,未知,温瑞安
27572,唐大,未知,温瑞安
27573,邓玉函,未知,温瑞安
27574,孟相逢,未知,温瑞安
27575,孔别离,未知,温瑞安
27576,萧易人,未知,温瑞安
27577,萧开雁,未知,温瑞安
27578,萧雪鱼,未知,温瑞安
27579,树林,未知,温瑞安
27580,阵风,未知,温瑞安
27581,穿心,未知,温瑞安
27582,白云,未知,温瑞安
27583,悲愤,未知,温瑞安
27584,彩衣,未知,温瑞安
27585,归原,未知,温瑞安
27586,燕君,未知,温瑞安
27587,张临意,未知,温瑞安
27588,萧东广,未知,温瑞安
27589,齐公子,未知,温瑞安
27590,曲剑池,未知,温瑞安
27591,孔扬秦,未知,温瑞安
27592,天正,未知,温瑞安
27593,抱残,未知,温瑞安
27594,木叶,未知,温瑞安
27595,豹象,未知,温瑞安
27596,龙虎,未知,温瑞安
27597,木蝶,未知,温瑞安
27598,木蝉,未知,温瑞安
27599,血影,未知,温瑞安
27600,天斗,未知,温瑞安
27601,天象,未知,温瑞安
27602,铁心,未知,温瑞安
27603,和尚大师,未知,温瑞安
27604,地极,未知,温瑞安
27605,天目,未知,温瑞安
27606,地眼,未知,温瑞安
27607,狗尾,未知,温瑞安
27608,续貂,未知,温瑞安
27609,托钵头陀,未知,温瑞安
27610,太禅,未知,温瑞安
27611,守阙,未知,温瑞安
27612,笑笑,未知,温瑞安
27613,祭无朋,未知,温瑞安
27614,卓非凡,未知,温瑞安
27615,卓劲秋,未知,温瑞安
27616,铁骑,未知,温瑞安
27617,银瓶,未知,温瑞安
27618,九疑,未知,温瑞安
27619,九死,未知,温瑞安
27620,九生,未知,温瑞安
27621,白如欣,绿武,温瑞安
27622,周白字,绿武,温瑞安
27623,杨延昭,蓝色,杨家将
27624,杨延嗣,绿武,杨家将
27625,畲赛花,蓝色,杨家将
27626,萧燕燕,绿文,杨家将
27627,穆桂英,绿武,杨家将
27628,杨延平,绿武,杨家将
27629,杨延定,绿色,杨家将
27630,杨延安,绿色,杨家将
27631,杨延辉,绿武,杨家将
27632,杨延德,绿武,杨家将
27633,韩昌,蓝色！,杨家将
27634,乌铁头,绿色,杨家将
27635,乌铁背,绿武,杨家将
27636,耶律奇,绿武,杨家将
27637,杨宗保,绿武,杨家将
27638,天庆王,绿武,杨家将
27639,王兰英,绿色,杨家将
27640,杨八姐,绿色,杨家将
27641,杨九妹,绿武,杨家将
27642,陶三春,绿武,杨家将
27643,呼灵君,绿色,杨家将
27644,潘仁美,绿色,杨家将
27645,柴郡主,绿色,杨家将
27646,潘龙,绿武,杨家将
27647,潘虎,绿武,杨家将
27648,潘豹,绿色,杨家将
27649,王强,绿色,杨家将
27650,佘赛花,绿武,杨家将
27651,杨继业,绿武,杨家将
27652,张仲景,紫文,医生
27653,刘完素,蓝文,医生
27654,张从正,蓝文!,医生
27655,李杲,蓝文,医生
27656,朱震亨,蓝文,医生
27657,张志聪,蓝文,医生
27658,余霖,绿文,医生
27659,孙一奎,蓝文,医生
27660,滑寿,绿文,医生
27661,巢元方,绿文,医生
27662,王叔和,绿文,医生
27663,朱肱,绿文,医生
27664,汪机,绿文,医生
27665,陈实功,绿文,医生
27666,曾懿,绿文,医生
27667,许胤宗,绿文,医生
27668,吴谦,绿文,医生
27669,王惟一,绿文,医生
27670,神农氏,蓝色,医生
27671,淳于意,绿文,医生
27672,鲍潜光,蓝文,医生
27673,秦鸣鹤,绿色,医生
27674,甄权,绿文,医生
27675,甄立言,绿文,医生
27676,郭玉,绿色,医生
27677,雷斆,绿色,医生
27678,全元起,蓝文,医生
27679,徐之才,绿文,医生
27680,张宝藏,蓝文,医生
27681,张文仲,绿文,医生
27682,韦讯,蓝文,医生
27683,鉴真,紫文,医生
27684,王冰,绿色,医生
27685,甘伯宗,绿色,医生
27686,昝殷,绿文,医生
27687,李珣,绿文,医生
27688,韩保升,绿文,医生
27689,林亿,绿文,医生
27690,唐慎微,绿文,医生
27691,苏颂,绿文,医生
27692,沈括,蓝文,医生
27693,许叔微,绿文,医生
27694,成无己,绿文,医生
27695,王履,绿色,医生
27696,戴思恭,绿文,医生
27697,危亦林,绿文,医生
27698,忽思慧,绿色,医生
27699,王好古,蓝文,医生
27700,罗天益,绿色,医生
27701,窦默,绿色,医生
27702,张元素,绿文,医生
27703,陈自明,绿文,医生
27704,张子和,绿文,医生
27705,宇陀宇玛·元丹贡布,蓝文,医生
27706,薛己,绿文,医生
27707,万全,绿色,医生
27708,高武,绿色,医生
27709,徐春甫,绿文,医生
27710,龚廷贤,绿色,医生
27711,方有执,绿色,医生
27712,杨济时,绿文,医生
27713,王肯堂,绿文,医生
27714,吴昆,绿色,医生
27715,缪希雍,绿色,医生
27716,李延,绿文,医生
27717,尤怡,绿色,医生
27718,薛雪,绿文,医生
27719,徐大椿,紫文,医生
27720,赵学敏,绿文,医生
27721,承淡安,绿文,医生
27722,祝味菊,绿文,医生
27723,施今墨,绿文,医生
27724,唐宗海,绿文,医生
27725,费伯雄,绿文,医生
27726,王旭高,绿文,医生
27727,王士雄,绿色,医生
27728,喻昌,绿色,医生
27729,张璐,绿文,医生
27730,沈之问,绿文,医生
27731,李中梓,绿色,医生
27732,赵献可,绿色,医生
27733,汪昂,绿文,医生
27734,段玉,紫武,[神农]宝箱任务
27735,萧少英,紫文,[神农]宝箱任务
27736,狄青麟,紫武,蚩尤卡任务
27737,杨挣,紫文,蚩尤卡任务
27738,黄麒英,绿武,广东十虎
27739,梁坤,绿武,广东十虎
27740,王隐林,蓝武,广东十虎
27741,黄澄可,蓝武,广东十虎
27742,苏黑虎,蓝武,广东十虎
27743,黎仁超,蓝武,广东十虎
27744,苏灿,蓝武,广东十虎
27745,周泰,蓝武！,广东十虎
27746,陈长泰,蓝武,广东十虎
27747,谭济均,蓝武,广东十虎
27748,黑山老妖,紫武,好人卡Ⅱ任务
27749,燕赤霞,紫文,好人卡Ⅱ任务
27750,聂小倩,紫文,好人卡Ⅱ任务
27751,树妖姥姥,蓝武,好人卡Ⅱ任务
27752,宁采臣,蓝文,好人卡Ⅱ任务
27753,法海,紫文,好人卡Ⅲ任务
27754,白素贞,紫武,好人卡Ⅲ任务
27755,许仙,蓝文,好人卡Ⅲ任务
27756,小青,蓝武,好人卡Ⅲ任务
27757,祝英台,紫文,好人卡任务
27758,梁山伯,蓝文,好人卡任务
27759,马文才,绿文,好人卡任务
27760,杨万选,未知,近代
27761,李守范,未知,近代
27762,李保榘,未知,近代
27763,李保德,未知,近代
27764,毛登岭,未知,近代
27765,魏法唐,未知,近代
27766,申鸿渐,未知,近代
27767,杨耕心,未知,近代
27768,张敬文,未知,近代
27769,王寅生,未知,近代
27770,岳舜卿,未知,近代
27771,朱华亭,未知,近代
27772,朱庆荣,未知,近代
27773,朱景容,未知,近代
27774,王福昌,未知,近代
27775,王伯谨,未知,近代
27776,王敬传,未知,近代
27777,魏金銮,未知,近代
27778,徐翼,未知,近代
27779,张冠军,未知,近代
27780,宋长生,未知,近代
27781,惠世温,未知,近代
27782,惠世良,未知,近代
27783,惠世恭,未知,近代
27784,惠安兰,未知,近代
27785,惠永正,未知,近代
27786,惠伊深,未知,近代
27787,惠孝同,未知,近代
27788,惠世炜,未知,近代
27789,惠玉昆,未知,近代
27790,惠俊岐,未知,近代
27791,惠鼎民,未知,近代
27792,惠芳,未知,近代
27793,惠氍,未知,近代
27794,惠易堂,未知,近代
27795,邹容,未知,近代
27796,赵一曼,未知,近代
27797,刘湘,未知,近代
27798,王铭章,未知,近代
27799,邱少云,未知,近代
27800,熊希龄,未知,近代
27801,黄兴,未知,近代
27802,蔡锷,未知,近代
27803,彭德怀,未知,近代
27804,贺龙,未知,近代
27805,罗荣恒,未知,近代
27806,杨昌济,未知,近代
27807,徐特立,未知,近代
27808,章士钊,未知,近代
27809,成仿吾,未知,近代
27810,蔡和森,未知,近代
27811,邓中夏,未知,近代
27812,何叔衡,未知,近代
27813,杨开慧,未知,近代
27814,雷锋,未知,近代
27815,毛泽东,未知,近代
27816,胡耀邦,未知,近代
27817,任弼时,未知,近代
27818,齐白石,未知,近代
27819,丁玲,未知,近代
27820,田汉,未知,近代
27821,张天翼,未知,近代
27822,立波,未知,近代
27823,廖沫沙,未知,近代
27824,杨沫,未知,近代
27825,欧阳予倩,未知,近代
27826,贺绿汀,未知,近代
27827,周谷城,未知,近代
27828,黎元洪,未知,近代
27829,曹锟,未知,近代
27830,靳云鹏,未知,近代
27831,韩幹,绿文,唐朝
27832,倪嗣冲,未知,近代
27833,鲍贵卿,未知,近代
27834,孙传芳,未知,近代
27835,张作霖,未知,近代
27836,华罗庚,未知,近代
27837,周小川,未知,近代
27838,张爱萍,未知,近代
27839,张翔,未知,近代
27840,刘东明,未知,近代
27841,潘菽,未知,近代
27842,邵鸿,未知,近代
27843,傅小兰,未知,近代
27844,张侃,未知,近代
27845,王树声,未知,近代
27846,王鲁光,未知,近代
27847,文怀沙,未知,近代
27848,雷洁琼,未知,近代
27849,佟志广,未知,近代
27850,沙祖康,未知,近代
27851,黄兴维,未知,近代
27852,江青,未知,近代
27853,冯玉祥,未知,近代
27854,王世杰,未知,近代
27855,斯霞,未知,近代
27856,许国璋,未知,近代
27857,邵洵美,未知,近代
27858,陈毅,未知,近代
27859,刘伯承,未知,近代
27860,施桢,未知,近代
27861,潘玉良,未知,近代
27862,姚冶城,未知,近代
27863,小凤仙,未知,近代
27864,嵯峨浩,未知,近代
27865,慧生,未知,近代
27866,润麒,未知,近代
27867,万嘉熙,未知,近代
27868,毓赡,未知,近代
27869,溥任,未知,近代
27870,金友之,未知,近代
27871,韫娴,未知,近代
27872,韫欢,未知,近代
27873,韫馨,未知,近代
27874,韫娱,未知,近代
27875,韫颖,未知,近代
27876,嫮生,未知,近代
27877,叶祖孚,未知,近代
27878,马克西默斯,紫色,竞技活动
27879,康莫德斯,蓝色,竞技活动
27880,斯巴诺亚,绿色,竞技活动
27881,蒲巴乙,蓝武!,蒲巴乙卡合成
27882,敬懿妃,绿文,清朝
27883,童先生,未知,任务关主
27884,武师教头,未知,任务关主
27885,单于,未知,任务关主
27886,圣诞悠悠,绿武,圣诞活动
27887,圣诞嘻嘻,绿色!,圣诞活动
27888,圣诞木吉,绿色!,圣诞活动
27889,鲁道夫,绿武,圣诞活动
27890,圣诞Mr.Pig,绿武,圣诞活动
27891,圣诞老人,紫武,圣诞活动
27892,利玛窦,紫武,圣诞活动
27893,桑丘,蓝武,圣诞活动
27894,玉兔,绿武,特殊非唯一
27895,财神,紫武,特殊非唯一
27896,大财神,紫武,特殊非唯一
27897,小财神,蓝文,特殊非唯一
27898,金童,绿武,特殊非唯一
27899,玉女,绿武,特殊非唯一
27900,灯神,紫武,特殊非唯一
27901,戒神,蓝武,特殊非唯一
27902,镯神,绿武,特殊非唯一
27903,织田信长,紫武,天下布武任务
27904,前田庆次,紫武,天下布武任务
27905,明智光秀,紫武,天下布武任务
27906,九鬼嘉隆,紫武,天下布武任务
27907,佐佐成政,紫武,天下布武任务
27908,泷川一益,紫武,天下布武任务
27909,前田利家,紫武,天下布武任务
27910,森可成,紫文,天下布武任务
27911,柴田胜家,紫武,天下布武任务
27912,丹羽长秀,紫文,天下布武任务
27913,森兰丸,蓝色,天下布武任务
27914,任朵朵,红武,网络红人
27915,黄晶晶,红武,网络红人
27916,严宁宁,红武,网络红人
27917,黄庆芳,红武,网络红人
27918,吴宏,红武,网络红人
27919,王素坤,红武,网络红人
27920,朱克,红武,网络红人
27921,朱宁,红武,网络红人
27922,李曼筠,红武,网络红人
27923,修罗古蝶,红武,网络红人
27924,叶毅仁,红武,网络红人
27925,丁喜,紫武,轩辕卡任务
27926,小马,紫武,轩辕卡任务
27927,高立,紫武,炎帝卡任务
27928,秋凤梧,紫文,炎帝卡任务
27929,爱德华,紫武!,羊系天赋
27930,姚大明,紫武,运动卡任务
27931,刘飞翔,紫武,运动卡任务
27932,郭小晶,紫文,运动卡任务
27933,嫦娥,紫文!,中秋活动
27934,吴刚,蓝武,中秋活动
27935,月兔,绿武,中秋活动
27936,罗密欧,紫武,情人节任务
27937,朱丽叶,紫文,情人节任务
27938,帕里斯,蓝色,情人节任务
27939,列昂那多,绿色,情人节任务
27940,梅千幡,绿色,未知
27941,萨都刺,绿色,文学
27942,琼华长公主,绿文,五代十国
27943,庆宜公主,绿文,元金
27944,栖霞公主,绿文,明朝
27945,靖端公主,绿文,清朝
27946,继妃,绿文,清朝
27947,获嘉公主,绿文,汉朝
27948,黄皇室主,绿文,汉朝
27949,和硕懿靖公主,绿文,清朝
27950,和硕婉和公主,绿文,清朝
27951,和硕恪靖公主,绿文,清朝
27952,国长公主,绿文,辽国
27953,固伦纯懿公主,绿文,清朝
27954,恭懿公主,绿文,清朝
27955,恭献贤妃,绿文,清朝
27956,川岛芳子,绿文,清朝
27957,成穆贵妃,绿文,清朝
27958,弘农郡公主,绿文,晋朝
27959,赛典赤·瞻思丁,绿文,元朝
27960,志盘,绿文,宋朝
27961,衮代,绿文,清朝
27962,亚子,紫武,英雄救美任务
27963,小美,蓝武,英雄救美任务
27964,花枝,绿武,英雄救美任务
27965,貂蝉,橙色,豪杰美人包
27966,阿布,紫色,豪杰美人包
27967,秦王子嬰,绿文,秦朝
27968,愚公,紫武,劳动节活动
27969,宇陀宁玛·元丹贡布,蓝文,医生
27970,恶来,紫色,姓氏传说之“李”任务
27971,李利贞,紫色,姓氏传说之“李”任务
27972,公孙衍,紫色,姓氏传说之“张”任务
27973,张虏,紫色,姓氏传说之“张”任务
27974,徐戎须,紫色,姓氏传说之“赵”任务
27975,造父,紫色,姓氏传说之“赵”任务
27976,陈晓筠.私,紫文,1区任务
27977,黄健兴.私,绿武,1区任务
27978,李岩.私,绿文,1区任务
27979,李宗仁.私,绿武,1区任务
27980,斯大林.私,蓝武,1区任务
27981,严涵.私,紫武,1区任务
27982,叶毅仁.私,绿武,1区任务
27983,朱斌.私,蓝文,1区任务
27984,阿妙.私,紫色,99宿舍
27985,傲雄天下.私,紫色,99宿舍
27986,橙色宝宝.私,绿色,99宿舍
27987,黑侠.私,蓝色,99宿舍
27988,幻舞.私,蓝色,99宿舍
27989,可爱朋.私,绿色,99宿舍
27990,石头.私,蓝色,99宿舍
27991,淘气豪.私,绿色,99宿舍
27992,小莫.私,绿色,99宿舍
27993,羊白劳.私,绿色,99宿舍
27994,曹正淳,蓝武,明朝
27995,姜瓖,绿武,明朝
27996,同治（毅）皇帝,绿文,清朝
27997,庄静妃,绿文,清朝
27998,班伏里奥,未知,特殊非唯一
27999,华伦泰,未知,特殊非唯一
28000,凯普莱特,未知,特殊非唯一
28001,克劳迪斯,未知,特殊非唯一
28002,麦希穆斯,紫色,特殊非唯一
28003,茂丘西奥,未知,特殊非唯一
28004,蒙太古,未知,特殊非唯一
28005,提伯尔特,未知,特殊非唯一
28006,孙阿牛,绿色,招贤纳士任务
28007,牛郎,紫文,牛郎织女鹊桥会
28008,织女,紫文,牛郎织女鹊桥会
28009,屠飞,绿色,古龙
28010,康惠淑妃,绿文,清朝
28011,图伦荣宪公主,绿文,清朝
28012,公冶乾,绿文,金庸
28013,蜡笔小新,紫色,任务
28014,恒景,紫文,任务
